task,task_type,model,seed,seq_len,epochs,bsz,primary,metrics_json
re3d,ner,ConfliBERT-2021,123,128,5,16,0.60976,"{""f1_micro"": 0.6097560975609756, ""f1_macro"": 0.29070576323404657, ""precision"": 0.5625, ""recall"": 0.665680473372781, ""acc"": 0.8586646376260224, ""primary"": 0.6097560975609756, ""lr"": 2e-05, ""dev_primary"": 0.61592}"
re3d,ner,ConfliBERT-2021,123,128,5,16,0.63563,"{""f1_micro"": 0.6356275303643724, ""f1_macro"": 0.392730936981634, ""precision"": 0.5843672456575683, ""recall"": 0.6967455621301775, ""acc"": 0.8742628875784668, ""primary"": 0.6356275303643724, ""lr"": 3e-05, ""dev_primary"": 0.66667}"
re3d,ner,ConfliBERT-2021,123,128,5,16,0.67973,"{""f1_micro"": 0.6797297297297298, ""f1_macro"": 0.5627062827856317, ""precision"": 0.6256218905472637, ""recall"": 0.7440828402366864, ""acc"": 0.8913829180140764, ""primary"": 0.6797297297297298, ""lr"": 5e-05, ""dev_primary"": 0.68947}"
re3d,ner,ConfliBERT-2021,123,128,5,16,0.66756,"{""f1_micro"": 0.6675567423230976, ""f1_macro"": 0.5467879313481061, ""precision"": 0.6082725060827251, ""recall"": 0.7396449704142012, ""acc"": 0.8892904698497242, ""primary"": 0.6675567423230976, ""lr"": 8e-05, ""dev_primary"": 0.70588}"
re3d,ner,ConfliBERT-2021,124,128,5,16,0.68929,"{""f1_micro"": 0.6892880904856953, ""f1_macro"": 0.5825898525620288, ""precision"": 0.626360338573156, ""recall"": 0.7662721893491125, ""acc"": 0.8929046984972417, ""primary"": 0.6892880904856953, ""lr"": 8e-05, ""dev_primary"": 0.71883}"
re3d,ner,ConfliBERT-2021,125,128,5,16,0.69548,"{""f1_micro"": 0.6954760297096555, ""f1_macro"": 0.5565449711910335, ""precision"": 0.639751552795031, ""recall"": 0.7618343195266272, ""acc"": 0.8919535856952635, ""primary"": 0.6954760297096555, ""lr"": 8e-05, ""dev_primary"": 0.71802}"
re3d,ner,ConfliBERT-v2-native,123,128,5,16,0.42734,"{""f1_micro"": 0.42733908427339085, ""f1_macro"": 0.22620425488437101, ""precision"": 0.38748495788206977, ""recall"": 0.47633136094674555, ""acc"": 0.8301635602890833, ""primary"": 0.42733908427339085, ""lr"": 2e-05, ""dev_primary"": 0.38961}"
re3d,ner,ConfliBERT-v2-native,123,128,5,16,0.46533,"{""f1_micro"": 0.46532728451069344, ""f1_macro"": 0.2802703718422761, ""precision"": 0.4140715109573241, ""recall"": 0.5310650887573964, ""acc"": 0.8501331304678585, ""primary"": 0.46532728451069344, ""lr"": 3e-05, ""dev_primary"": 0.48971}"
re3d,ner,ConfliBERT-v2-native,123,128,5,16,0.55957,"{""f1_micro"": 0.5595716198125836, ""f1_macro"": 0.4239973659186309, ""precision"": 0.511002444987775, ""recall"": 0.6183431952662722, ""acc"": 0.8585013313046785, ""primary"": 0.5595716198125836, ""lr"": 5e-05, ""dev_primary"": 0.568}"
re3d,ner,ConfliBERT-v2-native,123,128,5,16,0.61194,"{""f1_micro"": 0.6119402985074627, ""f1_macro"": 0.5077893816797409, ""precision"": 0.5651629072681704, ""recall"": 0.6671597633136095, ""acc"": 0.8733358691517688, ""primary"": 0.6119402985074627, ""lr"": 8e-05, ""dev_primary"": 0.6653}"
re3d,ner,ConfliBERT-v2-native,124,128,5,16,0.64411,"{""f1_micro"": 0.6441136671177268, ""f1_macro"": 0.5095605884198449, ""precision"": 0.5935162094763092, ""recall"": 0.7041420118343196, ""acc"": 0.8792316470140737, ""primary"": 0.6441136671177268, ""lr"": 8e-05, ""dev_primary"": 0.64276}"
re3d,ner,ConfliBERT-v2-native,125,128,5,16,0.63029,"{""f1_micro"": 0.6302864938608458, ""f1_macro"": 0.4907007001170706, ""precision"": 0.5848101265822785, ""recall"": 0.6834319526627219, ""acc"": 0.8813236972232789, ""primary"": 0.6302864938608458, ""lr"": 8e-05, ""dev_primary"": 0.65892}"
IndiaPoliceEvents_docs,multilabel,ConfliBERT-2021,123,512,5,16,0.65361,"{""eb_f1"": 0.6536134453781511, ""eb_acc"": 0.6127450980392157, ""eb_prec"": 0.8206018518518517, ""eb_rec"": 0.7142857142857142, ""f1_micro"": 0.75, ""f1_macro"": 0.5503805175038051, ""primary"": 0.6536134453781511, ""lr"": 2e-05, ""dev_primary"": 0.68048}"
IndiaPoliceEvents_docs,multilabel,ConfliBERT-2021,123,512,5,16,0.70069,"{""eb_f1"": 0.7006884681583476, ""eb_acc"": 0.6596385542168675, ""eb_prec"": 0.8391203703703703, ""eb_rec"": 0.7662337662337662, ""f1_micro"": 0.7844827586206896, ""f1_macro"": 0.6347754400530177, ""primary"": 0.7006884681583476, ""lr"": 3e-05, ""dev_primary"": 0.73179}"
IndiaPoliceEvents_docs,multilabel,ConfliBERT-2021,123,512,5,16,0.73837,"{""eb_f1"": 0.7383662408052651, ""eb_acc"": 0.6977642276422764, ""eb_prec"": 0.8548611111111112, ""eb_rec"": 0.8095238095238094, ""f1_micro"": 0.8151260504201681, ""f1_macro"": 0.7393156130864696, ""primary"": 0.7383662408052651, ""lr"": 5e-05, ""dev_primary"": 0.76083}"
IndiaPoliceEvents_docs,multilabel,ConfliBERT-2021,123,512,5,16,0.70443,"{""eb_f1"": 0.7044296788482833, ""eb_acc"": 0.6724806201550387, ""eb_prec"": 0.7889610389610391, ""eb_rec"": 0.8149350649350648, ""f1_micro"": 0.8114754098360656, ""f1_macro"": 0.7280639972175121, ""primary"": 0.7044296788482833, ""lr"": 8e-05, ""dev_primary"": 0.72485}"
IndiaPoliceEvents_docs,multilabel,ConfliBERT-2021,124,512,5,16,0.68946,"{""eb_f1"": 0.6894557823129251, ""eb_acc"": 0.6527777777777777, ""eb_prec"": 0.84375, ""eb_rec"": 0.7543290043290044, ""f1_micro"": 0.7913043478260869, ""f1_macro"": 0.7001143613819669, ""primary"": 0.6894557823129251, ""lr"": 5e-05, ""dev_primary"": 0.75301}"
IndiaPoliceEvents_docs,multilabel,ConfliBERT-2021,125,512,5,16,0.69585,"{""eb_f1"": 0.6958543417366947, ""eb_acc"": 0.6529411764705882, ""eb_prec"": 0.7905405405405406, ""eb_rec"": 0.8181818181818181, ""f1_micro"": 0.7936507936507936, ""f1_macro"": 0.6861439312567132, ""primary"": 0.6958543417366947, ""lr"": 5e-05, ""dev_primary"": 0.76722}"
IndiaPoliceEvents_docs,multilabel,ConfliBERT-v2-native,123,512,5,16,0.61613,"{""eb_f1"": 0.6161344537815125, ""eb_acc"": 0.5792156862745097, ""eb_prec"": 0.8059701492537313, ""eb_rec"": 0.6969696969696969, ""f1_micro"": 0.7433628318584071, ""f1_macro"": 0.6354249933386624, ""primary"": 0.6161344537815125, ""lr"": 2e-05, ""dev_primary"": 0.66521}"
IndiaPoliceEvents_docs,multilabel,ConfliBERT-v2-native,123,512,5,16,0.59804,"{""eb_f1"": 0.5980392156862745, ""eb_acc"": 0.5637254901960784, ""eb_prec"": 0.8, ""eb_rec"": 0.6753246753246753, ""f1_micro"": 0.7232142857142857, ""f1_macro"": 0.6272146512770725, ""primary"": 0.5980392156862745, ""lr"": 3e-05, ""dev_primary"": 0.68565}"
IndiaPoliceEvents_docs,multilabel,ConfliBERT-v2-native,123,512,5,16,0.62479,"{""eb_f1"": 0.6247947454844006, ""eb_acc"": 0.5852490421455938, ""eb_prec"": 0.7777777777777778, ""eb_rec"": 0.7196969696969696, ""f1_micro"": 0.7445887445887446, ""f1_macro"": 0.6564685314685315, ""primary"": 0.6247947454844006, ""lr"": 5e-05, ""dev_primary"": 0.67937}"
IndiaPoliceEvents_docs,multilabel,ConfliBERT-v2-native,123,512,5,16,0.66817,"{""eb_f1"": 0.668167701863354, ""eb_acc"": 0.6275362318840579, ""eb_prec"": 0.7468253968253968, ""eb_rec"": 0.8246753246753246, ""f1_micro"": 0.768, ""f1_macro"": 0.6443714022957184, ""primary"": 0.668167701863354, ""lr"": 8e-05, ""dev_primary"": 0.66962}"
IndiaPoliceEvents_docs,multilabel,ConfliBERT-v2-native,124,512,5,16,0.61637,"{""eb_f1"": 0.6163656267104543, ""eb_acc"": 0.5699233716475095, ""eb_prec"": 0.7374429223744292, ""eb_rec"": 0.7391774891774892, ""f1_micro"": 0.7272727272727273, ""f1_macro"": 0.6313393778564057, ""primary"": 0.6163656267104543, ""lr"": 3e-05, ""dev_primary"": 0.6389}"
IndiaPoliceEvents_docs,multilabel,ConfliBERT-v2-native,125,512,5,16,0.62875,"{""eb_f1"": 0.6287477954144621, ""eb_acc"": 0.5903292181069958, ""eb_prec"": 0.8571428571428571, ""eb_rec"": 0.6525974025974026, ""f1_micro"": 0.7230046948356808, ""f1_macro"": 0.5705349236468782, ""primary"": 0.6287477954144621, ""lr"": 3e-05, ""dev_primary"": 0.63873}"
insightCrime,multilabel,ConfliBERT-2021,123,512,5,8,0.67749,"{""eb_f1"": 0.6774863387978142, ""eb_acc"": 0.6459016393442623, ""eb_prec"": 0.7682926829268293, ""eb_rec"": 0.7057109557109557, ""f1_micro"": 0.6964285714285714, ""f1_macro"": 0.6744773020030251, ""primary"": 0.6774863387978142, ""lr"": 2e-05, ""dev_primary"": 0.6947}"
insightCrime,multilabel,ConfliBERT-2021,123,512,5,8,0.67211,"{""eb_f1"": 0.6721132897603486, ""eb_acc"": 0.6356209150326797, ""eb_prec"": 0.7752613240418118, ""eb_rec"": 0.6993006993006993, ""f1_micro"": 0.6956521739130435, ""f1_macro"": 0.6873285987398978, ""primary"": 0.6721132897603486, ""lr"": 3e-05, ""dev_primary"": 0.72675}"
insightCrime,multilabel,ConfliBERT-2021,123,512,5,8,0.67255,"{""eb_f1"": 0.6725490196078432, ""eb_acc"": 0.636165577342048, ""eb_prec"": 0.7593856655290102, ""eb_rec"": 0.6998834498834499, ""f1_micro"": 0.6933333333333334, ""f1_macro"": 0.6895413218128033, ""primary"": 0.6725490196078432, ""lr"": 5e-05, ""dev_primary"": 0.73178}"
insightCrime,multilabel,ConfliBERT-2021,123,512,5,8,0.68269,"{""eb_f1"": 0.6826881720430107, ""eb_acc"": 0.646774193548387, ""eb_prec"": 0.7475083056478405, ""eb_rec"": 0.7313519813519813, ""f1_micro"": 0.7040229885057471, ""f1_macro"": 0.6878793467080383, ""primary"": 0.6826881720430107, ""lr"": 8e-05, ""dev_primary"": 0.7322}"
insightCrime,multilabel,ConfliBERT-2021,124,512,5,8,0.67738,"{""eb_f1"": 0.6773809523809523, ""eb_acc"": 0.6331168831168831, ""eb_prec"": 0.7482758620689656, ""eb_rec"": 0.747086247086247, ""f1_micro"": 0.7086834733893558, ""f1_macro"": 0.717928484036357, ""primary"": 0.6773809523809523, ""lr"": 8e-05, ""dev_primary"": 0.71917}"
insightCrime,multilabel,ConfliBERT-2021,125,512,5,8,0.68656,"{""eb_f1"": 0.6865573770491803, ""eb_acc"": 0.646448087431694, ""eb_prec"": 0.7554410080183276, ""eb_rec"": 0.7365967365967366, ""f1_micro"": 0.7094017094017094, ""f1_macro"": 0.7154720909102458, ""primary"": 0.6865573770491803, ""lr"": 8e-05, ""dev_primary"": 0.72913}"
insightCrime,multilabel,ConfliBERT-v2-native,123,512,5,8,0.66612,"{""eb_f1"": 0.6661184210526315, ""eb_acc"": 0.6244517543859649, ""eb_prec"": 0.7336769759450171, ""eb_rec"": 0.712121212121212, ""f1_micro"": 0.6866096866096866, ""f1_macro"": 0.6868242045795465, ""primary"": 0.6661184210526315, ""lr"": 2e-05, ""dev_primary"": 0.68923}"
insightCrime,multilabel,ConfliBERT-v2-native,123,512,5,8,0.66418,"{""eb_f1"": 0.6641774891774892, ""eb_acc"": 0.6195887445887446, ""eb_prec"": 0.7357305936073059, ""eb_rec"": 0.7237762237762237, ""f1_micro"": 0.692090395480226, ""f1_macro"": 0.6900707656634856, ""primary"": 0.6641774891774892, ""lr"": 3e-05, ""dev_primary"": 0.69949}"
insightCrime,multilabel,ConfliBERT-v2-native,123,512,5,8,0.66057,"{""eb_f1"": 0.6605664488017429, ""eb_acc"": 0.6160130718954249, ""eb_prec"": 0.7314814814814815, ""eb_rec"": 0.722027972027972, ""f1_micro"": 0.6918767507002801, ""f1_macro"": 0.697831869930835, ""primary"": 0.6605664488017429, ""lr"": 5e-05, ""dev_primary"": 0.71135}"
insightCrime,multilabel,ConfliBERT-v2-native,123,512,5,8,0.70252,"{""eb_f1"": 0.7025219298245614, ""eb_acc"": 0.6606359649122806, ""eb_prec"": 0.7497155858930603, ""eb_rec"": 0.7698135198135199, ""f1_micro"": 0.7290233837689133, ""f1_macro"": 0.7247506669066984, ""primary"": 0.7025219298245614, ""lr"": 8e-05, ""dev_primary"": 0.70412}"
insightCrime,multilabel,ConfliBERT-v2-native,124,512,5,8,0.65744,"{""eb_f1"": 0.6574375678610207, ""eb_acc"": 0.6167209554831704, ""eb_prec"": 0.7317073170731707, ""eb_rec"": 0.7179487179487178, ""f1_micro"": 0.6921985815602837, ""f1_macro"": 0.6875443594365647, ""primary"": 0.6574375678610207, ""lr"": 5e-05, ""dev_primary"": 0.7001}"
insightCrime,multilabel,ConfliBERT-v2-native,125,512,5,8,0.66394,"{""eb_f1"": 0.6639433551198257, ""eb_acc"": 0.6230936819172114, ""eb_prec"": 0.7570422535211268, ""eb_rec"": 0.7109557109557109, ""f1_micro"": 0.6929824561403509, ""f1_macro"": 0.6886293878775083, ""primary"": 0.6639433551198257, ""lr"": 5e-05, ""dev_primary"": 0.68957}"
satp_relevant,multilabel,ConfliBERT-2021,123,256,5,16,0.89256,"{""eb_f1"": 0.892560801144492, ""eb_acc"": 0.8648068669527897, ""eb_prec"": 0.9291845493562232, ""eb_rec"": 0.8826895565092989, ""f1_micro"": 0.8769230769230769, ""f1_macro"": 0.8484778774633847, ""primary"": 0.892560801144492, ""lr"": 2e-05, ""dev_primary"": 0.90216}"
satp_relevant,multilabel,ConfliBERT-2021,123,256,5,16,0.89685,"{""eb_f1"": 0.8968526466380542, ""eb_acc"": 0.871244635193133, ""eb_prec"": 0.9313304721030042, ""eb_rec"": 0.8869814020028612, ""f1_micro"": 0.8829174664107485, ""f1_macro"": 0.8541516939681171, ""primary"": 0.8968526466380542, ""lr"": 3e-05, ""dev_primary"": 0.90273}"
satp_relevant,multilabel,ConfliBERT-2021,123,256,5,16,0.8917,"{""eb_f1"": 0.8917024320457796, ""eb_acc"": 0.8633762517882689, ""eb_prec"": 0.919170243204578, ""eb_rec"": 0.8912732474964234, ""f1_micro"": 0.8771266540642723, ""f1_macro"": 0.8548398613338852, ""primary"": 0.8917024320457796, ""lr"": 5e-05, ""dev_primary"": 0.90273}"
satp_relevant,multilabel,ConfliBERT-2021,123,256,5,16,0.88312,"{""eb_f1"": 0.8831187410586552, ""eb_acc"": 0.8547925608011444, ""eb_prec"": 0.902002861230329, ""eb_rec"": 0.8912732474964234, ""f1_micro"": 0.8715083798882681, ""f1_macro"": 0.859657219446062, ""primary"": 0.8831187410586552, ""lr"": 8e-05, ""dev_primary"": 0.89842}"
satp_relevant,multilabel,ConfliBERT-2021,124,256,5,16,0.88255,"{""eb_f1"": 0.8825464949928469, ""eb_acc"": 0.8562231759656652, ""eb_prec"": 0.9055793991416309, ""eb_rec"": 0.8848354792560801, ""f1_micro"": 0.8721804511278195, ""f1_macro"": 0.8477817066364894, ""primary"": 0.8825464949928469, ""lr"": 3e-05, ""dev_primary"": 0.90129}"
satp_relevant,multilabel,ConfliBERT-2021,125,256,5,16,0.90114,"{""eb_f1"": 0.9011444921316166, ""eb_acc"": 0.8755364806866953, ""eb_prec"": 0.9313304721030042, ""eb_rec"": 0.8955650929899857, ""f1_micro"": 0.8876190476190476, ""f1_macro"": 0.8611518702424938, ""primary"": 0.9011444921316166, ""lr"": 3e-05, ""dev_primary"": 0.89928}"
satp_relevant,multilabel,ConfliBERT-v2-native,123,256,5,16,0.86753,"{""eb_f1"": 0.8675250357653791, ""eb_acc"": 0.8340486409155936, ""eb_prec"": 0.901580459770115, ""eb_rec"": 0.8705293276108725, ""f1_micro"": 0.8522727272727273, ""f1_macro"": 0.8286165813883106, ""primary"": 0.8675250357653791, ""lr"": 2e-05, ""dev_primary"": 0.88836}"
satp_relevant,multilabel,ConfliBERT-v2-native,123,256,5,16,0.8774,"{""eb_f1"": 0.8773962804005723, ""eb_acc"": 0.840486409155937, ""eb_prec"": 0.9005722460658083, ""eb_rec"": 0.8898426323319027, ""f1_micro"": 0.8550185873605948, ""f1_macro"": 0.8331657429871715, ""primary"": 0.8773962804005723, ""lr"": 3e-05, ""dev_primary"": 0.90072}"
satp_relevant,multilabel,ConfliBERT-v2-native,123,256,5,16,0.87539,"{""eb_f1"": 0.875393419170243, ""eb_acc"": 0.8447782546494992, ""eb_prec"": 0.8876967095851216, ""eb_rec"": 0.8912732474964234, ""f1_micro"": 0.8602941176470589, ""f1_macro"": 0.8469084355053497, ""primary"": 0.875393419170243, ""lr"": 5e-05, ""dev_primary"": 0.90431}"
satp_relevant,multilabel,ConfliBERT-v2-native,123,256,5,16,0.88684,"{""eb_f1"": 0.8868383404864091, ""eb_acc"": 0.8626609442060086, ""eb_prec"": 0.9206008583690987, ""eb_rec"": 0.8762517882689556, ""f1_micro"": 0.8752399232245681, ""f1_macro"": 0.8572407093475867, ""primary"": 0.8868383404864091, ""lr"": 8e-05, ""dev_primary"": 0.90417}"
satp_relevant,multilabel,ConfliBERT-v2-native,124,256,5,16,0.86266,"{""eb_f1"": 0.8626609442060086, ""eb_acc"": 0.8333333333333334, ""eb_prec"": 0.8905579399141631, ""eb_rec"": 0.8640915593705293, ""f1_micro"": 0.8506616257088847, ""f1_macro"": 0.8314892174720612, ""primary"": 0.8626609442060086, ""lr"": 5e-05, ""dev_primary"": 0.90417}"
satp_relevant,multilabel,ConfliBERT-v2-native,125,256,5,16,0.86609,"{""eb_f1"": 0.8660944206008584, ""eb_acc"": 0.8376251788268956, ""eb_prec"": 0.9090909090909091, ""eb_rec"": 0.8590844062947067, ""f1_micro"": 0.8576923076923076, ""f1_macro"": 0.833347521531516, ""primary"": 0.8660944206008584, ""lr"": 5e-05, ""dev_primary"": 0.88621}"
cameo_class,multiclass,ConfliBERT-2021,123,256,5,16,0.8495,"{""acc"": 0.8558758314855875, ""f1_micro"": 0.8558758314855875, ""f1_macro"": 0.8494957126460887, ""primary"": 0.8494957126460887, ""lr"": 2e-05, ""dev_primary"": 0.97381}"
cameo_class,multiclass,ConfliBERT-2021,123,256,5,16,0.85736,"{""acc"": 0.8647450110864745, ""f1_micro"": 0.8647450110864745, ""f1_macro"": 0.857364802114682, ""primary"": 0.857364802114682, ""lr"": 3e-05, ""dev_primary"": 0.97402}"
cameo_class,multiclass,ConfliBERT-2021,123,256,5,16,0.89881,"{""acc"": 0.9046563192904656, ""f1_micro"": 0.9046563192904656, ""f1_macro"": 0.8988121734786526, ""primary"": 0.8988121734786526, ""lr"": 5e-05, ""dev_primary"": 0.98939}"
cameo_class,multiclass,ConfliBERT-2021,123,256,5,16,0.87655,"{""acc"": 0.8802660753880266, ""f1_micro"": 0.8802660753880266, ""f1_macro"": 0.8765543060987977, ""primary"": 0.8765543060987977, ""lr"": 8e-05, ""dev_primary"": 0.98912}"
cameo_class,multiclass,ConfliBERT-2021,124,256,5,16,0.89073,"{""acc"": 0.8957871396895787, ""f1_micro"": 0.8957871396895787, ""f1_macro"": 0.8907299102819259, ""primary"": 0.8907299102819259, ""lr"": 5e-05, ""dev_primary"": 0.98378}"
cameo_class,multiclass,ConfliBERT-2021,125,256,5,16,0.89437,"{""acc"": 0.8980044345898004, ""f1_micro"": 0.8980044345898004, ""f1_macro"": 0.8943733384189052, ""primary"": 0.8943733384189052, ""lr"": 5e-05, ""dev_primary"": 0.98901}"
cameo_class,multiclass,ConfliBERT-v2-native,123,256,5,16,0.71605,"{""acc"": 0.7317073170731707, ""f1_micro"": 0.7317073170731707, ""f1_macro"": 0.7160467099325796, ""primary"": 0.7160467099325796, ""lr"": 2e-05, ""dev_primary"": 0.89125}"
cameo_class,multiclass,ConfliBERT-v2-native,123,256,5,16,0.80674,"{""acc"": 0.8203991130820399, ""f1_micro"": 0.8203991130820399, ""f1_macro"": 0.8067362540273258, ""primary"": 0.8067362540273258, ""lr"": 3e-05, ""dev_primary"": 0.95016}"
cameo_class,multiclass,ConfliBERT-v2-native,123,256,5,16,0.85033,"{""acc"": 0.8603104212860311, ""f1_micro"": 0.8603104212860311, ""f1_macro"": 0.8503285089575747, ""primary"": 0.8503285089575747, ""lr"": 5e-05, ""dev_primary"": 0.98461}"
cameo_class,multiclass,ConfliBERT-v2-native,123,256,5,16,0.86173,"{""acc"": 0.8736141906873615, ""f1_micro"": 0.8736141906873615, ""f1_macro"": 0.8617279062484945, ""primary"": 0.8617279062484945, ""lr"": 8e-05, ""dev_primary"": 0.98026}"
cameo_class,multiclass,ConfliBERT-v2-native,124,256,5,16,0.87077,"{""acc"": 0.8758314855875832, ""f1_micro"": 0.8758314855875832, ""f1_macro"": 0.87076647065774, ""primary"": 0.87076647065774, ""lr"": 5e-05, ""dev_primary"": 0.98024}"
cameo_class,multiclass,ConfliBERT-v2-native,125,256,5,16,0.86618,"{""acc"": 0.8780487804878049, ""f1_micro"": 0.8780487804878049, ""f1_macro"": 0.8661829278521326, ""primary"": 0.8661829278521326, ""lr"": 5e-05, ""dev_primary"": 0.983}"
cameo_ner,ner,ConfliBERT-2021,123,128,5,16,0.64382,"{""f1_micro"": 0.6438202247191012, ""f1_macro"": 0.44586974111705224, ""precision"": 0.6423766816143498, ""recall"": 0.6452702702702703, ""acc"": 0.9062869697481832, ""primary"": 0.6438202247191012, ""lr"": 2e-05, ""dev_primary"": 0.67989}"
cameo_ner,ner,ConfliBERT-2021,123,128,5,16,0.7227,"{""f1_micro"": 0.7226980728051391, ""f1_macro"": 0.6360271525544837, ""precision"": 0.6887755102040817, ""recall"": 0.7601351351351351, ""acc"": 0.9251309785364205, ""primary"": 0.7226980728051391, ""lr"": 3e-05, ""dev_primary"": 0.73504}"
cameo_ner,ner,ConfliBERT-2021,123,128,5,16,0.74188,"{""f1_micro"": 0.7418822234452395, ""f1_macro"": 0.6713873618316866, ""precision"": 0.7255113024757804, ""recall"": 0.759009009009009, ""acc"": 0.9259760013520365, ""primary"": 0.7418822234452395, ""lr"": 5e-05, ""dev_primary"": 0.75771}"
cameo_ner,ner,ConfliBERT-2021,123,128,5,16,0.74087,"{""f1_micro"": 0.7408656548622823, ""f1_macro"": 0.6860177471753625, ""precision"": 0.7396184062850729, ""recall"": 0.7421171171171171, ""acc"": 0.9260605036335982, ""primary"": 0.7408656548622823, ""lr"": 8e-05, ""dev_primary"": 0.75362}"
cameo_ner,ner,ConfliBERT-2021,124,128,5,16,0.72767,"{""f1_micro"": 0.7276736493936052, ""f1_macro"": 0.6500868052390594, ""precision"": 0.712742980561555, ""recall"": 0.7432432432432432, ""acc"": 0.9255534899442285, ""primary"": 0.7276736493936052, ""lr"": 5e-05, ""dev_primary"": 0.76353}"
cameo_ner,ner,ConfliBERT-2021,125,128,5,16,0.74972,"{""f1_micro"": 0.7497243660418963, ""f1_macro"": 0.6955031316715478, ""precision"": 0.734341252699784, ""recall"": 0.7657657657657657, ""acc"": 0.9290180834882542, ""primary"": 0.7497243660418963, ""lr"": 5e-05, ""dev_primary"": 0.76923}"
cameo_ner,ner,ConfliBERT-v2-native,123,128,5,16,0.41943,"{""f1_micro"": 0.4194312796208531, ""f1_macro"": 0.2727191781584249, ""precision"": 0.4425, ""recall"": 0.39864864864864863, ""acc"": 0.8465438566841305, ""primary"": 0.4194312796208531, ""lr"": 2e-05, ""dev_primary"": 0.49845}"
cameo_ner,ner,ConfliBERT-v2-native,123,128,5,16,0.47582,"{""f1_micro"": 0.4758182706399609, ""f1_macro"": 0.36778382735208554, ""precision"": 0.4201898188093184, ""recall"": 0.5484234234234234, ""acc"": 0.8702889978029407, ""primary"": 0.4758182706399609, ""lr"": 3e-05, ""dev_primary"": 0.54618}"
cameo_ner,ner,ConfliBERT-v2-native,123,128,5,16,0.5861,"{""f1_micro"": 0.586096256684492, ""f1_macro"": 0.48148371085721314, ""precision"": 0.5580448065173116, ""recall"": 0.6171171171171171, ""acc"": 0.8901470339699172, ""primary"": 0.586096256684492, ""lr"": 5e-05, ""dev_primary"": 0.65116}"
cameo_ner,ner,ConfliBERT-v2-native,123,128,5,16,0.62069,"{""f1_micro"": 0.6206896551724138, ""f1_macro"": 0.5350064298877091, ""precision"": 0.6038338658146964, ""recall"": 0.6385135135135135, ""acc"": 0.8985127598445158, ""primary"": 0.6206896551724138, ""lr"": 8e-05, ""dev_primary"": 0.67638}"
cameo_ner,ner,ConfliBERT-v2-native,124,128,5,16,0.66421,"{""f1_micro"": 0.6642066420664207, ""f1_macro"": 0.5572370530703864, ""precision"": 0.624380574826561, ""recall"": 0.7094594594594594, ""acc"": 0.9113571066418793, ""primary"": 0.6642066420664207, ""lr"": 8e-05, ""dev_primary"": 0.70774}"
cameo_ner,ner,ConfliBERT-v2-native,125,128,5,16,0.61055,"{""f1_micro"": 0.610548748002131, ""f1_macro"": 0.5204885709696592, ""precision"": 0.5793731041456016, ""recall"": 0.6452702702702703, ""acc"": 0.8944566503295589, ""primary"": 0.610548748002131, ""lr"": 8e-05, ""dev_primary"": 0.66478}"
IndiaPoliceEvents_sents,multilabel,ConfliBERT-2021,123,128,5,16,0.6537,"{""eb_f1"": 0.6537037037037037, ""eb_acc"": 0.6447811447811449, ""eb_prec"": 0.7966360856269113, ""eb_rec"": 0.7594752186588921, ""f1_micro"": 0.7932203389830509, ""f1_macro"": 0.7293460963411703, ""primary"": 0.6537037037037037, ""lr"": 2e-05, ""dev_primary"": 0.62162}"
IndiaPoliceEvents_sents,multilabel,ConfliBERT-2021,123,128,5,16,0.64651,"{""eb_f1"": 0.6465136054421768, ""eb_acc"": 0.6364795918367347, ""eb_prec"": 0.8025078369905955, ""eb_rec"": 0.7414965986394558, ""f1_micro"": 0.7835051546391752, ""f1_macro"": 0.6629961866508245, ""primary"": 0.6465136054421768, ""lr"": 3e-05, ""dev_primary"": 0.59552}"
IndiaPoliceEvents_sents,multilabel,ConfliBERT-2021,123,128,5,16,0.65607,"{""eb_f1"": 0.6560747663551401, ""eb_acc"": 0.647196261682243, ""eb_prec"": 0.7502198768689533, ""eb_rec"": 0.8182701652089406, ""f1_micro"": 0.8051668460710442, ""f1_macro"": 0.773226431366871, ""primary"": 0.6560747663551401, ""lr"": 5e-05, ""dev_primary"": 0.595}"
IndiaPoliceEvents_sents,multilabel,ConfliBERT-2021,123,128,5,16,0.6159,"{""eb_f1"": 0.6158961881589619, ""eb_acc"": 0.5981346309813462, ""eb_prec"": 0.7422928709055876, ""eb_rec"": 0.7463556851311953, ""f1_micro"": 0.755011135857461, ""f1_macro"": 0.49817414068229837, ""primary"": 0.6158961881589619, ""lr"": 8e-05, ""dev_primary"": 0.57256}"
IndiaPoliceEvents_sents,multilabel,ConfliBERT-2021,124,128,5,16,0.66099,"{""eb_f1"": 0.6609876543209876, ""eb_acc"": 0.6489711934156379, ""eb_prec"": 0.7772988505747126, ""eb_rec"": 0.7842565597667639, ""f1_micro"": 0.7951541850220264, ""f1_macro"": 0.7185137574412264, ""primary"": 0.6609876543209876, ""lr"": 2e-05, ""dev_primary"": 0.60509}"
IndiaPoliceEvents_sents,multilabel,ConfliBERT-2021,125,128,5,16,0.667,"{""eb_f1"": 0.6670033670033669, ""eb_acc"": 0.6582491582491582, ""eb_prec"": 0.8090909090909091, ""eb_rec"": 0.770651117589893, ""f1_micro"": 0.8045454545454546, ""f1_macro"": 0.7403272839472591, ""primary"": 0.6670033670033669, ""lr"": 2e-05, ""dev_primary"": 0.62536}"
IndiaPoliceEvents_sents,multilabel,ConfliBERT-v2-native,123,128,5,16,0.64987,"{""eb_f1"": 0.6498746867167918, ""eb_acc"": 0.6399331662489558, ""eb_prec"": 0.801418439716312, ""eb_rec"": 0.7541302235179786, ""f1_micro"": 0.7954022988505747, ""f1_macro"": 0.7459126694689832, ""primary"": 0.6498746867167918, ""lr"": 2e-05, ""dev_primary"": 0.58335}"
IndiaPoliceEvents_sents,multilabel,ConfliBERT-v2-native,123,128,5,16,0.65729,"{""eb_f1"": 0.6572942135289324, ""eb_acc"": 0.6471067644661775, ""eb_prec"": 0.7780952380952381, ""eb_rec"": 0.7852283770651117, ""f1_micro"": 0.798216276477146, ""f1_macro"": 0.7419050869081718, ""primary"": 0.6572942135289324, ""lr"": 3e-05, ""dev_primary"": 0.58984}"
IndiaPoliceEvents_sents,multilabel,ConfliBERT-v2-native,123,128,5,16,0.64741,"{""eb_f1"": 0.647405828002843, ""eb_acc"": 0.6378524046434495, ""eb_prec"": 0.7904116465863452, ""eb_rec"": 0.7628765792031097, ""f1_micro"": 0.7941176470588235, ""f1_macro"": 0.7652561522984059, ""primary"": 0.647405828002843, ""lr"": 5e-05, ""dev_primary"": 0.60237}"
IndiaPoliceEvents_sents,multilabel,ConfliBERT-v2-native,123,128,5,16,0.59362,"{""eb_f1"": 0.5936197461869834, ""eb_acc"": 0.5829258353708231, ""eb_prec"": 0.7621635610766044, ""eb_rec"": 0.7113702623906706, ""f1_micro"": 0.7628865979381443, ""f1_macro"": 0.7117828852289295, ""primary"": 0.5936197461869834, ""lr"": 8e-05, ""dev_primary"": 0.57089}"
IndiaPoliceEvents_sents,multilabel,ConfliBERT-v2-native,124,128,5,16,0.65034,"{""eb_f1"": 0.6503436426116839, ""eb_acc"": 0.6391752577319587, ""eb_prec"": 0.813034188034188, ""eb_rec"": 0.7444120505344995, ""f1_micro"": 0.7940161104718066, ""f1_macro"": 0.7280199995553585, ""primary"": 0.6503436426116839, ""lr"": 5e-05, ""dev_primary"": 0.58528}"
IndiaPoliceEvents_sents,multilabel,ConfliBERT-v2-native,125,128,5,16,0.61826,"{""eb_f1"": 0.6182637182637183, ""eb_acc"": 0.6089271089271089, ""eb_prec"": 0.7682682682682682, ""eb_rec"": 0.7317784256559767, ""f1_micro"": 0.773972602739726, ""f1_macro"": 0.6813491170957877, ""primary"": 0.6182637182637183, ""lr"": 5e-05, ""dev_primary"": 0.57559}"
20news,binary,ConfliBERT-2021,123,512,5,16,0.81271,"{""acc"": 0.9491502920870951, ""f1_micro"": 0.9491502920870951, ""f1_macro"": 0.8916476971497929, ""f1"": 0.8127139364303179, ""mcc"": 0.7836994945691649, ""primary"": 0.8127139364303179, ""lr"": 2e-05, ""dev_primary"": 0.81603}"
20news,binary,ConfliBERT-2021,123,512,5,16,0.80484,"{""acc"": 0.9486192246415295, ""f1_micro"": 0.9486192246415295, ""f1_macro"": 0.8876281278259133, ""f1"": 0.8048411497730711, ""mcc"": 0.7771689255558879, ""primary"": 0.8048411497730711, ""lr"": 3e-05, ""dev_primary"": 0.82418}"
20news,binary,ConfliBERT-2021,123,512,5,16,0.80314,"{""acc"": 0.94676048858205, ""f1_micro"": 0.94676048858205, ""f1_macro"": 0.8861798268834725, ""f1"": 0.8031418753068238, ""mcc"": 0.7728879921232719, ""primary"": 0.8031418753068238, ""lr"": 5e-05, ""dev_primary"": 0.82918}"
20news,binary,ConfliBERT-2021,123,512,5,16,0.78812,"{""acc"": 0.944105151354222, ""f1_micro"": 0.944105151354222, ""f1_macro"": 0.8779644349586067, ""f1"": 0.7881227981882235, ""mcc"": 0.7576747418375803, ""primary"": 0.7881227981882235, ""lr"": 8e-05, ""dev_primary"": 0.82883}"
20news,binary,ConfliBERT-2021,124,512,5,16,0.79418,"{""acc"": 0.9455655868295274, ""f1_micro"": 0.9455655868295274, ""f1_macro"": 0.8814059788726509, ""f1"": 0.7941767068273092, ""mcc"": 0.7644102519797366, ""primary"": 0.7941767068273092, ""lr"": 5e-05, ""dev_primary"": 0.83094}"
20news,binary,ConfliBERT-2021,125,512,5,16,0.7996,"{""acc"": 0.9466277217206586, ""f1_micro"": 0.9466277217206586, ""f1_macro"": 0.8844077355924262, ""f1"": 0.7996011964107677, ""mcc"": 0.7700185957083049, ""primary"": 0.7996011964107677, ""lr"": 5e-05, ""dev_primary"": 0.82696}"
20news,binary,ConfliBERT-v2-native,123,512,5,16,0.79797,"{""acc"": 0.9471587891662241, ""f1_micro"": 0.9471587891662241, ""f1_macro"": 0.8837869710542823, ""f1"": 0.7979695431472081, ""mcc"": 0.7699452218798141, ""primary"": 0.7979695431472081, ""lr"": 2e-05, ""dev_primary"": 0.81091}"
20news,binary,ConfliBERT-v2-native,123,512,5,16,0.8006,"{""acc"": 0.9472915560276155, ""f1_micro"": 0.9472915560276155, ""f1_macro"": 0.8851173891476688, ""f1"": 0.8006027122049222, ""mcc"": 0.7718756192553127, ""primary"": 0.8006027122049222, ""lr"": 3e-05, ""dev_primary"": 0.8177}"
20news,binary,ConfliBERT-v2-native,123,512,5,16,0.78398,"{""acc"": 0.943441317047265, ""f1_micro"": 0.943441317047265, ""f1_macro"": 0.8757183520710665, ""f1"": 0.783975659229209, ""mcc"": 0.753696653210555, ""primary"": 0.783975659229209, ""lr"": 5e-05, ""dev_primary"": 0.82143}"
20news,binary,ConfliBERT-v2-native,123,512,5,16,0.79346,"{""acc"": 0.9463621879978757, ""f1_micro"": 0.9463621879978757, ""f1_macro"": 0.8813175799851852, ""f1"": 0.7934560327198364, ""mcc"": 0.7655674413159301, ""primary"": 0.7934560327198364, ""lr"": 8e-05, ""dev_primary"": 0.82523}"
20news,binary,ConfliBERT-v2-native,124,512,5,16,0.77534,"{""acc"": 0.9429102496016994, ""f1_micro"": 0.9429102496016994, ""f1_macro"": 0.8713199915769734, ""f1"": 0.7753396029258098, ""mcc"": 0.7476275208966353, ""primary"": 0.7753396029258098, ""lr"": 8e-05, ""dev_primary"": 0.80591}"
20news,binary,ConfliBERT-v2-native,125,512,5,16,0.80594,"{""acc"": 0.9496813595326606, ""f1_micro"": 0.9496813595326606, ""f1_macro"": 0.8885162777486633, ""f1"": 0.8059395801331285, ""mcc"": 0.7801383986039663, ""primary"": 0.8059395801331285, ""lr"": 8e-05, ""dev_primary"": 0.83824}"
BBC_News,binary,ConfliBERT-2021,123,512,5,16,0.92982,"{""acc"": 0.9751552795031055, ""f1_micro"": 0.9751552795031055, ""f1_macro"": 0.9573651108904336, ""f1"": 0.9298245614035088, ""mcc"": 0.9181573833942269, ""primary"": 0.9298245614035088, ""lr"": 2e-05, ""dev_primary"": 0.99225}"
BBC_News,binary,ConfliBERT-2021,123,512,5,16,0.98113,"{""acc"": 0.9937888198757764, ""f1_micro"": 0.9937888198757764, ""f1_macro"": 0.9887073016763694, ""f1"": 0.9811320754716981, ""mcc"": 0.977414603352739, ""primary"": 0.9811320754716981, ""lr"": 3e-05, ""dev_primary"": 1.0}"
BBC_News,binary,ConfliBERT-2021,123,512,5,16,0.98148,"{""acc"": 0.9937888198757764, ""f1_micro"": 0.9937888198757764, ""f1_macro"": 0.9888750690989497, ""f1"": 0.9814814814814815, ""mcc"": 0.9779937530511619, ""primary"": 0.9814814814814815, ""lr"": 5e-05, ""dev_primary"": 0.99225}"
BBC_News,binary,ConfliBERT-2021,123,512,5,16,0.98148,"{""acc"": 0.9937888198757764, ""f1_micro"": 0.9937888198757764, ""f1_macro"": 0.9888750690989497, ""f1"": 0.9814814814814815, ""mcc"": 0.9779937530511619, ""primary"": 0.9814814814814815, ""lr"": 8e-05, ""dev_primary"": 0.99213}"
BBC_News,binary,ConfliBERT-2021,124,512,5,16,0.98148,"{""acc"": 0.9937888198757764, ""f1_micro"": 0.9937888198757764, ""f1_macro"": 0.9888750690989497, ""f1"": 0.9814814814814815, ""mcc"": 0.9779937530511619, ""primary"": 0.9814814814814815, ""lr"": 3e-05, ""dev_primary"": 0.99225}"
BBC_News,binary,ConfliBERT-2021,125,512,5,16,0.98113,"{""acc"": 0.9937888198757764, ""f1_micro"": 0.9937888198757764, ""f1_macro"": 0.9887073016763694, ""f1"": 0.9811320754716981, ""mcc"": 0.977414603352739, ""primary"": 0.9811320754716981, ""lr"": 3e-05, ""dev_primary"": 1.0}"
BBC_News,binary,ConfliBERT-v2-native,123,512,5,16,0.96226,"{""acc"": 0.9875776397515528, ""f1_micro"": 0.9875776397515528, ""f1_macro"": 0.977414603352739, ""f1"": 0.9622641509433962, ""mcc"": 0.954829206705478, ""primary"": 0.9622641509433962, ""lr"": 2e-05, ""dev_primary"": 0.98438}"
BBC_News,binary,ConfliBERT-v2-native,123,512,5,16,0.96296,"{""acc"": 0.9875776397515528, ""f1_micro"": 0.9875776397515528, ""f1_macro"": 0.9777501381978994, ""f1"": 0.9629629629629629, ""mcc"": 0.9557399202137318, ""primary"": 0.9629629629629629, ""lr"": 3e-05, ""dev_primary"": 0.98438}"
BBC_News,binary,ConfliBERT-v2-native,123,512,5,16,0.97143,"{""acc"": 0.9906832298136646, ""f1_micro"": 0.9906832298136646, ""f1_macro"": 0.9829313543599258, ""f1"": 0.9714285714285714, ""mcc"": 0.9659258476083835, ""primary"": 0.9714285714285714, ""lr"": 5e-05, ""dev_primary"": 0.97674}"
BBC_News,binary,ConfliBERT-v2-native,123,512,5,16,0.96226,"{""acc"": 0.9875776397515528, ""f1_micro"": 0.9875776397515528, ""f1_macro"": 0.977414603352739, ""f1"": 0.9622641509433962, ""mcc"": 0.954829206705478, ""primary"": 0.9622641509433962, ""lr"": 8e-05, ""dev_primary"": 0.98413}"
BBC_News,binary,ConfliBERT-v2-native,124,512,5,16,0.95238,"{""acc"": 0.984472049689441, ""f1_micro"": 0.984472049689441, ""f1_macro"": 0.9715522572665429, ""f1"": 0.9523809523809523, ""mcc"": 0.9431665820639741, ""primary"": 0.9523809523809523, ""lr"": 2e-05, ""dev_primary"": 0.98438}"
BBC_News,binary,ConfliBERT-v2-native,125,512,5,16,0.9434,"{""acc"": 0.9813664596273292, ""f1_micro"": 0.9813664596273292, ""f1_macro"": 0.9661219050291086, ""f1"": 0.9433962264150944, ""mcc"": 0.932243810058217, ""primary"": 0.9433962264150944, ""lr"": 2e-05, ""dev_primary"": 0.98438}"
re3d,ner,ModernBERT-base,123,128,5,16,0.49264,"{""f1_micro"": 0.49263721552878187, ""f1_macro"": 0.24590448194453624, ""precision"": 0.44987775061124696, ""recall"": 0.5443786982248521, ""acc"": 0.8442373526055534, ""primary"": 0.49263721552878187, ""lr"": 2e-05, ""dev_primary"": 0.49393}"
re3d,ner,ModernBERT-base,123,128,5,16,0.52239,"{""f1_micro"": 0.5223880597014925, ""f1_macro"": 0.3206173600547977, ""precision"": 0.4824561403508772, ""recall"": 0.5695266272189349, ""acc"": 0.8548877900342335, ""primary"": 0.5223880597014925, ""lr"": 3e-05, ""dev_primary"": 0.53715}"
re3d,ner,ModernBERT-base,123,128,5,16,0.57584,"{""f1_micro"": 0.5758426966292135, ""f1_macro"": 0.4488943353463215, ""precision"": 0.5481283422459893, ""recall"": 0.606508875739645, ""acc"": 0.8649676683149486, ""primary"": 0.5758426966292135, ""lr"": 5e-05, ""dev_primary"": 0.58472}"
re3d,ner,ModernBERT-base,123,128,5,16,0.64148,"{""f1_micro"": 0.6414835164835165, ""f1_macro"": 0.5429882506171233, ""precision"": 0.5987179487179487, ""recall"": 0.6908284023668639, ""acc"": 0.8824648155192089, ""primary"": 0.6414835164835165, ""lr"": 8e-05, ""dev_primary"": 0.63864}"
re3d,ner,ModernBERT-base,124,128,5,16,0.64843,"{""f1_micro"": 0.6484322881921281, ""f1_macro"": 0.5208068013610148, ""precision"": 0.5905224787363305, ""recall"": 0.7189349112426036, ""acc"": 0.8805629516926589, ""primary"": 0.6484322881921281, ""lr"": 8e-05, ""dev_primary"": 0.65995}"
re3d,ner,ModernBERT-base,125,128,5,16,0.59889,"{""f1_micro"": 0.598893499308437, ""f1_macro"": 0.44556596050125774, ""precision"": 0.5623376623376624, ""recall"": 0.6405325443786982, ""acc"": 0.8739064282997338, ""primary"": 0.598893499308437, ""lr"": 8e-05, ""dev_primary"": 0.61633}"
re3d,ner,ConfliBERT-v2-wsd,123,128,5,16,0.42456,"{""f1_micro"": 0.4245591116917048, ""f1_macro"": 0.22792307786684157, ""precision"": 0.38011695906432746, ""recall"": 0.4807692307692308, ""acc"": 0.8229364777481932, ""primary"": 0.4245591116917048, ""lr"": 2e-05, ""dev_primary"": 0.40131}"
re3d,ner,ConfliBERT-v2-wsd,123,128,5,16,0.44866,"{""f1_micro"": 0.4486592544146501, ""f1_macro"": 0.24282877201449066, ""precision"": 0.40211019929660025, ""recall"": 0.507396449704142, ""acc"": 0.8273107645492582, ""primary"": 0.4486592544146501, ""lr"": 3e-05, ""dev_primary"": 0.44852}"
re3d,ner,ConfliBERT-v2-wsd,123,128,5,16,0.50345,"{""f1_micro"": 0.503448275862069, ""f1_macro"": 0.31424531123040284, ""precision"": 0.4715762273901809, ""recall"": 0.5399408284023669, ""acc"": 0.8419551160136934, ""primary"": 0.503448275862069, ""lr"": 5e-05, ""dev_primary"": 0.5087}"
re3d,ner,ConfliBERT-v2-wsd,123,128,5,16,0.61643,"{""f1_micro"": 0.6164290563475899, ""f1_macro"": 0.49659862281576217, ""precision"": 0.5696361355081556, ""recall"": 0.6715976331360947, ""acc"": 0.8739064282997338, ""primary"": 0.6164290563475899, ""lr"": 8e-05, ""dev_primary"": 0.63201}"
re3d,ner,ConfliBERT-v2-wsd,124,128,5,16,0.6032,"{""f1_micro"": 0.6031957390146472, ""f1_macro"": 0.4390096029079792, ""precision"": 0.5484261501210653, ""recall"": 0.6701183431952663, ""acc"": 0.8773297831875237, ""primary"": 0.6031957390146472, ""lr"": 8e-05, ""dev_primary"": 0.61017}"
re3d,ner,ConfliBERT-v2-wsd,125,128,5,16,0.64187,"{""f1_micro"": 0.6418732782369145, ""f1_macro"": 0.5343084579888606, ""precision"": 0.6005154639175257, ""recall"": 0.6893491124260355, ""acc"": 0.8788512742487637, ""primary"": 0.6418732782369145, ""lr"": 8e-05, ""dev_primary"": 0.64005}"
IndiaPoliceEvents_docs,multilabel,ModernBERT-base,123,512,5,16,0.5996,"{""eb_f1"": 0.5995983935742972, ""eb_acc"": 0.5562248995983936, ""eb_prec"": 0.8148148148148149, ""eb_rec"": 0.6666666666666666, ""f1_micro"": 0.7239819004524887, ""f1_macro"": 0.6078919255389843, ""primary"": 0.5995983935742972, ""lr"": 2e-05, ""dev_primary"": 0.64975}"
IndiaPoliceEvents_docs,multilabel,ModernBERT-base,123,512,5,16,0.64739,"{""eb_f1"": 0.6473895582329317, ""eb_acc"": 0.610441767068273, ""eb_prec"": 0.818407960199005, ""eb_rec"": 0.7186147186147186, ""f1_micro"": 0.7543859649122807, ""f1_macro"": 0.6604036586399084, ""primary"": 0.6473895582329317, ""lr"": 3e-05, ""dev_primary"": 0.70573}"
IndiaPoliceEvents_docs,multilabel,ModernBERT-base,123,512,5,16,0.62016,"{""eb_f1"": 0.6201550387596899, ""eb_acc"": 0.5901162790697675, ""eb_prec"": 0.8063725490196078, ""eb_rec"": 0.7067099567099567, ""f1_micro"": 0.748898678414097, ""f1_macro"": 0.666890756302521, ""primary"": 0.6201550387596899, ""lr"": 5e-05, ""dev_primary"": 0.69206}"
IndiaPoliceEvents_docs,multilabel,ModernBERT-base,123,512,5,16,0.65123,"{""eb_f1"": 0.651231527093596, ""eb_acc"": 0.6111111111111112, ""eb_prec"": 0.7911111111111111, ""eb_rec"": 0.7510822510822511, ""f1_micro"": 0.7467811158798283, ""f1_macro"": 0.5979826885709238, ""primary"": 0.651231527093596, ""lr"": 8e-05, ""dev_primary"": 0.68898}"
IndiaPoliceEvents_docs,multilabel,ModernBERT-base,124,512,5,16,0.65297,"{""eb_f1"": 0.6529715762273901, ""eb_acc"": 0.6149224806201551, ""eb_prec"": 0.7963470319634703, ""eb_rec"": 0.7435064935064934, ""f1_micro"": 0.7586206896551724, ""f1_macro"": 0.661000310655483, ""primary"": 0.6529715762273901, ""lr"": 3e-05, ""dev_primary"": 0.65302}"
IndiaPoliceEvents_docs,multilabel,ModernBERT-base,125,512,5,16,0.59286,"{""eb_f1"": 0.5928571428571429, ""eb_acc"": 0.545625, ""eb_prec"": 0.8735632183908046, ""eb_rec"": 0.6158008658008659, ""f1_micro"": 0.6763285024154589, ""f1_macro"": 0.5201598401598402, ""primary"": 0.5928571428571429, ""lr"": 3e-05, ""dev_primary"": 0.59649}"
IndiaPoliceEvents_docs,multilabel,ConfliBERT-v2-wsd,123,512,5,16,0.62471,"{""eb_f1"": 0.6247058823529412, ""eb_acc"": 0.5862745098039216, ""eb_prec"": 0.8236714975845411, ""eb_rec"": 0.6774891774891776, ""f1_micro"": 0.7247706422018348, ""f1_macro"": 0.5338615795968737, ""primary"": 0.6247058823529412, ""lr"": 2e-05, ""dev_primary"": 0.60899}"
IndiaPoliceEvents_docs,multilabel,ConfliBERT-v2-wsd,123,512,5,16,0.64125,"{""eb_f1"": 0.64125, ""eb_acc"": 0.6010416666666666, ""eb_prec"": 0.8602150537634408, ""eb_rec"": 0.6785714285714286, ""f1_micro"": 0.7373271889400922, ""f1_macro"": 0.6228427781368958, ""primary"": 0.64125, ""lr"": 3e-05, ""dev_primary"": 0.66247}"
IndiaPoliceEvents_docs,multilabel,ConfliBERT-v2-wsd,123,512,5,16,0.65198,"{""eb_f1"": 0.6519841269841269, ""eb_acc"": 0.6160714285714285, ""eb_prec"": 0.8526570048309178, ""eb_rec"": 0.6937229437229437, ""f1_micro"": 0.7465437788018433, ""f1_macro"": 0.5584865134865135, ""primary"": 0.6519841269841269, ""lr"": 5e-05, ""dev_primary"": 0.67289}"
IndiaPoliceEvents_docs,multilabel,ConfliBERT-v2-wsd,123,512,5,16,0.64087,"{""eb_f1"": 0.640868454661558, ""eb_acc"": 0.5915708812260536, ""eb_prec"": 0.7762222222222223, ""eb_rec"": 0.7445887445887446, ""f1_micro"": 0.7219917012448133, ""f1_macro"": 0.5572292250233426, ""primary"": 0.640868454661558, ""lr"": 8e-05, ""dev_primary"": 0.68681}"
IndiaPoliceEvents_docs,multilabel,ConfliBERT-v2-wsd,124,512,5,16,0.67969,"{""eb_f1"": 0.6796934865900383, ""eb_acc"": 0.64272030651341, ""eb_prec"": 0.8026315789473685, ""eb_rec"": 0.7846320346320346, ""f1_micro"": 0.7627118644067796, ""f1_macro"": 0.6040791819119993, ""primary"": 0.6796934865900383, ""lr"": 8e-05, ""dev_primary"": 0.6953}"
IndiaPoliceEvents_docs,multilabel,ConfliBERT-v2-wsd,125,512,5,16,0.63651,"{""eb_f1"": 0.6365079365079365, ""eb_acc"": 0.6061507936507936, ""eb_prec"": 0.8611111111111112, ""eb_rec"": 0.6893939393939394, ""f1_micro"": 0.7557603686635944, ""f1_macro"": 0.6539485993622683, ""primary"": 0.6365079365079365, ""lr"": 8e-05, ""dev_primary"": 0.63784}"
insightCrime,multilabel,ModernBERT-base,123,512,5,8,0.64869,"{""eb_f1"": 0.6486928104575164, ""eb_acc"": 0.6111111111111112, ""eb_prec"": 0.7199074074074073, ""eb_rec"": 0.7016317016317017, ""f1_micro"": 0.6742532005689901, ""f1_macro"": 0.6658099962582024, ""primary"": 0.6486928104575164, ""lr"": 2e-05, ""dev_primary"": 0.67908}"
insightCrime,multilabel,ModernBERT-base,123,512,5,8,0.65902,"{""eb_f1"": 0.659016393442623, ""eb_acc"": 0.6153005464480874, ""eb_prec"": 0.7438162544169611, ""eb_rec"": 0.7138694638694638, ""f1_micro"": 0.6923076923076923, ""f1_macro"": 0.6977912348471506, ""primary"": 0.659016393442623, ""lr"": 3e-05, ""dev_primary"": 0.70776}"
insightCrime,multilabel,ModernBERT-base,123,512,5,8,0.68573,"{""eb_f1"": 0.6857298474945533, ""eb_acc"": 0.6437908496732027, ""eb_prec"": 0.7735191637630662, ""eb_rec"": 0.7331002331002331, ""f1_micro"": 0.7109826589595376, ""f1_macro"": 0.6894503857637498, ""primary"": 0.6857298474945533, ""lr"": 5e-05, ""dev_primary"": 0.71325}"
insightCrime,multilabel,ModernBERT-base,123,512,5,8,0.69477,"{""eb_f1"": 0.6947712418300653, ""eb_acc"": 0.6530501089324618, ""eb_prec"": 0.75, ""eb_rec"": 0.7628205128205129, ""f1_micro"": 0.7164591977869986, ""f1_macro"": 0.7189024096791957, ""primary"": 0.6947712418300653, ""lr"": 8e-05, ""dev_primary"": 0.71755}"
insightCrime,multilabel,ModernBERT-base,124,512,5,8,0.6908,"{""eb_f1"": 0.6908008658008657, ""eb_acc"": 0.6482683982683982, ""eb_prec"": 0.7542955326460481, ""eb_rec"": 0.7604895104895105, ""f1_micro"": 0.7178770949720671, ""f1_macro"": 0.7097920035503883, ""primary"": 0.6908008658008657, ""lr"": 8e-05, ""dev_primary"": 0.71077}"
insightCrime,multilabel,ModernBERT-base,125,512,5,8,0.70131,"{""eb_f1"": 0.7013071895424836, ""eb_acc"": 0.6552287581699346, ""eb_prec"": 0.7588774341351661, ""eb_rec"": 0.7738927738927739, ""f1_micro"": 0.7302904564315352, ""f1_macro"": 0.7345046532652095, ""primary"": 0.7013071895424836, ""lr"": 8e-05, ""dev_primary"": 0.71135}"
insightCrime,multilabel,ConfliBERT-v2-wsd,123,512,5,8,0.66159,"{""eb_f1"": 0.66158940397351, ""eb_acc"": 0.6169977924944813, ""eb_prec"": 0.7508960573476703, ""eb_rec"": 0.708041958041958, ""f1_micro"": 0.6867816091954023, ""f1_macro"": 0.6845389050903818, ""primary"": 0.66158940397351, ""lr"": 2e-05, ""dev_primary"": 0.69876}"
insightCrime,multilabel,ConfliBERT-v2-wsd,123,512,5,8,0.68115,"{""eb_f1"": 0.6811546840958606, ""eb_acc"": 0.6405228758169934, ""eb_prec"": 0.7448275862068966, ""eb_rec"": 0.7412587412587412, ""f1_micro"": 0.7096774193548387, ""f1_macro"": 0.710352094679842, ""primary"": 0.6811546840958606, ""lr"": 3e-05, ""dev_primary"": 0.70939}"
insightCrime,multilabel,ConfliBERT-v2-wsd,123,512,5,8,0.67904,"{""eb_f1"": 0.6790445168295332, ""eb_acc"": 0.6330076004343106, ""eb_prec"": 0.746551724137931, ""eb_rec"": 0.7465034965034965, ""f1_micro"": 0.7086834733893558, ""f1_macro"": 0.7048889275059975, ""primary"": 0.6790445168295332, ""lr"": 5e-05, ""dev_primary"": 0.72212}"
insightCrime,multilabel,ConfliBERT-v2-wsd,123,512,5,8,0.68431,"{""eb_f1"": 0.6843137254901961, ""eb_acc"": 0.6432461873638344, ""eb_prec"": 0.7560553633217993, ""eb_rec"": 0.7412587412587412, ""f1_micro"": 0.7120567375886525, ""f1_macro"": 0.712582901612704, ""primary"": 0.6843137254901961, ""lr"": 8e-05, ""dev_primary"": 0.70658}"
insightCrime,multilabel,ConfliBERT-v2-wsd,124,512,5,8,0.64913,"{""eb_f1"": 0.6491341991341991, ""eb_acc"": 0.6103896103896104, ""eb_prec"": 0.7432273262661955, ""eb_rec"": 0.7027972027972028, ""f1_micro"": 0.6934097421203438, ""f1_macro"": 0.7049132883752784, ""primary"": 0.6491341991341991, ""lr"": 5e-05, ""dev_primary"": 0.70072}"
insightCrime,multilabel,ConfliBERT-v2-wsd,125,512,5,8,0.66383,"{""eb_f1"": 0.6638251366120218, ""eb_acc"": 0.6207650273224044, ""eb_prec"": 0.7473309608540926, ""eb_rec"": 0.7249417249417249, ""f1_micro"": 0.6961483594864479, ""f1_macro"": 0.7039541006610693, ""primary"": 0.6638251366120218, ""lr"": 5e-05, ""dev_primary"": 0.71325}"
satp_relevant,multilabel,ModernBERT-base,123,256,5,16,0.86409,"{""eb_f1"": 0.8640915593705293, ""eb_acc"": 0.8311874105865522, ""eb_prec"": 0.8991416309012875, ""eb_rec"": 0.8619456366237481, ""f1_micro"": 0.8473282442748091, ""f1_macro"": 0.8208096439386331, ""primary"": 0.8640915593705293, ""lr"": 2e-05, ""dev_primary"": 0.88779}"
satp_relevant,multilabel,ModernBERT-base,123,256,5,16,0.87124,"{""eb_f1"": 0.871244635193133, ""eb_acc"": 0.8426323319027182, ""eb_prec"": 0.9090909090909091, ""eb_rec"": 0.8683834048640915, ""f1_micro"": 0.8587786259541985, ""f1_macro"": 0.8260685497527602, ""primary"": 0.871244635193133, ""lr"": 3e-05, ""dev_primary"": 0.88994}"
satp_relevant,multilabel,ModernBERT-base,123,256,5,16,0.88627,"{""eb_f1"": 0.8862660944206009, ""eb_acc"": 0.8605150214592274, ""eb_prec"": 0.9163090128755365, ""eb_rec"": 0.8812589413447783, ""f1_micro"": 0.8723809523809524, ""f1_macro"": 0.8461928393618369, ""primary"": 0.8862660944206009, ""lr"": 5e-05, ""dev_primary"": 0.90575}"
satp_relevant,multilabel,ModernBERT-base,123,256,5,16,0.87039,"{""eb_f1"": 0.8703862660944206, ""eb_acc"": 0.8440629470672388, ""eb_prec"": 0.9120171673819742, ""eb_rec"": 0.8547925608011444, ""f1_micro"": 0.8560311284046692, ""f1_macro"": 0.8226573491831051, ""primary"": 0.8703862660944206, ""lr"": 8e-05, ""dev_primary"": 0.9023}"
satp_relevant,multilabel,ModernBERT-base,124,256,5,16,0.86323,"{""eb_f1"": 0.8632331902718169, ""eb_acc"": 0.8304721030042919, ""eb_prec"": 0.8848354792560801, ""eb_rec"": 0.8726752503576538, ""f1_micro"": 0.845437616387337, ""f1_macro"": 0.8325041615597486, ""primary"": 0.8632331902718169, ""lr"": 5e-05, ""dev_primary"": 0.90704}"
satp_relevant,multilabel,ModernBERT-base,125,256,5,16,0.86681,"{""eb_f1"": 0.8668097281831186, ""eb_acc"": 0.8333333333333334, ""eb_prec"": 0.8898426323319027, ""eb_rec"": 0.8762517882689558, ""f1_micro"": 0.8507462686567164, ""f1_macro"": 0.8347139158870998, ""primary"": 0.8668097281831186, ""lr"": 5e-05, ""dev_primary"": 0.89497}"
satp_relevant,multilabel,ConfliBERT-v2-wsd,123,256,5,16,0.86838,"{""eb_f1"": 0.8683834048640915, ""eb_acc"": 0.8354792560801145, ""eb_prec"": 0.9030172413793104, ""eb_rec"": 0.8705293276108728, ""f1_micro"": 0.8517110266159695, ""f1_macro"": 0.8332688360212394, ""primary"": 0.8683834048640915, ""lr"": 2e-05, ""dev_primary"": 0.87989}"
satp_relevant,multilabel,ConfliBERT-v2-wsd,123,256,5,16,0.87053,"{""eb_f1"": 0.8705293276108725, ""eb_acc"": 0.8369098712446352, ""eb_prec"": 0.9025974025974026, ""eb_rec"": 0.8791130185979971, ""f1_micro"": 0.8549905838041432, ""f1_macro"": 0.8055478702537526, ""primary"": 0.8705293276108725, ""lr"": 3e-05, ""dev_primary"": 0.88908}"
satp_relevant,multilabel,ConfliBERT-v2-wsd,123,256,5,16,0.87797,"{""eb_f1"": 0.8779685264663806, ""eb_acc"": 0.8433476394849786, ""eb_prec"": 0.9030172413793104, ""eb_rec"": 0.8898426323319027, ""f1_micro"": 0.8603351955307262, ""f1_macro"": 0.8456918488315022, ""primary"": 0.8779685264663806, ""lr"": 5e-05, ""dev_primary"": 0.89497}"
satp_relevant,multilabel,ConfliBERT-v2-wsd,123,256,5,16,0.87396,"{""eb_f1"": 0.8739628040057225, ""eb_acc"": 0.8376251788268956, ""eb_prec"": 0.8862660944206009, ""eb_rec"": 0.8955650929899857, ""f1_micro"": 0.8571428571428571, ""f1_macro"": 0.849580366536984, ""primary"": 0.8739628040057225, ""lr"": 8e-05, ""dev_primary"": 0.88563}"
satp_relevant,multilabel,ConfliBERT-v2-wsd,124,256,5,16,0.86624,"{""eb_f1"": 0.8662374821173103, ""eb_acc"": 0.8347639484978541, ""eb_prec"": 0.9012875536480687, ""eb_rec"": 0.8619456366237482, ""f1_micro"": 0.8489483747609943, ""f1_macro"": 0.8298243871643262, ""primary"": 0.8662374821173103, ""lr"": 5e-05, ""dev_primary"": 0.90057}"
satp_relevant,multilabel,ConfliBERT-v2-wsd,125,256,5,16,0.8691,"{""eb_f1"": 0.869098712446352, ""eb_acc"": 0.8390557939914163, ""eb_prec"": 0.896551724137931, ""eb_rec"": 0.8748211731044349, ""f1_micro"": 0.8549905838041432, ""f1_macro"": 0.8208885065943757, ""primary"": 0.869098712446352, ""lr"": 5e-05, ""dev_primary"": 0.89425}"
cameo_class,multiclass,ModernBERT-base,123,256,5,16,0.7744,"{""acc"": 0.7893569844789357, ""f1_micro"": 0.7893569844789357, ""f1_macro"": 0.7743999622476065, ""primary"": 0.7743999622476065, ""lr"": 2e-05, ""dev_primary"": 0.91575}"
cameo_class,multiclass,ModernBERT-base,123,256,5,16,0.80727,"{""acc"": 0.8248337028824834, ""f1_micro"": 0.8248337028824834, ""f1_macro"": 0.80727048424238, ""primary"": 0.80727048424238, ""lr"": 3e-05, ""dev_primary"": 0.95722}"
cameo_class,multiclass,ModernBERT-base,123,256,5,16,0.84421,"{""acc"": 0.8536585365853658, ""f1_micro"": 0.8536585365853658, ""f1_macro"": 0.8442055754472427, ""primary"": 0.8442055754472427, ""lr"": 5e-05, ""dev_primary"": 0.96367}"
cameo_class,multiclass,ModernBERT-base,123,256,5,16,0.87367,"{""acc"": 0.8802660753880266, ""f1_micro"": 0.8802660753880266, ""f1_macro"": 0.8736737752000167, ""primary"": 0.8736737752000167, ""lr"": 8e-05, ""dev_primary"": 0.98335}"
cameo_class,multiclass,ModernBERT-base,124,256,5,16,0.85769,"{""acc"": 0.8691796008869179, ""f1_micro"": 0.8691796008869179, ""f1_macro"": 0.8576869898498563, ""primary"": 0.8576869898498563, ""lr"": 8e-05, ""dev_primary"": 0.97913}"
cameo_class,multiclass,ModernBERT-base,125,256,5,16,0.87725,"{""acc"": 0.88470066518847, ""f1_micro"": 0.88470066518847, ""f1_macro"": 0.877245222984848, ""primary"": 0.877245222984848, ""lr"": 8e-05, ""dev_primary"": 0.96275}"
cameo_class,multiclass,ConfliBERT-v2-wsd,123,256,5,16,0.759,"{""acc"": 0.7671840354767184, ""f1_micro"": 0.7671840354767184, ""f1_macro"": 0.7590048942641174, ""primary"": 0.7590048942641174, ""lr"": 2e-05, ""dev_primary"": 0.89003}"
cameo_class,multiclass,ConfliBERT-v2-wsd,123,256,5,16,0.83285,"{""acc"": 0.8403547671840355, ""f1_micro"": 0.8403547671840355, ""f1_macro"": 0.8328462137735289, ""primary"": 0.8328462137735289, ""lr"": 3e-05, ""dev_primary"": 0.93287}"
cameo_class,multiclass,ConfliBERT-v2-wsd,123,256,5,16,0.85687,"{""acc"": 0.8625277161862528, ""f1_micro"": 0.8625277161862528, ""f1_macro"": 0.8568742199670869, ""primary"": 0.8568742199670869, ""lr"": 5e-05, ""dev_primary"": 0.9657}"
cameo_class,multiclass,ConfliBERT-v2-wsd,123,256,5,16,0.89044,"{""acc"": 0.8980044345898004, ""f1_micro"": 0.8980044345898004, ""f1_macro"": 0.8904446430762221, ""primary"": 0.8904446430762221, ""lr"": 8e-05, ""dev_primary"": 0.97838}"
cameo_class,multiclass,ConfliBERT-v2-wsd,124,256,5,16,0.87127,"{""acc"": 0.8780487804878049, ""f1_micro"": 0.8780487804878049, ""f1_macro"": 0.8712657243957105, ""primary"": 0.8712657243957105, ""lr"": 8e-05, ""dev_primary"": 0.97478}"
cameo_class,multiclass,ConfliBERT-v2-wsd,125,256,5,16,0.87758,"{""acc"": 0.88470066518847, ""f1_micro"": 0.88470066518847, ""f1_macro"": 0.8775785736578033, ""primary"": 0.8775785736578033, ""lr"": 8e-05, ""dev_primary"": 0.97372}"
cameo_ner,ner,ModernBERT-base,123,128,5,16,0.43436,"{""f1_micro"": 0.43436499466382067, ""f1_macro"": 0.3094210976770407, ""precision"": 0.4127789046653144, ""recall"": 0.4583333333333333, ""acc"": 0.8568531350346459, ""primary"": 0.43436499466382067, ""lr"": 2e-05, ""dev_primary"": 0.50663}"
cameo_ner,ner,ModernBERT-base,123,128,5,16,0.53104,"{""f1_micro"": 0.531038080333855, ""f1_macro"": 0.44377639936066354, ""precision"": 0.4946550048590865, ""recall"": 0.5731981981981982, ""acc"": 0.8828798377556194, ""primary"": 0.531038080333855, ""lr"": 3e-05, ""dev_primary"": 0.62535}"
cameo_ner,ner,ModernBERT-base,123,128,5,16,0.60659,"{""f1_micro"": 0.6065911431513904, ""f1_macro"": 0.4864820876970599, ""precision"": 0.5588235294117647, ""recall"": 0.6632882882882883, ""acc"": 0.8953861754267365, ""primary"": 0.6065911431513904, ""lr"": 5e-05, ""dev_primary"": 0.63302}"
cameo_ner,ner,ModernBERT-base,123,128,5,16,0.67318,"{""f1_micro"": 0.6731813246471227, ""f1_macro"": 0.5753414810512437, ""precision"": 0.649895178197065, ""recall"": 0.6981981981981982, ""acc"": 0.911864120331249, ""primary"": 0.6731813246471227, ""lr"": 8e-05, ""dev_primary"": 0.73607}"
cameo_ner,ner,ModernBERT-base,124,128,5,16,0.67879,"{""f1_micro"": 0.6787878787878788, ""f1_macro"": 0.6152715319258834, ""precision"": 0.6645091693635383, ""recall"": 0.6936936936936937, ""acc"": 0.9087375359134696, ""primary"": 0.6787878787878788, ""lr"": 8e-05, ""dev_primary"": 0.7145}"
cameo_ner,ner,ModernBERT-base,125,128,5,16,0.59289,"{""f1_micro"": 0.592885375494071, ""f1_macro"": 0.5311846075603351, ""precision"": 0.594563986409966, ""recall"": 0.5912162162162162, ""acc"": 0.8917525773195877, ""primary"": 0.592885375494071, ""lr"": 8e-05, ""dev_primary"": 0.65865}"
cameo_ner,ner,ConfliBERT-v2-wsd,123,128,5,16,0.43925,"{""f1_micro"": 0.4392475851550585, ""f1_macro"": 0.322640797645861, ""precision"": 0.40037071362372567, ""recall"": 0.4864864864864865, ""acc"": 0.8573601487240156, ""primary"": 0.4392475851550585, ""lr"": 2e-05, ""dev_primary"": 0.48556}"
cameo_ner,ner,ConfliBERT-v2-wsd,123,128,5,16,0.46911,"{""f1_micro"": 0.46910994764397906, ""f1_macro"": 0.35663863414413344, ""precision"": 0.4383561643835616, ""recall"": 0.5045045045045045, ""acc"": 0.866401892851107, ""primary"": 0.46910994764397906, ""lr"": 3e-05, ""dev_primary"": 0.53112}"
cameo_ner,ner,ConfliBERT-v2-wsd,123,128,5,16,0.4946,"{""f1_micro"": 0.49460043196544273, ""f1_macro"": 0.37539267437357976, ""precision"": 0.475103734439834, ""recall"": 0.5157657657657657, ""acc"": 0.8702044955213791, ""primary"": 0.49460043196544273, ""lr"": 5e-05, ""dev_primary"": 0.5864}"
cameo_ner,ner,ConfliBERT-v2-wsd,123,128,5,16,0.57872,"{""f1_micro"": 0.5787187839305103, ""f1_macro"": 0.5037641089365227, ""precision"": 0.5587002096436059, ""recall"": 0.6002252252252253, ""acc"": 0.8892175088727395, ""primary"": 0.5787187839305103, ""lr"": 8e-05, ""dev_primary"": 0.66084}"
cameo_ner,ner,ConfliBERT-v2-wsd,124,128,5,16,0.61853,"{""f1_micro"": 0.6185344827586208, ""f1_macro"": 0.4992837739983742, ""precision"": 0.5929752066115702, ""recall"": 0.6463963963963963, ""acc"": 0.9008788237282407, ""primary"": 0.6185344827586208, ""lr"": 8e-05, ""dev_primary"": 0.65527}"
cameo_ner,ner,ConfliBERT-v2-wsd,125,128,5,16,0.62935,"{""f1_micro"": 0.6293478260869565, ""f1_macro"": 0.5383568939353623, ""precision"": 0.6081932773109243, ""recall"": 0.652027027027027, ""acc"": 0.9058644583403752, ""primary"": 0.6293478260869565, ""lr"": 8e-05, ""dev_primary"": 0.66667}"
IndiaPoliceEvents_sents,multilabel,ModernBERT-base,123,128,5,16,0.64353,"{""eb_f1"": 0.6435254803675856, ""eb_acc"": 0.6319966583124477, ""eb_prec"": 0.7957317073170732, ""eb_rec"": 0.7497570456754131, ""f1_micro"": 0.7871853546910755, ""f1_macro"": 0.7179193875074903, ""primary"": 0.6435254803675856, ""lr"": 2e-05, ""dev_primary"": 0.57716}"
IndiaPoliceEvents_sents,multilabel,ModernBERT-base,123,128,5,16,0.65988,"{""eb_f1"": 0.6598827470686767, ""eb_acc"": 0.6503350083752093, ""eb_prec"": 0.8047188755020079, ""eb_rec"": 0.7628765792031099, ""f1_micro"": 0.801377726750861, ""f1_macro"": 0.729256453017828, ""primary"": 0.6598827470686767, ""lr"": 3e-05, ""dev_primary"": 0.57544}"
IndiaPoliceEvents_sents,multilabel,ModernBERT-base,123,128,5,16,0.67275,"{""eb_f1"": 0.6727506426735218, ""eb_acc"": 0.6632390745501285, ""eb_prec"": 0.831765935214211, ""eb_rec"": 0.7628765792031097, ""f1_micro"": 0.8110599078341014, ""f1_macro"": 0.758846074775138, ""primary"": 0.6727506426735218, ""lr"": 5e-05, ""dev_primary"": 0.59813}"
IndiaPoliceEvents_sents,multilabel,ModernBERT-base,123,128,5,16,0.64675,"{""eb_f1"": 0.6467499999999999, ""eb_acc"": 0.6375, ""eb_prec"": 0.7981651376146789, ""eb_rec"": 0.7580174927113703, ""f1_micro"": 0.7968036529680366, ""f1_macro"": 0.7579668484241849, ""primary"": 0.6467499999999999, ""lr"": 8e-05, ""dev_primary"": 0.59548}"
IndiaPoliceEvents_sents,multilabel,ModernBERT-base,124,128,5,16,0.66955,"{""eb_f1"": 0.6695462478184991, ""eb_acc"": 0.6618673647469459, ""eb_prec"": 0.8436819172113289, ""eb_rec"": 0.7473275024295432, ""f1_micro"": 0.8140350877192982, ""f1_macro"": 0.7750568269949377, ""primary"": 0.6695462478184991, ""lr"": 5e-05, ""dev_primary"": 0.59719}"
IndiaPoliceEvents_sents,multilabel,ModernBERT-base,125,128,5,16,0.65544,"{""eb_f1"": 0.6554430379746835, ""eb_acc"": 0.648945147679325, ""eb_prec"": 0.8151609553478711, ""eb_rec"": 0.7541302235179785, ""f1_micro"": 0.8013856812933026, ""f1_macro"": 0.7525517598343685, ""primary"": 0.6554430379746835, ""lr"": 5e-05, ""dev_primary"": 0.59252}"
IndiaPoliceEvents_sents,multilabel,ConfliBERT-v2-wsd,123,128,5,16,0.64793,"{""eb_f1"": 0.6479318734793188, ""eb_acc"": 0.6394971613949716, ""eb_prec"": 0.7745940783190066, ""eb_rec"": 0.7740524781341108, ""f1_micro"": 0.7932960893854749, ""f1_macro"": 0.7332406027142154, ""primary"": 0.6479318734793188, ""lr"": 2e-05, ""dev_primary"": 0.57192}"
IndiaPoliceEvents_sents,multilabel,ConfliBERT-v2-wsd,123,128,5,16,0.65822,"{""eb_f1"": 0.6582222222222224, ""eb_acc"": 0.6511111111111111, ""eb_prec"": 0.8662053056516724, ""eb_rec"": 0.716715257531584, ""f1_micro"": 0.8053204353083434, ""f1_macro"": 0.7498200617967482, ""primary"": 0.6582222222222224, ""lr"": 3e-05, ""dev_primary"": 0.57142}"
IndiaPoliceEvents_sents,multilabel,ConfliBERT-v2-wsd,123,128,5,16,0.67069,"{""eb_f1"": 0.6706896551724139, ""eb_acc"": 0.6629720853858784, ""eb_prec"": 0.7929875120076848, ""eb_rec"": 0.7949465500485909, ""f1_micro"": 0.8084632516703786, ""f1_macro"": 0.7653408130266406, ""primary"": 0.6706896551724139, ""lr"": 5e-05, ""dev_primary"": 0.60101}"
IndiaPoliceEvents_sents,multilabel,ConfliBERT-v2-wsd,123,128,5,16,0.67555,"{""eb_f1"": 0.6755496921723834, ""eb_acc"": 0.6688654353562006, ""eb_prec"": 0.8615725359911406, ""eb_rec"": 0.7439261418853256, ""f1_micro"": 0.8170011806375442, ""f1_macro"": 0.7759193354234102, ""primary"": 0.6755496921723834, ""lr"": 8e-05, ""dev_primary"": 0.6063}"
IndiaPoliceEvents_sents,multilabel,ConfliBERT-v2-wsd,124,128,5,16,0.70009,"{""eb_f1"": 0.7000888888888888, ""eb_acc"": 0.692888888888889, ""eb_prec"": 0.8704918032786885, ""eb_rec"": 0.7648202137998057, ""f1_micro"": 0.8276670574443142, ""f1_macro"": 0.7782014636344723, ""primary"": 0.7000888888888888, ""lr"": 8e-05, ""dev_primary"": 0.59704}"
IndiaPoliceEvents_sents,multilabel,ConfliBERT-v2-wsd,125,128,5,16,0.67598,"{""eb_f1"": 0.675982905982906, ""eb_acc"": 0.6675213675213675, ""eb_prec"": 0.8307453416149069, ""eb_rec"": 0.7662779397473275, ""f1_micro"": 0.8125, ""f1_macro"": 0.74943699299622, ""primary"": 0.675982905982906, ""lr"": 8e-05, ""dev_primary"": 0.5881}"
20news,binary,ModernBERT-base,123,512,5,16,0.79735,"{""acc"": 0.9471587891662241, ""f1_micro"": 0.9471587891662241, ""f1_macro"": 0.8834853313847733, ""f1"": 0.7973523421588594, ""mcc"": 0.7695782384011436, ""primary"": 0.7973523421588594, ""lr"": 2e-05, ""dev_primary"": 0.82847}"
20news,binary,ModernBERT-base,123,512,5,16,0.80082,"{""acc"": 0.9482209240573553, ""f1_micro"": 0.9482209240573553, ""f1_macro"": 0.8855298986639466, ""f1"": 0.8008171603677222, ""mcc"": 0.7739288271209652, ""primary"": 0.8008171603677222, ""lr"": 3e-05, ""dev_primary"": 0.8117}"
20news,binary,ModernBERT-base,123,512,5,16,0.80527,"{""acc"": 0.9490175252257037, ""f1_micro"": 0.9490175252257037, ""f1_macro"": 0.887971472289412, ""f1"": 0.8052738336713996, ""mcc"": 0.7782558553078222, ""primary"": 0.8052738336713996, ""lr"": 5e-05, ""dev_primary"": 0.83394}"
20news,binary,ModernBERT-base,123,512,5,16,0.80631,"{""acc"": 0.9478226234731811, ""f1_micro"": 0.9478226234731811, ""f1_macro"": 0.888079464564732, ""f1"": 0.8063085263676688, ""mcc"": 0.7768368034805648, ""primary"": 0.8063085263676688, ""lr"": 8e-05, ""dev_primary"": 0.8223}"
20news,binary,ModernBERT-base,124,512,5,16,0.8068,"{""acc"": 0.9456983536909187, ""f1_micro"": 0.9456983536909187, ""f1_macro"": 0.8876058743033578, ""f1"": 0.8068020784128483, ""mcc"": 0.7752479571296, ""primary"": 0.8068020784128483, ""lr"": 5e-05, ""dev_primary"": 0.83333}"
20news,binary,ModernBERT-base,125,512,5,16,0.8026,"{""acc"": 0.9475570897503983, ""f1_micro"": 0.9475570897503983, ""f1_macro"": 0.8861803118191345, ""f1"": 0.8025987006496752, ""mcc"": 0.773705290798447, ""primary"": 0.8025987006496752, ""lr"": 5e-05, ""dev_primary"": 0.82226}"
re3d,ner,ConfliBERT-v2-wsd-core,123,128,5,16,0.4489,"{""f1_micro"": 0.4488977955911823, ""f1_macro"": 0.23515606590497257, ""precision"": 0.4092570036540804, ""recall"": 0.4970414201183432, ""acc"": 0.8305439330543933, ""primary"": 0.4488977955911823, ""lr"": 2e-05, ""dev_primary"": 0.42503}"
re3d,ner,ConfliBERT-v2-wsd-core,123,128,5,16,0.47937,"{""f1_micro"": 0.47937131630648333, ""f1_macro"": 0.2627522639385722, ""precision"": 0.4300822561692127, ""recall"": 0.5414201183431953, ""acc"": 0.8419551160136934, ""primary"": 0.47937131630648333, ""lr"": 3e-05, ""dev_primary"": 0.48909}"
re3d,ner,ConfliBERT-v2-wsd-core,123,128,5,16,0.56726,"{""f1_micro"": 0.5672630881378395, ""f1_macro"": 0.45301291128186805, ""precision"": 0.5138055222088835, ""recall"": 0.6331360946745562, ""acc"": 0.8647774819322936, ""primary"": 0.5672630881378395, ""lr"": 5e-05, ""dev_primary"": 0.57643}"
re3d,ner,ConfliBERT-v2-wsd-core,123,128,5,16,0.61186,"{""f1_micro"": 0.6118598382749326, ""f1_macro"": 0.48775968457999036, ""precision"": 0.5618811881188119, ""recall"": 0.6715976331360947, ""acc"": 0.8691517687333586, ""primary"": 0.6118598382749326, ""lr"": 8e-05, ""dev_primary"": 0.63284}"
re3d,ner,ConfliBERT-v2-wsd-core,124,128,5,16,0.62382,"{""f1_micro"": 0.6238159675236807, ""f1_macro"": 0.4933295872139678, ""precision"": 0.5748129675810474, ""recall"": 0.6819526627218935, ""acc"": 0.8737162419170788, ""primary"": 0.6238159675236807, ""lr"": 8e-05, ""dev_primary"": 0.62899}"
re3d,ner,ConfliBERT-v2-wsd-core,125,128,5,16,0.62092,"{""f1_micro"": 0.6209239130434783, ""f1_macro"": 0.5263246735135797, ""precision"": 0.5741206030150754, ""recall"": 0.6760355029585798, ""acc"": 0.8773297831875237, ""primary"": 0.6209239130434783, ""lr"": 8e-05, ""dev_primary"": 0.64686}"
IndiaPoliceEvents_docs,multilabel,ConfliBERT-v2-wsd-core,123,512,5,16,0.6253,"{""eb_f1"": 0.6253012048192771, ""eb_acc"": 0.5883534136546185, ""eb_prec"": 0.8255208333333333, ""eb_rec"": 0.6948051948051948, ""f1_micro"": 0.75, ""f1_macro"": 0.6572808833678399, ""primary"": 0.6253012048192771, ""lr"": 2e-05, ""dev_primary"": 0.70984}"
20news,binary,ConfliBERT-v2-wsd,123,512,5,16,0.78876,"{""acc"": 0.944105151354222, ""f1_micro"": 0.944105151354222, ""f1_macro"": 0.878275978010866, ""f1"": 0.7887606623181134, ""mcc"": 0.7581101869750388, ""primary"": 0.7887606623181134, ""lr"": 2e-05, ""dev_primary"": 0.83183}"
IndiaPoliceEvents_docs,multilabel,ConfliBERT-v2-wsd-core,123,512,5,16,0.63929,"{""eb_f1"": 0.6392857142857142, ""eb_acc"": 0.5952380952380951, ""eb_prec"": 0.7990196078431372, ""eb_rec"": 0.7294372294372294, ""f1_micro"": 0.7521367521367521, ""f1_macro"": 0.6377804314991956, ""primary"": 0.6392857142857142, ""lr"": 3e-05, ""dev_primary"": 0.65937}"
IndiaPoliceEvents_docs,multilabel,ConfliBERT-v2-wsd-core,123,512,5,16,0.64573,"{""eb_f1"": 0.6457251082251082, ""eb_acc"": 0.6003787878787878, ""eb_prec"": 0.7617521367521367, ""eb_rec"": 0.75, ""f1_micro"": 0.7310924369747899, ""f1_macro"": 0.5115844155844156, ""primary"": 0.6457251082251082, ""lr"": 5e-05, ""dev_primary"": 0.65869}"
IndiaPoliceEvents_docs,multilabel,ConfliBERT-v2-wsd-core,123,512,5,16,0.63113,"{""eb_f1"": 0.6311278195488721, ""eb_acc"": 0.5903508771929825, ""eb_prec"": 0.7344961240310078, ""eb_rec"": 0.7803030303030304, ""f1_micro"": 0.7355371900826446, ""f1_macro"": 0.5949920766748764, ""primary"": 0.6311278195488721, ""lr"": 8e-05, ""dev_primary"": 0.68619}"
IndiaPoliceEvents_docs,multilabel,ConfliBERT-v2-wsd-core,124,512,5,16,0.56155,"{""eb_f1"": 0.5615463389656937, ""eb_acc"": 0.5161290322580645, ""eb_prec"": 0.6602564102564104, ""eb_rec"": 0.7305194805194805, ""f1_micro"": 0.6929133858267716, ""f1_macro"": 0.6002477739063105, ""primary"": 0.5615463389656937, ""lr"": 2e-05, ""dev_primary"": 0.64917}"
IndiaPoliceEvents_docs,multilabel,ConfliBERT-v2-wsd-core,125,512,5,16,0.65206,"{""eb_f1"": 0.6520562770562771, ""eb_acc"": 0.6070075757575757, ""eb_prec"": 0.8162393162393162, ""eb_rec"": 0.7196969696969697, ""f1_micro"": 0.7330316742081447, ""f1_macro"": 0.41368421052631577, ""primary"": 0.6520562770562771, ""lr"": 2e-05, ""dev_primary"": 0.6152}"
insightCrime,multilabel,ConfliBERT-v2-wsd-core,123,512,5,8,0.65108,"{""eb_f1"": 0.651082251082251, ""eb_acc"": 0.6084956709956709, ""eb_prec"": 0.7385964912280701, ""eb_rec"": 0.7103729603729604, ""f1_micro"": 0.68188302425107, ""f1_macro"": 0.6791613933115295, ""primary"": 0.651082251082251, ""lr"": 2e-05, ""dev_primary"": 0.67487}"
20news,binary,ConfliBERT-v2-wsd,123,512,5,16,0.79211,"{""acc"": 0.945432819968136, ""f1_micro"": 0.945432819968136, ""f1_macro"": 0.8803520225853988, ""f1"": 0.7921092564491654, ""mcc"": 0.7628001539981631, ""primary"": 0.7921092564491654, ""lr"": 3e-05, ""dev_primary"": 0.81786}"
insightCrime,multilabel,ConfliBERT-v2-wsd-core,123,512,5,8,0.66035,"{""eb_f1"": 0.6603485838779957, ""eb_acc"": 0.6187363834422658, ""eb_prec"": 0.74093567251462, ""eb_rec"": 0.7162004662004662, ""f1_micro"": 0.6988636363636364, ""f1_macro"": 0.6925714868016024, ""primary"": 0.6603485838779957, ""lr"": 3e-05, ""dev_primary"": 0.70021}"
insightCrime,multilabel,ConfliBERT-v2-wsd-core,123,512,5,8,0.67377,"{""eb_f1"": 0.6737704918032786, ""eb_acc"": 0.6327868852459017, ""eb_prec"": 0.7379310344827587, ""eb_rec"": 0.7284382284382284, ""f1_micro"": 0.7014084507042253, ""f1_macro"": 0.7031218004277621, ""primary"": 0.6737704918032786, ""lr"": 5e-05, ""dev_primary"": 0.71522}"
insightCrime,multilabel,ConfliBERT-v2-wsd-core,123,512,5,8,0.67432,"{""eb_f1"": 0.6743169398907104, ""eb_acc"": 0.6300546448087432, ""eb_prec"": 0.7377622377622378, ""eb_rec"": 0.7453379953379953, ""f1_micro"": 0.708507670850767, ""f1_macro"": 0.7130853903044627, ""primary"": 0.6743169398907104, ""lr"": 8e-05, ""dev_primary"": 0.71806}"
insightCrime,multilabel,ConfliBERT-v2-wsd-core,124,512,5,8,0.6682,"{""eb_f1"": 0.6681967213114755, ""eb_acc"": 0.6251366120218579, ""eb_prec"": 0.7497055359246172, ""eb_rec"": 0.7266899766899766, ""f1_micro"": 0.6998577524893315, ""f1_macro"": 0.7124450332321598, ""primary"": 0.6681967213114755, ""lr"": 8e-05, ""dev_primary"": 0.73967}"
insightCrime,multilabel,ConfliBERT-v2-wsd-core,125,512,5,8,0.67191,"{""eb_f1"": 0.671912568306011, ""eb_acc"": 0.6251366120218579, ""eb_prec"": 0.7517857142857143, ""eb_rec"": 0.7441724941724942, ""f1_micro"": 0.7094972067039106, ""f1_macro"": 0.7094041605212459, ""primary"": 0.671912568306011, ""lr"": 8e-05, ""dev_primary"": 0.719}"
satp_relevant,multilabel,ConfliBERT-v2-wsd-core,123,256,5,16,0.86409,"{""eb_f1"": 0.8640915593705293, ""eb_acc"": 0.8290414878397712, ""eb_prec"": 0.8927038626609443, ""eb_rec"": 0.8705293276108728, ""f1_micro"": 0.8452830188679246, ""f1_macro"": 0.8192496077165411, ""primary"": 0.8640915593705293, ""lr"": 2e-05, ""dev_primary"": 0.88434}"
satp_relevant,multilabel,ConfliBERT-v2-wsd-core,123,256,5,16,0.87124,"{""eb_f1"": 0.871244635193133, ""eb_acc"": 0.8383404864091559, ""eb_prec"": 0.9051724137931034, ""eb_rec"": 0.8726752503576538, ""f1_micro"": 0.8538899430740038, ""f1_macro"": 0.8294618808431868, ""primary"": 0.871244635193133, ""lr"": 3e-05, ""dev_primary"": 0.88549}"
20news,binary,ConfliBERT-v2-wsd,123,512,5,16,0.79878,"{""acc"": 0.9472915560276155, ""f1_micro"": 0.9472915560276155, ""f1_macro"": 0.8842287000083591, ""f1"": 0.7987835783071465, ""mcc"": 0.7707163953691188, ""primary"": 0.7987835783071465, ""lr"": 5e-05, ""dev_primary"": 0.82051}"
satp_relevant,multilabel,ConfliBERT-v2-wsd-core,123,256,5,16,0.88984,"{""eb_f1"": 0.8898426323319026, ""eb_acc"": 0.8612303290414878, ""eb_prec"": 0.9245689655172413, ""eb_rec"": 0.8876967095851215, ""f1_micro"": 0.8761904761904762, ""f1_macro"": 0.8456296387168005, ""primary"": 0.8898426323319026, ""lr"": 5e-05, ""dev_primary"": 0.89267}"
satp_relevant,multilabel,ConfliBERT-v2-wsd-core,123,256,5,16,0.88054,"{""eb_f1"": 0.8805436337625178, ""eb_acc"": 0.8512160228898425, ""eb_prec"": 0.9141630901287554, ""eb_rec"": 0.876967095851216, ""f1_micro"": 0.864244741873805, ""f1_macro"": 0.8231697336058983, ""primary"": 0.8805436337625178, ""lr"": 8e-05, ""dev_primary"": 0.9}"
satp_relevant,multilabel,ConfliBERT-v2-wsd-core,124,256,5,16,0.87969,"{""eb_f1"": 0.8796852646638054, ""eb_acc"": 0.8419170243204578, ""eb_prec"": 0.8912732474964236, ""eb_rec"": 0.9048640915593705, ""f1_micro"": 0.8592321755027422, ""f1_macro"": 0.8423599592516845, ""primary"": 0.8796852646638054, ""lr"": 8e-05, ""dev_primary"": 0.90201}"
satp_relevant,multilabel,ConfliBERT-v2-wsd-core,125,256,5,16,0.88269,"{""eb_f1"": 0.8826895565092989, ""eb_acc"": 0.8569384835479257, ""eb_prec"": 0.9202586206896551, ""eb_rec"": 0.874821173104435, ""f1_micro"": 0.8714011516314779, ""f1_macro"": 0.847243455302978, ""primary"": 0.8826895565092989, ""lr"": 8e-05, ""dev_primary"": 0.88994}"
cameo_class,multiclass,ConfliBERT-v2-wsd-core,123,256,5,16,0.80124,"{""acc"": 0.811529933481153, ""f1_micro"": 0.811529933481153, ""f1_macro"": 0.8012403669629945, ""primary"": 0.8012403669629945, ""lr"": 2e-05, ""dev_primary"": 0.93958}"
cameo_class,multiclass,ConfliBERT-v2-wsd-core,123,256,5,16,0.84157,"{""acc"": 0.8470066518847007, ""f1_micro"": 0.8470066518847007, ""f1_macro"": 0.8415697192074203, ""primary"": 0.8415697192074203, ""lr"": 3e-05, ""dev_primary"": 0.94638}"
cameo_class,multiclass,ConfliBERT-v2-wsd-core,123,256,5,16,0.86528,"{""acc"": 0.8736141906873615, ""f1_micro"": 0.8736141906873615, ""f1_macro"": 0.8652832783540081, ""primary"": 0.8652832783540081, ""lr"": 5e-05, ""dev_primary"": 0.9686}"
cameo_class,multiclass,ConfliBERT-v2-wsd-core,123,256,5,16,0.85721,"{""acc"": 0.8625277161862528, ""f1_micro"": 0.8625277161862528, ""f1_macro"": 0.8572102940490176, ""primary"": 0.8572102940490176, ""lr"": 8e-05, ""dev_primary"": 0.96913}"
cameo_class,multiclass,ConfliBERT-v2-wsd-core,124,256,5,16,0.86356,"{""acc"": 0.8713968957871396, ""f1_micro"": 0.8713968957871396, ""f1_macro"": 0.8635607870288464, ""primary"": 0.8635607870288464, ""lr"": 8e-05, ""dev_primary"": 0.9854}"
20news,binary,ConfliBERT-v2-wsd,123,512,5,16,0.79648,"{""acc"": 0.944768985661179, ""f1_micro"": 0.944768985661179, ""f1_macro"": 0.8822633251267807, ""f1"": 0.7964774951076321, ""mcc"": 0.7649386998661943, ""primary"": 0.7964774951076321, ""lr"": 8e-05, ""dev_primary"": 0.81625}"
cameo_class,multiclass,ConfliBERT-v2-wsd-core,125,256,5,16,0.8693,"{""acc"": 0.8780487804878049, ""f1_micro"": 0.8780487804878049, ""f1_macro"": 0.8693039395795059, ""primary"": 0.8693039395795059, ""lr"": 8e-05, ""dev_primary"": 0.96397}"
cameo_ner,ner,ConfliBERT-v2-wsd-core,123,128,5,16,0.39601,"{""f1_micro"": 0.39600665557404324, ""f1_macro"": 0.2691595812366245, ""precision"": 0.3901639344262295, ""recall"": 0.40202702702702703, ""acc"": 0.8503464593544026, ""primary"": 0.39600665557404324, ""lr"": 2e-05, ""dev_primary"": 0.49327}"
cameo_ner,ner,ConfliBERT-v2-wsd-core,123,128,5,16,0.43405,"{""f1_micro"": 0.4340467894474863, ""f1_macro"": 0.319460900564209, ""precision"": 0.38893844781445136, ""recall"": 0.49099099099099097, ""acc"": 0.8623457833361501, ""primary"": 0.4340467894474863, ""lr"": 3e-05, ""dev_primary"": 0.5554}"
cameo_ner,ner,ConfliBERT-v2-wsd-core,123,128,5,16,0.52659,"{""f1_micro"": 0.5265901981230449, ""f1_macro"": 0.3985129047032805, ""precision"": 0.49029126213592233, ""recall"": 0.5686936936936937, ""acc"": 0.8760351529491296, ""primary"": 0.5265901981230449, ""lr"": 5e-05, ""dev_primary"": 0.60894}"
cameo_ner,ner,ConfliBERT-v2-wsd-core,123,128,5,16,0.57294,"{""f1_micro"": 0.5729442970822282, ""f1_macro"": 0.44983054731893785, ""precision"": 0.5416248746238717, ""recall"": 0.6081081081081081, ""acc"": 0.8872739563968227, ""primary"": 0.5729442970822282, ""lr"": 8e-05, ""dev_primary"": 0.61538}"
cameo_ner,ner,ConfliBERT-v2-wsd-core,124,128,5,16,0.60791,"{""f1_micro"": 0.6079059829059829, ""f1_macro"": 0.5109630535479163, ""precision"": 0.5782520325203252, ""recall"": 0.6407657657657657, ""acc"": 0.8951326685820518, ""primary"": 0.6079059829059829, ""lr"": 8e-05, ""dev_primary"": 0.64103}"
cameo_ner,ner,ConfliBERT-v2-wsd-core,125,128,5,16,0.63781,"{""f1_micro"": 0.6378082191780821, ""f1_macro"": 0.5372086827723667, ""precision"": 0.6211312700106724, ""recall"": 0.6554054054054054, ""acc"": 0.905272942369444, ""primary"": 0.6378082191780821, ""lr"": 8e-05, ""dev_primary"": 0.69412}"
20news,binary,ConfliBERT-v2-wsd,124,512,5,16,0.76825,"{""acc"": 0.9418481147105683, ""f1_micro"": 0.9418481147105683, ""f1_macro"": 0.8675033314778267, ""f1"": 0.7682539682539683, ""mcc"": 0.7414625973657034, ""primary"": 0.7682539682539683, ""lr"": 2e-05, ""dev_primary"": 0.80524}"
IndiaPoliceEvents_sents,multilabel,ConfliBERT-v2-wsd-core,123,128,5,16,0.65391,"{""eb_f1"": 0.6539094650205761, ""eb_acc"": 0.6436213991769546, ""eb_prec"": 0.7898338220918866, ""eb_rec"": 0.770651117589893, ""f1_micro"": 0.7963800904977375, ""f1_macro"": 0.7264268103686804, ""primary"": 0.6539094650205761, ""lr"": 2e-05, ""dev_primary"": 0.57239}"
20news,binary,ConfliBERT-v2-wsd,125,512,5,16,0.79455,"{""acc"": 0.9459638874137015, ""f1_micro"": 0.9459638874137015, ""f1_macro"": 0.8817195675665748, ""f1"": 0.7945482079757699, ""mcc"": 0.7653993440269352, ""primary"": 0.7945482079757699, ""lr"": 2e-05, ""dev_primary"": 0.81091}"
BBC_News,binary,ModernBERT-base,123,512,5,16,0.96226,"{""acc"": 0.9875776397515528, ""f1_micro"": 0.9875776397515528, ""f1_macro"": 0.977414603352739, ""f1"": 0.9622641509433962, ""mcc"": 0.954829206705478, ""primary"": 0.9622641509433962, ""lr"": 2e-05, ""dev_primary"": 0.98438}"
IndiaPoliceEvents_sents,multilabel,ConfliBERT-v2-wsd-core,123,128,5,16,0.6641,"{""eb_f1"": 0.6640961857379769, ""eb_acc"": 0.6563018242122721, ""eb_prec"": 0.7998027613412229, ""eb_rec"": 0.7769679300291545, ""f1_micro"": 0.8036322360953462, ""f1_macro"": 0.7413969316504949, ""primary"": 0.6640961857379769, ""lr"": 3e-05, ""dev_primary"": 0.60526}"
BBC_News,binary,ModernBERT-base,123,512,5,16,0.97196,"{""acc"": 0.9906832298136646, ""f1_micro"": 0.9906832298136646, ""f1_macro"": 0.9831880123218295, ""f1"": 0.9719626168224299, ""mcc"": 0.9664373110919018, ""primary"": 0.9719626168224299, ""lr"": 3e-05, ""dev_primary"": 0.98438}"
BBC_News,binary,ModernBERT-base,123,512,5,16,0.97196,"{""acc"": 0.9906832298136646, ""f1_micro"": 0.9906832298136646, ""f1_macro"": 0.9831880123218295, ""f1"": 0.9719626168224299, ""mcc"": 0.9664373110919018, ""primary"": 0.9719626168224299, ""lr"": 5e-05, ""dev_primary"": 0.99213}"
BBC_News,binary,ModernBERT-base,123,512,5,16,0.95327,"{""acc"": 0.984472049689441, ""f1_micro"": 0.984472049689441, ""f1_macro"": 0.9719800205363824, ""f1"": 0.9532710280373832, ""mcc"": 0.9440203096388264, ""primary"": 0.9532710280373832, ""lr"": 8e-05, ""dev_primary"": 0.98438}"
BBC_News,binary,ModernBERT-base,124,512,5,16,0.98113,"{""acc"": 0.9937888198757764, ""f1_micro"": 0.9937888198757764, ""f1_macro"": 0.9887073016763694, ""f1"": 0.9811320754716981, ""mcc"": 0.977414603352739, ""primary"": 0.9811320754716981, ""lr"": 5e-05, ""dev_primary"": 0.98438}"
IndiaPoliceEvents_sents,multilabel,ConfliBERT-v2-wsd-core,123,128,5,16,0.68321,"{""eb_f1"": 0.6832067510548523, ""eb_acc"": 0.6742616033755274, ""eb_prec"": 0.8248248248248247, ""eb_rec"": 0.783284742468416, ""f1_micro"": 0.8188073394495413, ""f1_macro"": 0.7541959117743207, ""primary"": 0.6832067510548523, ""lr"": 5e-05, ""dev_primary"": 0.61887}"
BBC_News,binary,ModernBERT-base,125,512,5,16,0.98113,"{""acc"": 0.9937888198757764, ""f1_micro"": 0.9937888198757764, ""f1_macro"": 0.9887073016763694, ""f1"": 0.9811320754716981, ""mcc"": 0.977414603352739, ""primary"": 0.9811320754716981, ""lr"": 5e-05, ""dev_primary"": 0.99213}"
BBC_News,binary,ConfliBERT-v2-wsd,123,512,5,16,0.96078,"{""acc"": 0.9875776397515528, ""f1_micro"": 0.9875776397515528, ""f1_macro"": 0.9767021199623761, ""f1"": 0.9607843137254902, ""mcc"": 0.9544538226972246, ""primary"": 0.9607843137254902, ""lr"": 2e-05, ""dev_primary"": 0.99213}"
BBC_News,binary,ConfliBERT-v2-wsd,123,512,5,16,0.96296,"{""acc"": 0.9875776397515528, ""f1_micro"": 0.9875776397515528, ""f1_macro"": 0.9777501381978994, ""f1"": 0.9629629629629629, ""mcc"": 0.9557399202137318, ""primary"": 0.9629629629629629, ""lr"": 3e-05, ""dev_primary"": 0.98438}"
BBC_News,binary,ConfliBERT-v2-wsd,123,512,5,16,0.95327,"{""acc"": 0.984472049689441, ""f1_micro"": 0.984472049689441, ""f1_macro"": 0.9719800205363824, ""f1"": 0.9532710280373832, ""mcc"": 0.9440203096388264, ""primary"": 0.9532710280373832, ""lr"": 5e-05, ""dev_primary"": 0.98438}"
IndiaPoliceEvents_sents,multilabel,ConfliBERT-v2-wsd-core,123,128,5,16,0.6734,"{""eb_f1"": 0.6734033245844271, ""eb_acc"": 0.6662292213473315, ""eb_prec"": 0.8570640176600441, ""eb_rec"": 0.749271137026239, ""f1_micro"": 0.81786133960047, ""f1_macro"": 0.7817759198871389, ""primary"": 0.6734033245844271, ""lr"": 8e-05, ""dev_primary"": 0.60497}"
BBC_News,binary,ConfliBERT-v2-wsd,123,512,5,16,0.97196,"{""acc"": 0.9906832298136646, ""f1_micro"": 0.9906832298136646, ""f1_macro"": 0.9831880123218295, ""f1"": 0.9719626168224299, ""mcc"": 0.9664373110919018, ""primary"": 0.9719626168224299, ""lr"": 8e-05, ""dev_primary"": 0.98438}"
BBC_News,binary,ConfliBERT-v2-wsd,124,512,5,16,0.94118,"{""acc"": 0.9813664596273292, ""f1_micro"": 0.9813664596273292, ""f1_macro"": 0.9650531799435642, ""f1"": 0.9411764705882353, ""mcc"": 0.9311373724348389, ""primary"": 0.9411764705882353, ""lr"": 2e-05, ""dev_primary"": 0.99213}"
BBC_News,binary,ConfliBERT-v2-wsd,125,512,5,16,0.96226,"{""acc"": 0.9875776397515528, ""f1_micro"": 0.9875776397515528, ""f1_macro"": 0.977414603352739, ""f1"": 0.9622641509433962, ""mcc"": 0.954829206705478, ""primary"": 0.9622641509433962, ""lr"": 2e-05, ""dev_primary"": 0.98438}"
IndiaPoliceEvents_sents,multilabel,ConfliBERT-v2-wsd-core,124,128,5,16,0.67851,"{""eb_f1"": 0.6785087719298246, ""eb_acc"": 0.668859649122807, ""eb_prec"": 0.8463203463203463, ""eb_rec"": 0.7536443148688047, ""f1_micro"": 0.8126463700234192, ""f1_macro"": 0.7518507424451472, ""primary"": 0.6785087719298246, ""lr"": 5e-05, ""dev_primary"": 0.61114}"
IndiaPoliceEvents_sents,multilabel,ConfliBERT-v2-wsd-core,125,128,5,16,0.65403,"{""eb_f1"": 0.6540288379983036, ""eb_acc"": 0.6463104325699746, ""eb_prec"": 0.8130208333333334, ""eb_rec"": 0.7487852283770651, ""f1_micro"": 0.8013937282229965, ""f1_macro"": 0.7442216988846369, ""primary"": 0.6540288379983036, ""lr"": 5e-05, ""dev_primary"": 0.58811}"
20news,binary,ConfliBERT-v2-wsd-core,123,512,5,16,0.80307,"{""acc"": 0.9455655868295274, ""f1_micro"": 0.9455655868295274, ""f1_macro"": 0.8857458883067384, ""f1"": 0.803073967339097, ""mcc"": 0.7715333403132605, ""primary"": 0.803073967339097, ""lr"": 2e-05, ""dev_primary"": 0.8223}"
20news,binary,ConfliBERT-v2-wsd-core,123,512,5,16,0.80969,"{""acc"": 0.9478226234731811, ""f1_micro"": 0.9478226234731811, ""f1_macro"": 0.8897260675853814, ""f1"": 0.8096852300242131, ""mcc"": 0.7796125857354228, ""primary"": 0.8096852300242131, ""lr"": 3e-05, ""dev_primary"": 0.82517}"
20news,binary,ConfliBERT-v2-wsd-core,123,512,5,16,0.78766,"{""acc"": 0.9442379182156134, ""f1_micro"": 0.9442379182156134, ""f1_macro"": 0.8777844691422243, ""f1"": 0.7876643073811931, ""mcc"": 0.7576192792608284, ""primary"": 0.7876643073811931, ""lr"": 5e-05, ""dev_primary"": 0.81295}"
20news,binary,ConfliBERT-v2-wsd-core,123,512,5,16,0.77701,"{""acc"": 0.9443706850770048, ""f1_micro"": 0.9443706850770048, ""f1_macro"": 0.8726152555751119, ""f1"": 0.77700904736562, ""mcc"": 0.7525300843829311, ""primary"": 0.77700904736562, ""lr"": 8e-05, ""dev_primary"": 0.81973}"
20news,binary,ConfliBERT-v2-wsd-core,124,512,5,16,0.80197,"{""acc"": 0.9464949548592672, ""f1_micro"": 0.9464949548592672, ""f1_macro"": 0.885517300944425, ""f1"": 0.801965601965602, ""mcc"": 0.7715972524047342, ""primary"": 0.801965601965602, ""lr"": 3e-05, ""dev_primary"": 0.81109}"
20news,binary,ConfliBERT-v2-wsd-core,125,512,5,16,0.80749,"{""acc"": 0.94676048858205, ""f1_micro"": 0.94676048858205, ""f1_macro"": 0.8882989477992929, ""f1"": 0.8074891982717235, ""mcc"": 0.7766351147301795, ""primary"": 0.8074891982717235, ""lr"": 3e-05, ""dev_primary"": 0.81724}"
BBC_News,binary,ConfliBERT-v2-wsd-core,123,512,5,16,0.96154,"{""acc"": 0.9875776397515528, ""f1_micro"": 0.9875776397515528, ""f1_macro"": 0.9770655270655271, ""f1"": 0.9615384615384616, ""mcc"": 0.9543853167609762, ""primary"": 0.9615384615384616, ""lr"": 2e-05, ""dev_primary"": 0.99213}"
BBC_News,binary,ConfliBERT-v2-wsd-core,123,512,5,16,0.94231,"{""acc"": 0.9813664596273292, ""f1_micro"": 0.9813664596273292, ""f1_macro"": 0.9655982905982906, ""f1"": 0.9423076923076923, ""mcc"": 0.9314464444763577, ""primary"": 0.9423076923076923, ""lr"": 3e-05, ""dev_primary"": 0.99213}"
BBC_News,binary,ConfliBERT-v2-wsd-core,123,512,5,16,0.96154,"{""acc"": 0.9875776397515528, ""f1_micro"": 0.9875776397515528, ""f1_macro"": 0.9770655270655271, ""f1"": 0.9615384615384616, ""mcc"": 0.9543853167609762, ""primary"": 0.9615384615384616, ""lr"": 5e-05, ""dev_primary"": 0.99213}"
BBC_News,binary,ConfliBERT-v2-wsd-core,123,512,5,16,0.95327,"{""acc"": 0.984472049689441, ""f1_micro"": 0.984472049689441, ""f1_macro"": 0.9719800205363824, ""f1"": 0.9532710280373832, ""mcc"": 0.9440203096388264, ""primary"": 0.9532710280373832, ""lr"": 8e-05, ""dev_primary"": 0.99213}"
BBC_News,binary,ConfliBERT-v2-wsd-core,124,512,5,16,0.9434,"{""acc"": 0.9813664596273292, ""f1_micro"": 0.9813664596273292, ""f1_macro"": 0.9661219050291086, ""f1"": 0.9433962264150944, ""mcc"": 0.932243810058217, ""primary"": 0.9433962264150944, ""lr"": 2e-05, ""dev_primary"": 0.98438}"
BBC_News,binary,ConfliBERT-v2-wsd-core,125,512,5,16,0.93333,"{""acc"": 0.9782608695652174, ""f1_micro"": 0.9782608695652174, ""f1_macro"": 0.9601731601731602, ""f1"": 0.9333333333333333, ""mcc"": 0.9204073165195646, ""primary"": 0.9333333333333333, ""lr"": 2e-05, ""dev_primary"": 0.99213}"
satp_relevant,multilabel,ConfliBERT-v2-wsd-TAPT,123,256,5,16,0.88813,"{""eb_f1"": 0.8881258941344778, ""eb_acc"": 0.8562231759656652, ""eb_prec"": 0.9188218390804598, ""eb_rec"": 0.8912732474964234, ""f1_micro"": 0.8716981132075472, ""f1_macro"": 0.8355192914021337, ""primary"": 0.8881258941344778, ""lr"": 5e-05, ""dev_primary"": 0.89411}"
satp_relevant,multilabel,ConfliBERT-v2-wsd-TAPT,124,256,5,16,0.87754,"{""eb_f1"": 0.8775393419170242, ""eb_acc"": 0.8469241773962803, ""eb_prec"": 0.8948497854077253, ""eb_rec"": 0.8891273247496423, ""f1_micro"": 0.8645640074211502, ""f1_macro"": 0.8492477785793637, ""primary"": 0.8775393419170242, ""lr"": 5e-05, ""dev_primary"": 0.90417}"
satp_relevant,multilabel,ConfliBERT-v2-wsd-TAPT,125,256,5,16,0.8774,"{""eb_f1"": 0.8773962804005722, ""eb_acc"": 0.8447782546494992, ""eb_prec"": 0.8934191702432045, ""eb_rec"": 0.8912732474964234, ""f1_micro"": 0.8613678373382625, ""f1_macro"": 0.8396002627090413, ""primary"": 0.8773962804005722, ""lr"": 5e-05, ""dev_primary"": 0.89856}"
insightCrime,multilabel,ConfliBERT-v2-wsd-TAPT,123,512,5,8,0.6795,"{""eb_f1"": 0.6794956140350877, ""eb_acc"": 0.6337719298245613, ""eb_prec"": 0.747953216374269, ""eb_rec"": 0.743006993006993, ""f1_micro"": 0.7050561797752809, ""f1_macro"": 0.7063945496329375, ""primary"": 0.6794956140350877, ""lr"": 5e-05, ""dev_primary"": 0.72139}"
insightCrime,multilabel,ConfliBERT-v2-wsd-TAPT,124,512,5,8,0.65789,"{""eb_f1"": 0.6578947368421053, ""eb_acc"": 0.6151315789473685, ""eb_prec"": 0.7535971223021583, ""eb_rec"": 0.7103729603729604, ""f1_micro"": 0.6897546897546898, ""f1_macro"": 0.6926296582723178, ""primary"": 0.6578947368421053, ""lr"": 5e-05, ""dev_primary"": 0.71337}"
insightCrime,multilabel,ConfliBERT-v2-wsd-TAPT,125,512,5,8,0.68867,"{""eb_f1"": 0.6886710239651417, ""eb_acc"": 0.6448801742919389, ""eb_prec"": 0.7448275862068966, ""eb_rec"": 0.7610722610722611, ""f1_micro"": 0.710562414266118, ""f1_macro"": 0.7081857639187457, ""primary"": 0.6886710239651417, ""lr"": 5e-05, ""dev_primary"": 0.70852}"
IndiaPoliceEvents_sents,multilabel,ConfliBERT-v2-wsd-TAPT,123,128,5,16,0.67667,"{""eb_f1"": 0.6766749379652607, ""eb_acc"": 0.6687344913151365, ""eb_prec"": 0.8004830917874395, ""eb_rec"": 0.7939747327502429, ""f1_micro"": 0.8143982002249719, ""f1_macro"": 0.7700909367793586, ""primary"": 0.6766749379652607, ""lr"": 8e-05, ""dev_primary"": 0.60469}"
IndiaPoliceEvents_sents,multilabel,ConfliBERT-v2-wsd-TAPT,124,128,5,16,0.65297,"{""eb_f1"": 0.6529680365296804, ""eb_acc"": 0.6449771689497716, ""eb_prec"": 0.736217133163698, ""eb_rec"": 0.8333333333333333, ""f1_micro"": 0.802547770700637, ""f1_macro"": 0.7712091591024766, ""primary"": 0.6529680365296804, ""lr"": 8e-05, ""dev_primary"": 0.5966}"
IndiaPoliceEvents_sents,multilabel,ConfliBERT-v2-wsd-TAPT,125,128,5,16,0.67379,"{""eb_f1"": 0.6737913486005089, ""eb_acc"": 0.6658184902459712, ""eb_prec"": 0.8261538461538461, ""eb_rec"": 0.7691933916423712, ""f1_micro"": 0.81199538638985, ""f1_macro"": 0.7667622589951214, ""primary"": 0.6737913486005089, ""lr"": 8e-05, ""dev_primary"": 0.6099}"
IndiaPoliceEvents_docs,multilabel,ConfliBERT-v2-wsd-TAPT,123,512,5,16,0.67262,"{""eb_f1"": 0.6726190476190477, ""eb_acc"": 0.6359126984126984, ""eb_prec"": 0.8356807511737089, ""eb_rec"": 0.7391774891774892, ""f1_micro"": 0.7665198237885462, ""f1_macro"": 0.6822128851540616, ""primary"": 0.6726190476190477, ""lr"": 8e-05, ""dev_primary"": 0.67935}"
IndiaPoliceEvents_docs,multilabel,ConfliBERT-v2-wsd-TAPT,124,512,5,16,0.68016,"{""eb_f1"": 0.6801587301587301, ""eb_acc"": 0.6458333333333333, ""eb_prec"": 0.8285714285714286, ""eb_rec"": 0.7673160173160174, ""f1_micro"": 0.7739130434782608, ""f1_macro"": 0.6377777777777778, ""primary"": 0.6801587301587301, ""lr"": 8e-05, ""dev_primary"": 0.66575}"
IndiaPoliceEvents_docs,multilabel,ConfliBERT-v2-wsd-TAPT,125,512,5,16,0.62713,"{""eb_f1"": 0.6271317829457363, ""eb_acc"": 0.5939922480620156, ""eb_prec"": 0.7976190476190477, ""eb_rec"": 0.711038961038961, ""f1_micro"": 0.7345132743362832, ""f1_macro"": 0.6378304319793682, ""primary"": 0.6271317829457363, ""lr"": 8e-05, ""dev_primary"": 0.69215}"
cameo_class,multiclass,ConfliBERT-v2-wsd-TAPT,123,256,5,16,0.85208,"{""acc"": 0.8558758314855875, ""f1_micro"": 0.8558758314855875, ""f1_macro"": 0.8520788569349536, ""primary"": 0.8520788569349536, ""lr"": 8e-05, ""dev_primary"": 0.9793}"
cameo_class,multiclass,ConfliBERT-v2-wsd-TAPT,124,256,5,16,0.8728,"{""acc"": 0.8802660753880266, ""f1_micro"": 0.8802660753880266, ""f1_macro"": 0.8727984358095633, ""primary"": 0.8727984358095633, ""lr"": 8e-05, ""dev_primary"": 0.98367}"
cameo_class,multiclass,ConfliBERT-v2-wsd-TAPT,125,256,5,16,0.88166,"{""acc"": 0.8869179600886918, ""f1_micro"": 0.8869179600886918, ""f1_macro"": 0.8816578681911892, ""primary"": 0.8816578681911892, ""lr"": 8e-05, ""dev_primary"": 0.99441}"
cameo_ner,ner,ConfliBERT-v2-wsd-TAPT,123,128,5,16,0.6757,"{""f1_micro"": 0.6757049891540131, ""f1_macro"": 0.6028786013134028, ""precision"": 0.6516736401673641, ""recall"": 0.7015765765765766, ""acc"": 0.913976677370289, ""primary"": 0.6757049891540131, ""lr"": 8e-05, ""dev_primary"": 0.7278}"
cameo_ner,ner,ConfliBERT-v2-wsd-TAPT,124,128,5,16,0.68973,"{""f1_micro"": 0.6897309170785284, ""f1_macro"": 0.6290708901036229, ""precision"": 0.6730975348338692, ""recall"": 0.7072072072072072, ""acc"": 0.9163427412540138, ""primary"": 0.6897309170785284, ""lr"": 8e-05, ""dev_primary"": 0.76831}"
cameo_ner,ner,ConfliBERT-v2-wsd-TAPT,125,128,5,16,0.60831,"{""f1_micro"": 0.6083102493074791, ""f1_macro"": 0.5304836714288135, ""precision"": 0.5986913849509269, ""recall"": 0.6182432432432432, ""acc"": 0.9024843670779111, ""primary"": 0.6083102493074791, ""lr"": 8e-05, ""dev_primary"": 0.67647}"
re3d,ner,ConfliBERT-v2-wsd-TAPT,123,128,5,16,0.62466,"{""f1_micro"": 0.6246612466124661, ""f1_macro"": 0.5291339627312519, ""precision"": 0.57625, ""recall"": 0.6819526627218935, ""acc"": 0.8729554963864588, ""primary"": 0.6246612466124661, ""lr"": 8e-05, ""dev_primary"": 0.64186}"
re3d,ner,ConfliBERT-v2-wsd-TAPT,124,128,5,16,0.63807,"{""f1_micro"": 0.6380697050938339, ""f1_macro"": 0.48910516088997713, ""precision"": 0.5833333333333334, ""recall"": 0.7041420118343196, ""acc"": 0.8710536325599088, ""primary"": 0.6380697050938339, ""lr"": 8e-05, ""dev_primary"": 0.64495}"
re3d,ner,ConfliBERT-v2-wsd-TAPT,125,128,5,16,0.63038,"{""f1_micro"": 0.6303763440860215, ""f1_macro"": 0.5288424396411351, ""precision"": 0.5775862068965517, ""recall"": 0.6937869822485208, ""acc"": 0.8817040699885889, ""primary"": 0.6303763440860215, ""lr"": 8e-05, ""dev_primary"": 0.63801}"
20news,binary,ConfliBERT-v2-wsd-TAPT,123,512,5,16,0.82054,"{""acc"": 0.9503451938396177, ""f1_micro"": 0.9503451938396177, ""f1_macro"": 0.8958619343504994, ""f1"": 0.8205374280230326, ""mcc"": 0.7917572693298534, ""primary"": 0.8205374280230326, ""lr"": 2e-05, ""dev_primary"": 0.82394}"
20news,binary,ConfliBERT-v2-wsd-TAPT,124,512,5,16,0.81949,"{""acc"": 0.9483536909187467, ""f1_micro"": 0.9483536909187467, ""f1_macro"": 0.8946777720682292, ""f1"": 0.8194895591647332, ""mcc"": 0.7897286952235744, ""primary"": 0.8194895591647332, ""lr"": 2e-05, ""dev_primary"": 0.82137}"
20news,binary,ConfliBERT-v2-wsd-TAPT,125,512,5,16,0.81613,"{""acc"": 0.9503451938396177, ""f1_micro"": 0.9503451938396177, ""f1_macro"": 0.8937114336403926, ""f1"": 0.816125860373648, ""mcc"": 0.788012286730478, ""primary"": 0.816125860373648, ""lr"": 2e-05, ""dev_primary"": 0.82648}"
BBC_News,binary,ConfliBERT-v2-wsd-TAPT,123,512,5,16,0.97196,"{""acc"": 0.9906832298136646, ""f1_micro"": 0.9906832298136646, ""f1_macro"": 0.9831880123218295, ""f1"": 0.9719626168224299, ""mcc"": 0.9664373110919018, ""primary"": 0.9719626168224299, ""lr"": 2e-05, ""dev_primary"": 0.99213}"
BBC_News,binary,ConfliBERT-v2-wsd-TAPT,124,512,5,16,0.95495,"{""acc"": 0.984472049689441, ""f1_micro"": 0.984472049689441, ""f1_macro"": 0.9727870459577777, ""f1"": 0.954954954954955, ""mcc"": 0.9469995256204966, ""primary"": 0.954954954954955, ""lr"": 2e-05, ""dev_primary"": 0.98438}"
BBC_News,binary,ConfliBERT-v2-wsd-TAPT,125,512,5,16,0.9434,"{""acc"": 0.9813664596273292, ""f1_micro"": 0.9813664596273292, ""f1_macro"": 0.9661219050291086, ""f1"": 0.9433962264150944, ""mcc"": 0.932243810058217, ""primary"": 0.9433962264150944, ""lr"": 2e-05, ""dev_primary"": 0.98438}"
satp_relevant,multilabel,ConfliBERT-v2-aug-wsd,123,256,5,16,0.86338,"{""eb_f1"": 0.8633762517882689, ""eb_acc"": 0.8326180257510729, ""eb_prec"": 0.9082969432314411, ""eb_rec"": 0.8640915593705294, ""f1_micro"": 0.8527724665391969, ""f1_macro"": 0.8334222919937205, ""primary"": 0.8633762517882689, ""lr"": 2e-05, ""dev_primary"": 0.89928}"
satp_relevant,multilabel,ConfliBERT-v2-aug-wsd,123,256,5,16,0.89127,"{""eb_f1"": 0.8912732474964233, ""eb_acc"": 0.8576537911301859, ""eb_prec"": 0.9184549356223176, ""eb_rec"": 0.8962804005722461, ""f1_micro"": 0.8700564971751412, ""f1_macro"": 0.8425906544954165, ""primary"": 0.8912732474964233, ""lr"": 3e-05, ""dev_primary"": 0.89497}"
satp_relevant,multilabel,ConfliBERT-v2-aug-wsd,123,256,5,16,0.88054,"{""eb_f1"": 0.8805436337625179, ""eb_acc"": 0.851931330472103, ""eb_prec"": 0.9242424242424242, ""eb_rec"": 0.8726752503576538, ""f1_micro"": 0.8648648648648649, ""f1_macro"": 0.8215096946752414, ""primary"": 0.8805436337625179, ""lr"": 5e-05, ""dev_primary"": 0.89856}"
satp_relevant,multilabel,ConfliBERT-v2-aug-wsd,123,256,5,16,0.89599,"{""eb_f1"": 0.8959942775393418, ""eb_acc"": 0.8676680972818311, ""eb_prec"": 0.9170243204577968, ""eb_rec"": 0.902002861230329, ""f1_micro"": 0.8822429906542056, ""f1_macro"": 0.8644052852375801, ""primary"": 0.8959942775393418, ""lr"": 8e-05, ""dev_primary"": 0.90115}"
satp_relevant,multilabel,ConfliBERT-v2-aug-wsd,124,256,5,16,0.88369,"{""eb_f1"": 0.8836909871244634, ""eb_acc"": 0.8469241773962803, ""eb_prec"": 0.8941344778254648, ""eb_rec"": 0.9084406294706724, ""f1_micro"": 0.8670309653916212, ""f1_macro"": 0.8456086870409121, ""primary"": 0.8836909871244634, ""lr"": 8e-05, ""dev_primary"": 0.89454}"
satp_relevant,multilabel,ConfliBERT-v2-aug-wsd,125,256,5,16,0.8691,"{""eb_f1"": 0.869098712446352, ""eb_acc"": 0.8376251788268956, ""eb_prec"": 0.896551724137931, ""eb_rec"": 0.874821173104435, ""f1_micro"": 0.8512241054613936, ""f1_macro"": 0.8422318354199415, ""primary"": 0.869098712446352, ""lr"": 8e-05, ""dev_primary"": 0.89195}"
IndiaPoliceEvents_sents,multilabel,ConfliBERT-v2-aug-wsd,123,128,5,16,0.66339,"{""eb_f1"": 0.663392107472712, ""eb_acc"": 0.6553316540722082, ""eb_prec"": 0.8031218529707955, ""eb_rec"": 0.770651117589893, ""f1_micro"": 0.8040770101925255, ""f1_macro"": 0.7428875749652005, ""primary"": 0.663392107472712, ""lr"": 2e-05, ""dev_primary"": 0.57696}"
IndiaPoliceEvents_sents,multilabel,ConfliBERT-v2-aug-wsd,123,128,5,16,0.6659,"{""eb_f1"": 0.6659013605442176, ""eb_acc"": 0.6568877551020408, ""eb_prec"": 0.8229166666666666, ""eb_rec"": 0.7643343051506316, ""f1_micro"": 0.8072976054732041, ""f1_macro"": 0.755484671274145, ""primary"": 0.6659013605442176, ""lr"": 3e-05, ""dev_primary"": 0.60295}"
IndiaPoliceEvents_sents,multilabel,ConfliBERT-v2-aug-wsd,123,128,5,16,0.67867,"{""eb_f1"": 0.6786666666666668, ""eb_acc"": 0.6708333333333333, ""eb_prec"": 0.8155818540433923, ""eb_rec"": 0.7891156462585033, ""f1_micro"": 0.8180790960451978, ""f1_macro"": 0.7704042994015169, ""primary"": 0.6786666666666668, ""lr"": 5e-05, ""dev_primary"": 0.60477}"
IndiaPoliceEvents_sents,multilabel,ConfliBERT-v2-aug-wsd,123,128,5,16,0.65544,"{""eb_f1"": 0.6554447215295095, ""eb_acc"": 0.6475477971737322, ""eb_prec"": 0.7981927710843374, ""eb_rec"": 0.7687074829931971, ""f1_micro"": 0.8045197740112995, ""f1_macro"": 0.7587655090760681, ""primary"": 0.6554447215295095, ""lr"": 8e-05, ""dev_primary"": 0.59162}"
IndiaPoliceEvents_sents,multilabel,ConfliBERT-v2-aug-wsd,124,128,5,16,0.66211,"{""eb_f1"": 0.6621134020618556, ""eb_acc"": 0.6529209621993126, ""eb_prec"": 0.825346112886049, ""eb_rec"": 0.7551020408163265, ""f1_micro"": 0.8059701492537313, ""f1_macro"": 0.7682222469476788, ""primary"": 0.6621134020618556, ""lr"": 5e-05, ""dev_primary"": 0.6019}"
IndiaPoliceEvents_sents,multilabel,ConfliBERT-v2-aug-wsd,125,128,5,16,0.67316,"{""eb_f1"": 0.6731645569620253, ""eb_acc"": 0.6654008438818565, ""eb_prec"": 0.8181357649442754, ""eb_rec"": 0.7745383867832847, ""f1_micro"": 0.8154897494305239, ""f1_macro"": 0.7726739700749239, ""primary"": 0.6731645569620253, ""lr"": 5e-05, ""dev_primary"": 0.59997}"
IndiaPoliceEvents_docs,multilabel,ConfliBERT-v2-aug-wsd,123,512,5,16,0.60366,"{""eb_f1"": 0.6036630036630036, ""eb_acc"": 0.5521978021978022, ""eb_prec"": 0.7194092827004219, ""eb_rec"": 0.7521645021645021, ""f1_micro"": 0.7154471544715447, ""f1_macro"": 0.5501591769084029, ""primary"": 0.6036630036630036, ""lr"": 2e-05, ""dev_primary"": 0.63328}"
IndiaPoliceEvents_docs,multilabel,ConfliBERT-v2-aug-wsd,123,512,5,16,0.61585,"{""eb_f1"": 0.6158536585365854, ""eb_acc"": 0.5752032520325203, ""eb_prec"": 0.825268817204301, ""eb_rec"": 0.6818181818181818, ""f1_micro"": 0.7321428571428571, ""f1_macro"": 0.6432221075564729, ""primary"": 0.6158536585365854, ""lr"": 3e-05, ""dev_primary"": 0.64176}"
IndiaPoliceEvents_docs,multilabel,ConfliBERT-v2-aug-wsd,123,512,5,16,0.61798,"{""eb_f1"": 0.6179831932773109, ""eb_acc"": 0.5860784313725491, ""eb_prec"": 0.8009950248756219, ""eb_rec"": 0.6958874458874459, ""f1_micro"": 0.7368421052631579, ""f1_macro"": 0.6193442018973933, ""primary"": 0.6179831932773109, ""lr"": 5e-05, ""dev_primary"": 0.6812}"
IndiaPoliceEvents_docs,multilabel,ConfliBERT-v2-aug-wsd,123,512,5,16,0.69393,"{""eb_f1"": 0.6939342403628117, ""eb_acc"": 0.6537698412698413, ""eb_prec"": 0.8105022831050229, ""eb_rec"": 0.7824675324675324, ""f1_micro"": 0.7848101265822784, ""f1_macro"": 0.7031114111694288, ""primary"": 0.6939342403628117, ""lr"": 8e-05, ""dev_primary"": 0.69711}"
IndiaPoliceEvents_docs,multilabel,ConfliBERT-v2-aug-wsd,124,512,5,16,0.65924,"{""eb_f1"": 0.6592360020931449, ""eb_acc"": 0.6263736263736264, ""eb_prec"": 0.7791666666666667, ""eb_rec"": 0.7803030303030304, ""f1_micro"": 0.7563025210084033, ""f1_macro"": 0.6171197223828803, ""primary"": 0.6592360020931449, ""lr"": 8e-05, ""dev_primary"": 0.68031}"
IndiaPoliceEvents_docs,multilabel,ConfliBERT-v2-aug-wsd,125,512,5,16,0.63477,"{""eb_f1"": 0.6347712418300653, ""eb_acc"": 0.5927450980392157, ""eb_prec"": 0.7876190476190476, ""eb_rec"": 0.7305194805194806, ""f1_micro"": 0.7359307359307359, ""f1_macro"": 0.6172087259647345, ""primary"": 0.6347712418300653, ""lr"": 8e-05, ""dev_primary"": 0.65952}"
insightCrime,multilabel,ConfliBERT-v2-aug-wsd,123,512,5,8,0.65519,"{""eb_f1"": 0.655191256830601, ""eb_acc"": 0.6172131147540983, ""eb_prec"": 0.7383449883449884, ""eb_rec"": 0.6969696969696969, ""f1_micro"": 0.6907514450867052, ""f1_macro"": 0.6961642788860419, ""primary"": 0.655191256830601, ""lr"": 2e-05, ""dev_primary"": 0.68051}"
insightCrime,multilabel,ConfliBERT-v2-aug-wsd,123,512,5,8,0.68135,"{""eb_f1"": 0.6813465783664459, ""eb_acc"": 0.6396247240618101, ""eb_prec"": 0.7532163742690059, ""eb_rec"": 0.7278554778554778, ""f1_micro"": 0.7048710601719198, ""f1_macro"": 0.6993114222687978, ""primary"": 0.6813465783664459, ""lr"": 3e-05, ""dev_primary"": 0.70216}"
insightCrime,multilabel,ConfliBERT-v2-aug-wsd,123,512,5,8,0.66535,"{""eb_f1"": 0.6653508771929824, ""eb_acc"": 0.6228070175438596, ""eb_prec"": 0.7348484848484849, ""eb_rec"": 0.7196969696969696, ""f1_micro"": 0.6903409090909091, ""f1_macro"": 0.6791815818886537, ""primary"": 0.6653508771929824, ""lr"": 5e-05, ""dev_primary"": 0.706}"
insightCrime,multilabel,ConfliBERT-v2-aug-wsd,123,512,5,8,0.65996,"{""eb_f1"": 0.6599567099567099, ""eb_acc"": 0.6174242424242424, ""eb_prec"": 0.7462253193960512, ""eb_rec"": 0.7167832167832168, ""f1_micro"": 0.6926406926406926, ""f1_macro"": 0.6844413719430312, ""primary"": 0.6599567099567099, ""lr"": 8e-05, ""dev_primary"": 0.72066}"
insightCrime,multilabel,ConfliBERT-v2-aug-wsd,124,512,5,8,0.6765,"{""eb_f1"": 0.6765027322404371, ""eb_acc"": 0.6327868852459017, ""eb_prec"": 0.7546620046620046, ""eb_rec"": 0.7336829836829836, ""f1_micro"": 0.7045454545454546, ""f1_macro"": 0.7087665975594912, ""primary"": 0.6765027322404371, ""lr"": 8e-05, ""dev_primary"": 0.72378}"
insightCrime,multilabel,ConfliBERT-v2-aug-wsd,125,512,5,8,0.6637,"{""eb_f1"": 0.6636963696369635, ""eb_acc"": 0.6182618261826182, ""eb_prec"": 0.756969696969697, ""eb_rec"": 0.7231934731934733, ""f1_micro"": 0.6977401129943502, ""f1_macro"": 0.7037993575122724, ""primary"": 0.6636963696369635, ""lr"": 8e-05, ""dev_primary"": 0.7069}"
cameo_class,multiclass,ConfliBERT-v2-aug-wsd,123,256,5,16,0.76512,"{""acc"": 0.7827050997782705, ""f1_micro"": 0.7827050997782705, ""f1_macro"": 0.7651202413457615, ""primary"": 0.7651202413457615, ""lr"": 2e-05, ""dev_primary"": 0.92139}"
cameo_class,multiclass,ConfliBERT-v2-aug-wsd,123,256,5,16,0.77801,"{""acc"": 0.7960088691796009, ""f1_micro"": 0.7960088691796009, ""f1_macro"": 0.7780141507848981, ""primary"": 0.7780141507848981, ""lr"": 3e-05, ""dev_primary"": 0.89552}"
cameo_class,multiclass,ConfliBERT-v2-aug-wsd,123,256,5,16,0.86033,"{""acc"": 0.8691796008869179, ""f1_micro"": 0.8691796008869179, ""f1_macro"": 0.8603319171944921, ""primary"": 0.8603319171944921, ""lr"": 5e-05, ""dev_primary"": 0.95938}"
cameo_class,multiclass,ConfliBERT-v2-aug-wsd,123,256,5,16,0.8691,"{""acc"": 0.8758314855875832, ""f1_micro"": 0.8758314855875832, ""f1_macro"": 0.8690999138514778, ""primary"": 0.8690999138514778, ""lr"": 8e-05, ""dev_primary"": 0.96841}"
cameo_class,multiclass,ConfliBERT-v2-aug-wsd,124,256,5,16,0.89222,"{""acc"": 0.8980044345898004, ""f1_micro"": 0.8980044345898004, ""f1_macro"": 0.8922206375644552, ""primary"": 0.8922206375644552, ""lr"": 8e-05, ""dev_primary"": 0.97391}"
cameo_class,multiclass,ConfliBERT-v2-aug-wsd,125,256,5,16,0.83863,"{""acc"": 0.8470066518847007, ""f1_micro"": 0.8470066518847007, ""f1_macro"": 0.8386349601261841, ""primary"": 0.8386349601261841, ""lr"": 8e-05, ""dev_primary"": 0.95347}"
BBC_News,binary,ConfliBERT-v2-aug-wsd,123,512,5,16,0.96226,"{""acc"": 0.9875776397515528, ""f1_micro"": 0.9875776397515528, ""f1_macro"": 0.977414603352739, ""f1"": 0.9622641509433962, ""mcc"": 0.954829206705478, ""primary"": 0.9622641509433962, ""lr"": 2e-05, ""dev_primary"": 0.98438}"
BBC_News,binary,ConfliBERT-v2-aug-wsd,123,512,5,16,0.96226,"{""acc"": 0.9875776397515528, ""f1_micro"": 0.9875776397515528, ""f1_macro"": 0.977414603352739, ""f1"": 0.9622641509433962, ""mcc"": 0.954829206705478, ""primary"": 0.9622641509433962, ""lr"": 3e-05, ""dev_primary"": 0.98438}"
BBC_News,binary,ConfliBERT-v2-aug-wsd,123,512,5,16,0.95238,"{""acc"": 0.984472049689441, ""f1_micro"": 0.984472049689441, ""f1_macro"": 0.9715522572665429, ""f1"": 0.9523809523809523, ""mcc"": 0.9431665820639741, ""primary"": 0.9523809523809523, ""lr"": 5e-05, ""dev_primary"": 0.98438}"
BBC_News,binary,ConfliBERT-v2-aug-wsd,123,512,5,16,0.93458,"{""acc"": 0.9782608695652174, ""f1_micro"": 0.9782608695652174, ""f1_macro"": 0.9607720287509354, ""f1"": 0.9345794392523364, ""mcc"": 0.921603308185751, ""primary"": 0.9345794392523364, ""lr"": 8e-05, ""dev_primary"": 0.98413}"
BBC_News,binary,ConfliBERT-v2-aug-wsd,124,512,5,16,0.94231,"{""acc"": 0.9813664596273292, ""f1_micro"": 0.9813664596273292, ""f1_macro"": 0.9655982905982906, ""f1"": 0.9423076923076923, ""mcc"": 0.9314464444763577, ""primary"": 0.9423076923076923, ""lr"": 2e-05, ""dev_primary"": 0.99213}"
BBC_News,binary,ConfliBERT-v2-aug-wsd,125,512,5,16,0.93204,"{""acc"": 0.9782608695652174, ""f1_micro"": 0.9782608695652174, ""f1_macro"": 0.9595499165515138, ""f1"": 0.9320388349514563, ""mcc"": 0.9196656560203745, ""primary"": 0.9320388349514563, ""lr"": 2e-05, ""dev_primary"": 0.976}"
20news,binary,ConfliBERT-v2-aug-wsd,123,512,5,16,0.78638,"{""acc"": 0.9450345193839618, ""f1_micro"": 0.9450345193839618, ""f1_macro"": 0.8774186274588426, ""f1"": 0.7863777089783281, ""mcc"": 0.758581450810158, ""primary"": 0.7863777089783281, ""lr"": 2e-05, ""dev_primary"": 0.81481}"
20news,binary,ConfliBERT-v2-aug-wsd,123,512,5,16,0.78543,"{""acc"": 0.9429102496016994, ""f1_micro"": 0.9429102496016994, ""f1_macro"": 0.876252090000703, ""f1"": 0.7854291417165669, ""mcc"": 0.7537419937111176, ""primary"": 0.7854291417165669, ""lr"": 3e-05, ""dev_primary"": 0.82206}"
20news,binary,ConfliBERT-v2-aug-wsd,123,512,5,16,0.79766,"{""acc"": 0.9449017525225704, ""f1_micro"": 0.9449017525225704, ""f1_macro"": 0.8828842462342068, ""f1"": 0.7976596782057533, ""mcc"": 0.7660825414188873, ""primary"": 0.7976596782057533, ""lr"": 5e-05, ""dev_primary"": 0.81818}"
20news,binary,ConfliBERT-v2-aug-wsd,123,512,5,16,0.78542,"{""acc"": 0.9445034519383961, ""f1_micro"": 0.9445034519383961, ""f1_macro"": 0.8767757360791998, ""f1"": 0.7854209445585215, ""mcc"": 0.7568138498335526, ""primary"": 0.7854209445585215, ""lr"": 8e-05, ""dev_primary"": 0.8244}"
20news,binary,ConfliBERT-v2-aug-wsd,124,512,5,16,0.79492,"{""acc"": 0.9442379182156134, ""f1_micro"": 0.9442379182156134, ""f1_macro"": 0.8813269485633066, ""f1"": 0.794921875, ""mcc"": 0.7630074108287257, ""primary"": 0.794921875, ""lr"": 8e-05, ""dev_primary"": 0.81865}"
20news,binary,ConfliBERT-v2-aug-wsd,125,512,5,16,0.79631,"{""acc"": 0.9472915560276155, ""f1_micro"": 0.9472915560276155, ""f1_macro"": 0.8830175577101721, ""f1"": 0.7963057978450487, ""mcc"": 0.7692902683972646, ""primary"": 0.7963057978450487, ""lr"": 8e-05, ""dev_primary"": 0.82117}"
satp_relevant,multilabel,ConfliBERT-v2-wsd-5b,123,256,5,16,0.89041,"{""eb_f1"": 0.8904148783977109, ""eb_acc"": 0.8619456366237481, ""eb_prec"": 0.9314574314574314, ""eb_rec"": 0.8855507868383405, ""f1_micro"": 0.8773946360153256, ""f1_macro"": 0.847167325428195, ""primary"": 0.8904148783977109, ""lr"": 2e-05, ""dev_primary"": 0.88635}"
satp_relevant,multilabel,ConfliBERT-v2-wsd-5b,123,256,5,16,0.88698,"{""eb_f1"": 0.886981402002861, ""eb_acc"": 0.8555078683834049, ""eb_prec"": 0.915593705293276, ""eb_rec"": 0.8898426323319027, ""f1_micro"": 0.8679245283018868, ""f1_macro"": 0.840102093426236, ""primary"": 0.886981402002861, ""lr"": 3e-05, ""dev_primary"": 0.8921}"
satp_relevant,multilabel,ConfliBERT-v2-wsd-5b,123,256,5,16,0.88627,"{""eb_f1"": 0.8862660944206009, ""eb_acc"": 0.8562231759656652, ""eb_prec"": 0.9206008583690987, ""eb_rec"": 0.8812589413447783, ""f1_micro"": 0.8680688336520076, ""f1_macro"": 0.8486647015883347, ""primary"": 0.8862660944206009, ""lr"": 5e-05, ""dev_primary"": 0.89425}"
satp_relevant,multilabel,ConfliBERT-v2-wsd-5b,123,256,5,16,0.90186,"{""eb_f1"": 0.9018597997138769, ""eb_acc"": 0.874821173104435, ""eb_prec"": 0.924892703862661, ""eb_rec"": 0.9041487839771101, ""f1_micro"": 0.8872180451127819, ""f1_macro"": 0.8645673562808394, ""primary"": 0.9018597997138769, ""lr"": 8e-05, ""dev_primary"": 0.90057}"
satp_relevant,multilabel,ConfliBERT-v2-wsd-5b,124,256,5,16,0.88398,"{""eb_f1"": 0.8839771101573676, ""eb_acc"": 0.851931330472103, ""eb_prec"": 0.8948497854077253, ""eb_rec"": 0.9041487839771101, ""f1_micro"": 0.8717948717948718, ""f1_macro"": 0.8524872086694293, ""primary"": 0.8839771101573676, ""lr"": 8e-05, ""dev_primary"": 0.89468}"
satp_relevant,multilabel,ConfliBERT-v2-wsd-5b,125,256,5,16,0.88712,"{""eb_f1"": 0.8871244635193133, ""eb_acc"": 0.8540772532188842, ""eb_prec"": 0.9012875536480687, ""eb_rec"": 0.9041487839771101, ""f1_micro"": 0.8713235294117647, ""f1_macro"": 0.8632309489452347, ""primary"": 0.8871244635193133, ""lr"": 8e-05, ""dev_primary"": 0.89037}"
IndiaPoliceEvents_sents,multilabel,ConfliBERT-v2-wsd-5b,123,128,5,16,0.67313,"{""eb_f1"": 0.6731292517006803, ""eb_acc"": 0.665391156462585, ""eb_prec"": 0.8185071574642127, ""eb_rec"": 0.7687074829931971, ""f1_micro"": 0.8087056128293242, ""f1_macro"": 0.7418865547191005, ""primary"": 0.6731292517006803, ""lr"": 2e-05, ""dev_primary"": 0.57601}"
IndiaPoliceEvents_sents,multilabel,ConfliBERT-v2-wsd-5b,123,128,5,16,0.64494,"{""eb_f1"": 0.6449361207897792, ""eb_acc"": 0.6347560975609756, ""eb_prec"": 0.7764050387596899, ""eb_rec"": 0.7750242954324587, ""f1_micro"": 0.7946428571428571, ""f1_macro"": 0.7530049307236387, ""primary"": 0.6449361207897792, ""lr"": 3e-05, ""dev_primary"": 0.59662}"
IndiaPoliceEvents_sents,multilabel,ConfliBERT-v2-wsd-5b,123,128,5,16,0.67819,"{""eb_f1"": 0.678188214599824, ""eb_acc"": 0.6701846965699209, ""eb_prec"": 0.8636865342163357, ""eb_rec"": 0.7468415937803692, ""f1_micro"": 0.8161328588374852, ""f1_macro"": 0.7664951289059767, ""primary"": 0.678188214599824, ""lr"": 5e-05, ""dev_primary"": 0.60099}"
IndiaPoliceEvents_sents,multilabel,ConfliBERT-v2-wsd-5b,123,128,5,16,0.63872,"{""eb_f1"": 0.6387173396674584, ""eb_acc"": 0.631433095803642, ""eb_prec"": 0.7571959145775301, ""eb_rec"": 0.7842565597667639, ""f1_micro"": 0.7907488986784141, ""f1_macro"": 0.745577804889256, ""primary"": 0.6387173396674584, ""lr"": 8e-05, ""dev_primary"": 0.58439}"
IndiaPoliceEvents_sents,multilabel,ConfliBERT-v2-wsd-5b,124,128,5,16,0.68182,"{""eb_f1"": 0.6818181818181818, ""eb_acc"": 0.6744588744588743, ""eb_prec"": 0.8450106157112528, ""eb_rec"": 0.7648202137998056, ""f1_micro"": 0.8167053364269141, ""f1_macro"": 0.7581769616477867, ""primary"": 0.6818181818181818, ""lr"": 5e-05, ""dev_primary"": 0.59557}"
IndiaPoliceEvents_sents,multilabel,ConfliBERT-v2-wsd-5b,125,128,5,16,0.68121,"{""eb_f1"": 0.6812074829931972, ""eb_acc"": 0.673469387755102, ""eb_prec"": 0.829243353783231, ""eb_rec"": 0.7774538386783284, ""f1_micro"": 0.8197474167623421, ""f1_macro"": 0.7787757295061389, ""primary"": 0.6812074829931972, ""lr"": 5e-05, ""dev_primary"": 0.59749}"
IndiaPoliceEvents_docs,multilabel,ConfliBERT-v2-wsd-5b,123,512,5,16,0.63825,"{""eb_f1"": 0.6382522239665097, ""eb_acc"": 0.6034798534798534, ""eb_prec"": 0.7729166666666667, ""eb_rec"": 0.75, ""f1_micro"": 0.7435897435897436, ""f1_macro"": 0.5427349121466769, ""primary"": 0.6382522239665097, ""lr"": 2e-05, ""dev_primary"": 0.63311}"
IndiaPoliceEvents_docs,multilabel,ConfliBERT-v2-wsd-5b,123,512,5,16,0.61542,"{""eb_f1"": 0.6154220779220779, ""eb_acc"": 0.5776515151515151, ""eb_prec"": 0.7824074074074073, ""eb_rec"": 0.7142857142857143, ""f1_micro"": 0.7312775330396476, ""f1_macro"": 0.6282092198581559, ""primary"": 0.6154220779220779, ""lr"": 3e-05, ""dev_primary"": 0.6818}"
IndiaPoliceEvents_docs,multilabel,ConfliBERT-v2-wsd-5b,123,512,5,16,0.67237,"{""eb_f1"": 0.6723698781838315, ""eb_acc"": 0.6424418604651163, ""eb_prec"": 0.817351598173516, ""eb_rec"": 0.7543290043290044, ""f1_micro"": 0.759825327510917, ""f1_macro"": 0.6295957467190345, ""primary"": 0.6723698781838315, ""lr"": 5e-05, ""dev_primary"": 0.69174}"
IndiaPoliceEvents_docs,multilabel,ConfliBERT-v2-wsd-5b,123,512,5,16,0.65216,"{""eb_f1"": 0.652156862745098, ""eb_acc"": 0.6205882352941177, ""eb_prec"": 0.8260869565217392, ""eb_rec"": 0.7348484848484849, ""f1_micro"": 0.7577092511013216, ""f1_macro"": 0.628812064305022, ""primary"": 0.652156862745098, ""lr"": 8e-05, ""dev_primary"": 0.67591}"
IndiaPoliceEvents_docs,multilabel,ConfliBERT-v2-wsd-5b,124,512,5,16,0.60256,"{""eb_f1"": 0.6025641025641025, ""eb_acc"": 0.5586080586080586, ""eb_prec"": 0.6729166666666666, ""eb_rec"": 0.7683982683982684, ""f1_micro"": 0.7054263565891473, ""f1_macro"": 0.5651605357786057, ""primary"": 0.6025641025641025, ""lr"": 5e-05, ""dev_primary"": 0.68298}"
IndiaPoliceEvents_docs,multilabel,ConfliBERT-v2-wsd-5b,125,512,5,16,0.65635,"{""eb_f1"": 0.6563492063492063, ""eb_acc"": 0.615079365079365, ""eb_prec"": 0.8380281690140845, ""eb_rec"": 0.7023809523809524, ""f1_micro"": 0.7420814479638009, ""f1_macro"": 0.5626819923371646, ""primary"": 0.6563492063492063, ""lr"": 5e-05, ""dev_primary"": 0.6196}"
insightCrime,multilabel,ConfliBERT-v2-wsd-5b,123,512,5,8,0.64951,"{""eb_f1"": 0.6495081967213114, ""eb_acc"": 0.6071038251366121, ""eb_prec"": 0.7335722819593788, ""eb_rec"": 0.7103729603729604, ""f1_micro"": 0.68188302425107, ""f1_macro"": 0.6803442303565064, ""primary"": 0.6495081967213114, ""lr"": 2e-05, ""dev_primary"": 0.69733}"
insightCrime,multilabel,ConfliBERT-v2-wsd-5b,123,512,5,8,0.65497,"{""eb_f1"": 0.6549726775956284, ""eb_acc"": 0.6131147540983607, ""eb_prec"": 0.7339181286549709, ""eb_rec"": 0.708041958041958, ""f1_micro"": 0.6837606837606838, ""f1_macro"": 0.6630996722346489, ""primary"": 0.6549726775956284, ""lr"": 3e-05, ""dev_primary"": 0.68369}"
insightCrime,multilabel,ConfliBERT-v2-wsd-5b,123,512,5,8,0.67377,"{""eb_f1"": 0.6737704918032786, ""eb_acc"": 0.6295081967213115, ""eb_prec"": 0.7327586206896551, ""eb_rec"": 0.7371794871794871, ""f1_micro"": 0.6963788300835655, ""f1_macro"": 0.6991831733169988, ""primary"": 0.6737704918032786, ""lr"": 5e-05, ""dev_primary"": 0.71418}"
insightCrime,multilabel,ConfliBERT-v2-wsd-5b,123,512,5,8,0.68801,"{""eb_f1"": 0.688008800880088, ""eb_acc"": 0.6424642464246425, ""eb_prec"": 0.7517482517482518, ""eb_rec"": 0.7505827505827506, ""f1_micro"": 0.7106741573033708, ""f1_macro"": 0.7051832084971775, ""primary"": 0.688008800880088, ""lr"": 8e-05, ""dev_primary"": 0.70447}"
insightCrime,multilabel,ConfliBERT-v2-wsd-5b,124,512,5,8,0.6576,"{""eb_f1"": 0.6575956284153005, ""eb_acc"": 0.6169398907103825, ""eb_prec"": 0.7425860023724792, ""eb_rec"": 0.7115384615384616, ""f1_micro"": 0.6895565092989986, ""f1_macro"": 0.6955537747962767, ""primary"": 0.6575956284153005, ""lr"": 5e-05, ""dev_primary"": 0.71485}"
insightCrime,multilabel,ConfliBERT-v2-wsd-5b,125,512,5,8,0.65892,"{""eb_f1"": 0.6589247311827956, ""eb_acc"": 0.6134408602150538, ""eb_prec"": 0.7291666666666666, ""eb_rec"": 0.7418414918414918, ""f1_micro"": 0.700139470013947, ""f1_macro"": 0.7035189811603301, ""primary"": 0.6589247311827956, ""lr"": 5e-05, ""dev_primary"": 0.70206}"
cameo_class,multiclass,ConfliBERT-v2-wsd-5b,123,256,5,16,0.70912,"{""acc"": 0.7250554323725056, ""f1_micro"": 0.7250554323725056, ""f1_macro"": 0.7091225212207684, ""primary"": 0.7091225212207684, ""lr"": 2e-05, ""dev_primary"": 0.83958}"
cameo_class,multiclass,ConfliBERT-v2-wsd-5b,123,256,5,16,0.78241,"{""acc"": 0.7960088691796009, ""f1_micro"": 0.7960088691796009, ""f1_macro"": 0.7824149723502083, ""primary"": 0.7824149723502083, ""lr"": 3e-05, ""dev_primary"": 0.91035}"
cameo_class,multiclass,ConfliBERT-v2-wsd-5b,123,256,5,16,0.84831,"{""acc"": 0.8580931263858093, ""f1_micro"": 0.8580931263858093, ""f1_macro"": 0.8483140464196675, ""primary"": 0.8483140464196675, ""lr"": 5e-05, ""dev_primary"": 0.9642}"
cameo_class,multiclass,ConfliBERT-v2-wsd-5b,123,256,5,16,0.84948,"{""acc"": 0.8536585365853658, ""f1_micro"": 0.8536585365853658, ""f1_macro"": 0.8494842427013479, ""primary"": 0.8494842427013479, ""lr"": 8e-05, ""dev_primary"": 0.97937}"
cameo_class,multiclass,ConfliBERT-v2-wsd-5b,124,256,5,16,0.87109,"{""acc"": 0.8758314855875832, ""f1_micro"": 0.8758314855875832, ""f1_macro"": 0.8710940200877243, ""primary"": 0.8710940200877243, ""lr"": 8e-05, ""dev_primary"": 0.97129}"
cameo_class,multiclass,ConfliBERT-v2-wsd-5b,125,256,5,16,0.81471,"{""acc"": 0.8381374722838137, ""f1_micro"": 0.8381374722838137, ""f1_macro"": 0.8147098560305311, ""primary"": 0.8147098560305311, ""lr"": 8e-05, ""dev_primary"": 0.9576}"
BBC_News,binary,ConfliBERT-v2-wsd-5b,123,512,5,16,0.96154,"{""acc"": 0.9875776397515528, ""f1_micro"": 0.9875776397515528, ""f1_macro"": 0.9770655270655271, ""f1"": 0.9615384615384616, ""mcc"": 0.9543853167609762, ""primary"": 0.9615384615384616, ""lr"": 2e-05, ""dev_primary"": 0.99213}"
BBC_News,binary,ConfliBERT-v2-wsd-5b,123,512,5,16,0.96296,"{""acc"": 0.9875776397515528, ""f1_micro"": 0.9875776397515528, ""f1_macro"": 0.9777501381978994, ""f1"": 0.9629629629629629, ""mcc"": 0.9557399202137318, ""primary"": 0.9629629629629629, ""lr"": 3e-05, ""dev_primary"": 0.99213}"
BBC_News,binary,ConfliBERT-v2-wsd-5b,123,512,5,16,0.96226,"{""acc"": 0.9875776397515528, ""f1_micro"": 0.9875776397515528, ""f1_macro"": 0.977414603352739, ""f1"": 0.9622641509433962, ""mcc"": 0.954829206705478, ""primary"": 0.9622641509433962, ""lr"": 5e-05, ""dev_primary"": 0.98438}"
BBC_News,binary,ConfliBERT-v2-wsd-5b,123,512,5,16,0.96226,"{""acc"": 0.9875776397515528, ""f1_micro"": 0.9875776397515528, ""f1_macro"": 0.977414603352739, ""f1"": 0.9622641509433962, ""mcc"": 0.954829206705478, ""primary"": 0.9622641509433962, ""lr"": 8e-05, ""dev_primary"": 0.98438}"
BBC_News,binary,ConfliBERT-v2-wsd-5b,124,512,5,16,0.92157,"{""acc"": 0.9751552795031055, ""f1_micro"": 0.9751552795031055, ""f1_macro"": 0.9534042399247522, ""f1"": 0.9215686274509803, ""mcc"": 0.907820922172453, ""primary"": 0.9215686274509803, ""lr"": 2e-05, ""dev_primary"": 0.99213}"
BBC_News,binary,ConfliBERT-v2-wsd-5b,125,512,5,16,0.95238,"{""acc"": 0.984472049689441, ""f1_micro"": 0.984472049689441, ""f1_macro"": 0.9715522572665429, ""f1"": 0.9523809523809523, ""mcc"": 0.9431665820639741, ""primary"": 0.9523809523809523, ""lr"": 2e-05, ""dev_primary"": 0.99213}"
20news,binary,ConfliBERT-v2-wsd-5b,123,512,5,16,0.7927,"{""acc"": 0.9411842804036112, ""f1_micro"": 0.9411842804036112, ""f1_macro"": 0.8792153440439944, ""f1"": 0.7927000467945718, ""mcc"": 0.7585970640100782, ""primary"": 0.7927000467945718, ""lr"": 2e-05, ""dev_primary"": 0.81605}"
20news,binary,ConfliBERT-v2-wsd-5b,123,512,5,16,0.78682,"{""acc"": 0.9433085501858736, ""f1_micro"": 0.9433085501858736, ""f1_macro"": 0.8770635104689264, ""f1"": 0.7868197703444832, ""mcc"": 0.7553937820465947, ""primary"": 0.7868197703444832, ""lr"": 3e-05, ""dev_primary"": 0.82332}"
20news,binary,ConfliBERT-v2-wsd-5b,123,512,5,16,0.81646,"{""acc"": 0.9484864577801381, ""f1_micro"": 0.9484864577801381, ""f1_macro"": 0.8932501470249814, ""f1"": 0.8164616840113529, ""mcc"": 0.7865251609290639, ""primary"": 0.8164616840113529, ""lr"": 5e-05, ""dev_primary"": 0.81008}"
20news,binary,ConfliBERT-v2-wsd-5b,123,512,5,16,0.77952,"{""acc"": 0.9439723844928306, ""f1_micro"": 0.9439723844928306, ""f1_macro"": 0.8737140382453088, ""f1"": 0.7795193312434692, ""mcc"": 0.7524388656046149, ""primary"": 0.7795193312434692, ""lr"": 8e-05, ""dev_primary"": 0.81985}"
20news,binary,ConfliBERT-v2-wsd-5b,124,512,5,16,0.80039,"{""acc"": 0.9458311205523101, ""f1_micro"": 0.9458311205523101, ""f1_macro"": 0.8845274919512658, ""f1"": 0.8003913894324853, ""mcc"": 0.7694687758801743, ""primary"": 0.8003913894324853, ""lr"": 3e-05, ""dev_primary"": 0.83333}"
20news,binary,ConfliBERT-v2-wsd-5b,125,512,5,16,0.79096,"{""acc"": 0.9459638874137015, ""f1_micro"": 0.9459638874137015, ""f1_macro"": 0.8799660077985656, ""f1"": 0.7909604519774012, ""mcc"": 0.763260677539399, ""primary"": 0.7909604519774012, ""lr"": 3e-05, ""dev_primary"": 0.84133}"
satp_relevant,multilabel,ConfliBERT-v2-wsd-5b-TAPT,123,256,5,16,0.88856,"{""eb_f1"": 0.888555078683834, ""eb_acc"": 0.8583690987124464, ""eb_prec"": 0.8991416309012875, ""eb_rec"": 0.9062947067238912, ""f1_micro"": 0.8754578754578755, ""f1_macro"": 0.8632693180810738, ""primary"": 0.888555078683834, ""lr"": 8e-05, ""dev_primary"": 0.89856}"
satp_relevant,multilabel,ConfliBERT-v2-wsd-5b-TAPT,124,256,5,16,0.88112,"{""eb_f1"": 0.8811158798283262, ""eb_acc"": 0.8476394849785408, ""eb_prec"": 0.9137931034482759, ""eb_rec"": 0.8848354792560801, ""f1_micro"": 0.8614800759013282, ""f1_macro"": 0.8098753958058723, ""primary"": 0.8811158798283262, ""lr"": 8e-05, ""dev_primary"": 0.88922}"
satp_relevant,multilabel,ConfliBERT-v2-wsd-5b-TAPT,125,256,5,16,0.88798,"{""eb_f1"": 0.8879828326180257, ""eb_acc"": 0.859799713876967, ""eb_prec"": 0.9027181688125894, ""eb_rec"": 0.8998569384835479, ""f1_micro"": 0.8761552680221811, ""f1_macro"": 0.8621774345928449, ""primary"": 0.8879828326180257, ""lr"": 8e-05, ""dev_primary"": 0.89856}"
insightCrime,multilabel,ConfliBERT-v2-wsd-5b-TAPT,123,512,5,8,0.66754,"{""eb_f1"": 0.6675438596491228, ""eb_acc"": 0.6255482456140351, ""eb_prec"": 0.7505910165484634, ""eb_rec"": 0.722027972027972, ""f1_micro"": 0.7, ""f1_macro"": 0.7040903829619316, ""primary"": 0.6675438596491228, ""lr"": 5e-05, ""dev_primary"": 0.71156}"
insightCrime,multilabel,ConfliBERT-v2-wsd-5b-TAPT,124,512,5,8,0.66656,"{""eb_f1"": 0.6665570175438597, ""eb_acc"": 0.6200657894736842, ""eb_prec"": 0.7482142857142857, ""eb_rec"": 0.7296037296037297, ""f1_micro"": 0.7005649717514124, ""f1_macro"": 0.7075513901194472, ""primary"": 0.6665570175438597, ""lr"": 5e-05, ""dev_primary"": 0.71677}"
insightCrime,multilabel,ConfliBERT-v2-wsd-5b-TAPT,125,512,5,8,0.70375,"{""eb_f1"": 0.7037527593818984, ""eb_acc"": 0.6567328918322295, ""eb_prec"": 0.7575757575757577, ""eb_rec"": 0.7727272727272727, ""f1_micro"": 0.7225274725274725, ""f1_macro"": 0.7251712388830145, ""primary"": 0.7037527593818984, ""lr"": 5e-05, ""dev_primary"": 0.72908}"
IndiaPoliceEvents_sents,multilabel,ConfliBERT-v2-wsd-5b-TAPT,123,128,5,16,0.68723,"{""eb_f1"": 0.6872250423011844, ""eb_acc"": 0.6806260575296107, ""eb_prec"": 0.8282980866062436, ""eb_rec"": 0.7871720116618076, ""f1_micro"": 0.8246013667425968, ""f1_macro"": 0.7928411226360104, ""primary"": 0.6872250423011844, ""lr"": 5e-05, ""dev_primary"": 0.596}"
IndiaPoliceEvents_sents,multilabel,ConfliBERT-v2-wsd-5b-TAPT,124,128,5,16,0.6753,"{""eb_f1"": 0.6753022452504317, ""eb_acc"": 0.6683937823834197, ""eb_prec"": 0.8455804046858358, ""eb_rec"": 0.7560738581146744, ""f1_micro"": 0.8130841121495327, ""f1_macro"": 0.7427912693119882, ""primary"": 0.6753022452504317, ""lr"": 5e-05, ""dev_primary"": 0.609}"
IndiaPoliceEvents_sents,multilabel,ConfliBERT-v2-wsd-5b-TAPT,125,128,5,16,0.69476,"{""eb_f1"": 0.6947594501718214, ""eb_acc"": 0.6877147766323024, ""eb_prec"": 0.8436853002070394, ""eb_rec"": 0.7876579203109815, ""f1_micro"": 0.827033218785796, ""f1_macro"": 0.786384399753319, ""primary"": 0.6947594501718214, ""lr"": 5e-05, ""dev_primary"": 0.62404}"
IndiaPoliceEvents_docs,multilabel,ConfliBERT-v2-wsd-5b-TAPT,123,512,5,16,0.64884,"{""eb_f1"": 0.6488372093023256, ""eb_acc"": 0.6153100775193798, ""eb_prec"": 0.7893518518518517, ""eb_rec"": 0.7478354978354979, ""f1_micro"": 0.7521367521367521, ""f1_macro"": 0.6497424088913452, ""primary"": 0.6488372093023256, ""lr"": 5e-05, ""dev_primary"": 0.68731}"
IndiaPoliceEvents_docs,multilabel,ConfliBERT-v2-wsd-5b-TAPT,124,512,5,16,0.64072,"{""eb_f1"": 0.64071696094168, ""eb_acc"": 0.5945692883895131, ""eb_prec"": 0.720464135021097, ""eb_rec"": 0.7932900432900433, ""f1_micro"": 0.7301587301587301, ""f1_macro"": 0.542492967494527, ""primary"": 0.64071696094168, ""lr"": 5e-05, ""dev_primary"": 0.68183}"
IndiaPoliceEvents_docs,multilabel,ConfliBERT-v2-wsd-5b-TAPT,125,512,5,16,0.63023,"{""eb_f1"": 0.6302325581395348, ""eb_acc"": 0.5968992248062016, ""eb_prec"": 0.8047619047619047, ""eb_rec"": 0.7077922077922078, ""f1_micro"": 0.726457399103139, ""f1_macro"": 0.5839677969089735, ""primary"": 0.6302325581395348, ""lr"": 5e-05, ""dev_primary"": 0.67558}"
cameo_class,multiclass,ConfliBERT-v2-wsd-5b-TAPT,123,256,5,16,0.85982,"{""acc"": 0.8691796008869179, ""f1_micro"": 0.8691796008869179, ""f1_macro"": 0.8598178140077977, ""primary"": 0.8598178140077977, ""lr"": 8e-05, ""dev_primary"": 0.98559}"
cameo_class,multiclass,ConfliBERT-v2-wsd-5b-TAPT,124,256,5,16,0.85161,"{""acc"": 0.8603104212860311, ""f1_micro"": 0.8603104212860311, ""f1_macro"": 0.8516101719251097, ""primary"": 0.8516101719251097, ""lr"": 8e-05, ""dev_primary"": 0.97472}"
cameo_class,multiclass,ConfliBERT-v2-wsd-5b-TAPT,125,256,5,16,0.84552,"{""acc"": 0.8558758314855875, ""f1_micro"": 0.8558758314855875, ""f1_macro"": 0.8455220800983513, ""primary"": 0.8455220800983513, ""lr"": 8e-05, ""dev_primary"": 0.97502}"
20news,binary,ConfliBERT-v2-wsd-5b-TAPT,123,512,5,16,0.76979,"{""acc"": 0.9409187466808284, ""f1_micro"": 0.9409187466808284, ""f1_macro"": 0.8679493123986816, ""f1"": 0.7697878944645629, ""mcc"": 0.7398231730377477, ""primary"": 0.7697878944645629, ""lr"": 3e-05, ""dev_primary"": 0.83789}"
20news,binary,ConfliBERT-v2-wsd-5b-TAPT,124,512,5,16,0.80178,"{""acc"": 0.9466277217206586, ""f1_micro"": 0.9466277217206586, ""f1_macro"": 0.8854687338294863, ""f1"": 0.8017751479289941, ""mcc"": 0.7716317774007863, ""primary"": 0.8017751479289941, ""lr"": 3e-05, ""dev_primary"": 0.83421}"
20news,binary,ConfliBERT-v2-wsd-5b-TAPT,125,512,5,16,0.81003,"{""acc"": 0.9496813595326606, ""f1_micro"": 0.9496813595326606, ""f1_macro"": 0.890512569586795, ""f1"": 0.8100250626566416, ""mcc"": 0.7825578450912837, ""primary"": 0.8100250626566416, ""lr"": 3e-05, ""dev_primary"": 0.82648}"
BBC_News,binary,ConfliBERT-v2-wsd-5b-TAPT,123,512,5,16,0.97143,"{""acc"": 0.9906832298136646, ""f1_micro"": 0.9906832298136646, ""f1_macro"": 0.9829313543599258, ""f1"": 0.9714285714285714, ""mcc"": 0.9659258476083835, ""primary"": 0.9714285714285714, ""lr"": 2e-05, ""dev_primary"": 0.99213}"
BBC_News,binary,ConfliBERT-v2-wsd-5b-TAPT,124,512,5,16,0.94231,"{""acc"": 0.9813664596273292, ""f1_micro"": 0.9813664596273292, ""f1_macro"": 0.9655982905982906, ""f1"": 0.9423076923076923, ""mcc"": 0.9314464444763577, ""primary"": 0.9423076923076923, ""lr"": 2e-05, ""dev_primary"": 0.98438}"
BBC_News,binary,ConfliBERT-v2-wsd-5b-TAPT,125,512,5,16,0.96296,"{""acc"": 0.9875776397515528, ""f1_micro"": 0.9875776397515528, ""f1_macro"": 0.9777501381978994, ""f1"": 0.9629629629629629, ""mcc"": 0.9557399202137318, ""primary"": 0.9629629629629629, ""lr"": 2e-05, ""dev_primary"": 0.98438}"
