model,input_mode,infer,seq_len,seed,split,country,year,month,gold,prob_unchanged,prob_deteriorated,prob_improved
ConfliBERT-2021,current,single,512,123,dev,Cameroon,2025,1,unchanged,0.99963,0.00029,7e-05
ConfliBERT-2021,current,single,512,123,dev,Cameroon,2025,2,unchanged,0.99956,0.00036,8e-05
ConfliBERT-2021,current,single,512,123,dev,Cameroon,2025,2,unchanged,0.99958,0.00035,8e-05
ConfliBERT-2021,current,single,512,123,dev,Cameroon,2025,3,unchanged,0.99961,0.00027,0.00011
ConfliBERT-2021,current,single,512,123,test,Cameroon,2025,7,unchanged,0.99911,0.00028,0.00061
ConfliBERT-2021,current,single,512,123,test,Cameroon,2025,12,unchanged,0.99968,0.00023,8e-05
ConfliBERT-2021,current,single,512,123,dev,Chad,2025,1,unchanged,0.93737,0.06231,0.00032
ConfliBERT-2021,current,single,512,123,dev,Chad,2025,2,unchanged,0.9988,0.00109,0.00011
ConfliBERT-2021,current,single,512,123,dev,Chad,2025,2,unchanged,0.99884,0.00106,9e-05
ConfliBERT-2021,current,single,512,123,dev,Chad,2025,3,unchanged,0.99818,0.0005,0.00131
ConfliBERT-2021,current,single,512,123,test,Chad,2025,7,unchanged,0.99966,0.00025,9e-05
ConfliBERT-2021,current,single,512,123,test,Chad,2025,10,deteriorated,0.99961,0.00028,0.00011
ConfliBERT-2021,current,single,512,123,test,Chad,2025,12,unchanged,0.99678,0.00305,0.00017
ConfliBERT-2021,current,single,512,123,dev,Gabon,2025,1,unchanged,0.9996,0.00022,0.00018
ConfliBERT-2021,current,single,512,123,dev,Gabon,2025,3,unchanged,0.99956,0.00014,0.00029
ConfliBERT-2021,current,single,512,123,dev,Kenya,2025,1,unchanged,0.9996,0.00034,7e-05
ConfliBERT-2021,current,single,512,123,dev,Kenya,2025,2,unchanged,0.99973,0.00019,9e-05
ConfliBERT-2021,current,single,512,123,dev,Kenya,2025,2,unchanged,0.99973,0.00019,9e-05
ConfliBERT-2021,current,single,512,123,dev,Kenya,2025,3,unchanged,0.99965,0.00014,0.00021
ConfliBERT-2021,current,single,512,123,test,Kenya,2025,7,deteriorated,0.00026,0.99957,0.00017
ConfliBERT-2021,current,single,512,123,test,Kenya,2025,10,unchanged,0.00027,0.9996,0.00013
ConfliBERT-2021,current,single,512,123,test,Kenya,2025,12,unchanged,0.99964,0.00023,0.00013
ConfliBERT-2021,current,single,512,123,dev,Mozambique,2025,1,improved,0.24059,0.00075,0.75866
ConfliBERT-2021,current,single,512,123,dev,Mozambique,2025,2,unchanged,0.97216,0.02769,0.00016
ConfliBERT-2021,current,single,512,123,dev,Mozambique,2025,2,unchanged,0.97795,0.0219,0.00015
ConfliBERT-2021,current,single,512,123,dev,Mozambique,2025,3,improved,0.00066,0.00038,0.99896
ConfliBERT-2021,current,single,512,123,test,Mozambique,2025,7,unchanged,0.99963,0.00027,0.0001
ConfliBERT-2021,current,single,512,123,test,Mozambique,2025,10,unchanged,0.99964,0.00028,7e-05
ConfliBERT-2021,current,single,512,123,test,Mozambique,2025,12,unchanged,0.99911,0.00083,6e-05
ConfliBERT-2021,current,single,512,123,dev,Tanzania,2025,1,unchanged,0.99963,0.00025,0.00013
ConfliBERT-2021,current,single,512,123,dev,Tanzania,2025,2,unchanged,0.99974,0.00016,0.0001
ConfliBERT-2021,current,single,512,123,dev,Tanzania,2025,2,unchanged,0.99974,0.00017,0.0001
ConfliBERT-2021,current,single,512,123,dev,Tanzania,2025,3,unchanged,0.99971,0.0002,8e-05
ConfliBERT-2021,current,single,512,123,test,Tanzania,2025,7,unchanged,0.99971,0.00021,9e-05
ConfliBERT-2021,current,single,512,123,test,Tanzania,2025,12,unchanged,0.99951,0.0004,9e-05
ConfliBERT-2021,current,single,512,123,dev,Zimbabwe,2025,1,unchanged,0.9996,0.00032,8e-05
ConfliBERT-2021,current,single,512,123,dev,Zimbabwe,2025,2,unchanged,0.99966,0.00027,7e-05
ConfliBERT-2021,current,single,512,123,dev,Zimbabwe,2025,2,unchanged,0.99966,0.00027,7e-05
ConfliBERT-2021,current,single,512,123,dev,Zimbabwe,2025,3,deteriorated,0.01891,0.98083,0.00026
ConfliBERT-2021,current,single,512,123,test,Zimbabwe,2025,7,unchanged,0.99956,0.00035,0.0001
ConfliBERT-2021,current,single,512,123,test,Zimbabwe,2025,10,unchanged,0.99974,0.00015,0.00011
ConfliBERT-2021,current,single,512,123,test,Zimbabwe,2025,12,unchanged,0.99975,0.00015,0.0001
ConfliBERT-2021,current,single,512,123,test,Burundi,2025,7,unchanged,0.99972,0.00017,0.0001
ConfliBERT-2021,current,single,512,123,test,Burundi,2025,10,unchanged,0.99967,0.00023,0.0001
ConfliBERT-2021,current,single,512,123,test,DR Congo,2025,10,unchanged,0.99822,0.00154,0.00024
ConfliBERT-2021,current,single,512,123,test,DR Congo,2025,12,deteriorated,0.9966,0.00327,0.00012
ConfliBERT-2021,current,single,512,123,dev,Rwanda,2025,2,unchanged,0.99957,0.00033,0.0001
ConfliBERT-2021,current,single,512,123,dev,Rwanda,2025,2,unchanged,0.99956,0.00034,0.0001
ConfliBERT-2021,current,single,512,123,dev,Rwanda,2025,3,unchanged,0.99871,0.00098,0.0003
ConfliBERT-2021,current,single,512,123,test,Rwanda,2025,7,unchanged,0.99968,0.00019,0.00014
ConfliBERT-2021,current,single,512,123,test,Rwanda,2025,10,unchanged,0.99953,0.00017,0.0003
ConfliBERT-2021,current,single,512,123,test,Rwanda,2025,12,unchanged,0.99917,0.00023,0.0006
ConfliBERT-2021,current,single,512,123,dev,Uganda,2025,1,unchanged,0.99909,0.00083,8e-05
ConfliBERT-2021,current,single,512,123,dev,Uganda,2025,2,unchanged,0.09464,0.90497,0.00038
ConfliBERT-2021,current,single,512,123,dev,Uganda,2025,2,unchanged,0.90021,0.09944,0.00035
ConfliBERT-2021,current,single,512,123,dev,Uganda,2025,3,unchanged,0.99925,0.00067,9e-05
ConfliBERT-2021,current,single,512,123,test,Uganda,2025,7,unchanged,0.00064,0.99926,0.0001
ConfliBERT-2021,current,single,512,123,test,Uganda,2025,10,unchanged,0.00107,0.99881,0.00011
ConfliBERT-2021,current,single,512,123,dev,Eritrea,2025,1,unchanged,0.9997,0.00012,0.00018
ConfliBERT-2021,current,single,512,123,dev,Eritrea,2025,2,unchanged,0.02106,0.9787,0.00024
ConfliBERT-2021,current,single,512,123,dev,Eritrea,2025,2,unchanged,0.02106,0.9787,0.00024
ConfliBERT-2021,current,single,512,123,test,Eritrea,2025,7,unchanged,0.99846,0.00145,9e-05
ConfliBERT-2021,current,single,512,123,test,Eritrea,2025,10,unchanged,0.99955,0.00032,0.00013
ConfliBERT-2021,current,single,512,123,test,Eritrea,2025,12,unchanged,0.99972,0.00013,0.00015
ConfliBERT-2021,current,single,512,123,dev,Ethiopia,2025,1,unchanged,0.99968,0.00021,0.00011
ConfliBERT-2021,current,single,512,123,dev,Ethiopia,2025,2,unchanged,0.99942,0.00047,0.00011
ConfliBERT-2021,current,single,512,123,dev,Ethiopia,2025,2,unchanged,0.99959,0.00032,9e-05
ConfliBERT-2021,current,single,512,123,test,Ethiopia,2025,7,unchanged,0.9979,0.00202,8e-05
ConfliBERT-2021,current,single,512,123,test,Ethiopia,2025,10,unchanged,0.99944,0.00048,8e-05
ConfliBERT-2021,current,single,512,123,test,Ethiopia,2025,12,deteriorated,0.0003,0.99954,0.00016
ConfliBERT-2021,current,single,512,123,test,Nile Waters,2025,7,unchanged,0.9976,0.00215,0.00025
ConfliBERT-2021,current,single,512,123,test,Nile Waters,2025,10,unchanged,0.95432,0.04543,0.00026
ConfliBERT-2021,current,single,512,123,test,Nile Waters,2025,12,unchanged,0.99958,0.00031,0.00011
ConfliBERT-2021,current,single,512,123,dev,Somalia,2025,1,unchanged,0.99968,0.00023,0.0001
ConfliBERT-2021,current,single,512,123,dev,Somalia,2025,2,unchanged,0.99966,0.00026,8e-05
ConfliBERT-2021,current,single,512,123,dev,Somalia,2025,2,unchanged,0.99965,0.00027,8e-05
ConfliBERT-2021,current,single,512,123,dev,Somalia,2025,3,unchanged,0.99965,0.00027,8e-05
ConfliBERT-2021,current,single,512,123,test,Somalia,2025,7,deteriorated,0.99811,0.00178,0.00011
ConfliBERT-2021,current,single,512,123,test,Somalia,2025,10,unchanged,0.99964,0.00019,0.00017
ConfliBERT-2021,current,single,512,123,test,Somalia,2025,12,unchanged,0.00769,0.00049,0.99182
ConfliBERT-2021,current,single,512,123,dev,Somaliland,2025,1,unchanged,0.99973,0.00017,0.0001
ConfliBERT-2021,current,single,512,123,dev,Somaliland,2025,2,unchanged,0.9997,0.00017,0.00013
ConfliBERT-2021,current,single,512,123,dev,Somaliland,2025,2,unchanged,0.99969,0.00017,0.00014
ConfliBERT-2021,current,single,512,123,dev,Somaliland,2025,3,unchanged,0.39949,0.5997,0.00081
ConfliBERT-2021,current,single,512,123,test,Somaliland,2025,7,unchanged,0.9997,0.00018,0.00012
ConfliBERT-2021,current,single,512,123,test,Somaliland,2025,10,unchanged,0.99968,0.00019,0.00013
ConfliBERT-2021,current,single,512,123,test,Somaliland,2025,12,unchanged,0.00027,0.99958,0.00015
ConfliBERT-2021,current,single,512,123,dev,South Sudan,2025,1,unchanged,0.99811,0.00015,0.00174
ConfliBERT-2021,current,single,512,123,dev,South Sudan,2025,2,unchanged,0.99966,0.00026,8e-05
ConfliBERT-2021,current,single,512,123,dev,South Sudan,2025,2,unchanged,0.99966,0.00026,8e-05
ConfliBERT-2021,current,single,512,123,test,South Sudan,2025,7,unchanged,0.99965,0.00027,8e-05
ConfliBERT-2021,current,single,512,123,test,South Sudan,2025,10,unchanged,0.99945,0.00044,0.00011
ConfliBERT-2021,current,single,512,123,test,South Sudan,2025,12,unchanged,0.99961,0.00032,7e-05
ConfliBERT-2021,current,single,512,123,dev,Sudan,2025,2,deteriorated,0.0003,0.99955,0.00016
ConfliBERT-2021,current,single,512,123,dev,Sudan,2025,2,deteriorated,0.0003,0.99955,0.00016
ConfliBERT-2021,current,single,512,123,dev,Sudan,2025,3,unchanged,0.00028,0.99905,0.00067
ConfliBERT-2021,current,single,512,123,test,Sudan,2025,7,unchanged,0.03985,0.9598,0.00035
ConfliBERT-2021,current,single,512,123,test,Sudan,2025,12,unchanged,0.01088,0.98733,0.00179
ConfliBERT-2021,current,single,512,123,dev,Burkina Faso,2025,1,unchanged,0.99956,0.00036,8e-05
ConfliBERT-2021,current,single,512,123,dev,Burkina Faso,2025,2,unchanged,0.99958,0.00034,8e-05
ConfliBERT-2021,current,single,512,123,dev,Burkina Faso,2025,2,unchanged,0.99957,0.00035,8e-05
ConfliBERT-2021,current,single,512,123,dev,Burkina Faso,2025,3,deteriorated,0.00019,0.99965,0.00016
ConfliBERT-2021,current,single,512,123,test,Burkina Faso,2025,7,unchanged,0.00636,0.9934,0.00024
ConfliBERT-2021,current,single,512,123,test,Burkina Faso,2025,10,unchanged,0.99966,0.00026,8e-05
ConfliBERT-2021,current,single,512,123,test,Burkina Faso,2025,12,unchanged,0.99945,0.00047,8e-05
ConfliBERT-2021,current,single,512,123,dev,Guinea,2025,1,unchanged,0.99966,0.00024,9e-05
ConfliBERT-2021,current,single,512,123,dev,Guinea,2025,2,unchanged,0.9997,0.00016,0.00014
ConfliBERT-2021,current,single,512,123,dev,Guinea,2025,2,unchanged,0.9997,0.00016,0.00014
ConfliBERT-2021,current,single,512,123,dev,Guinea,2025,3,unchanged,0.99964,0.00028,9e-05
ConfliBERT-2021,current,single,512,123,test,Guinea,2025,7,unchanged,0.99972,0.00018,0.0001
ConfliBERT-2021,current,single,512,123,test,Guinea,2025,10,unchanged,0.99973,0.00015,0.00012
ConfliBERT-2021,current,single,512,123,test,Guinea,2025,12,unchanged,0.13835,0.00084,0.86082
ConfliBERT-2021,current,single,512,123,dev,Nigeria,2025,1,unchanged,0.99957,0.00035,7e-05
ConfliBERT-2021,current,single,512,123,dev,Nigeria,2025,2,unchanged,0.99963,0.00029,8e-05
ConfliBERT-2021,current,single,512,123,dev,Nigeria,2025,2,unchanged,0.99964,0.00028,8e-05
ConfliBERT-2021,current,single,512,123,dev,Nigeria,2025,3,unchanged,0.99935,0.00055,0.0001
ConfliBERT-2021,current,single,512,123,test,Nigeria,2025,7,unchanged,0.9991,0.00081,8e-05
ConfliBERT-2021,current,single,512,123,test,Nigeria,2025,10,unchanged,0.99875,0.00116,9e-05
ConfliBERT-2021,current,single,512,123,test,Nigeria,2025,12,unchanged,0.99968,0.00023,9e-05
ConfliBERT-2021,current,single,512,123,dev,Senegal,2025,2,unchanged,0.97924,0.00023,0.02052
ConfliBERT-2021,current,single,512,123,dev,Senegal,2025,2,unchanged,0.98013,0.00023,0.01964
ConfliBERT-2021,current,single,512,123,dev,Kosovo,2025,1,unchanged,0.99953,0.0004,7e-05
ConfliBERT-2021,current,single,512,123,dev,Kosovo,2025,2,unchanged,0.9983,0.00144,0.00026
ConfliBERT-2021,current,single,512,123,dev,Kosovo,2025,3,unchanged,0.9995,0.00013,0.00037
ConfliBERT-2021,current,single,512,123,test,Kosovo,2025,7,unchanged,0.00047,0.9994,0.00013
ConfliBERT-2021,current,single,512,123,test,Kosovo,2025,10,unchanged,0.78451,0.21197,0.00352
ConfliBERT-2021,current,single,512,123,test,Kosovo,2025,12,unchanged,0.79347,0.00116,0.20538
ConfliBERT-2021,current,single,512,123,test,Kosovo,2026,3,unchanged,0.91521,0.08414,0.00065
ConfliBERT-2021,current,single,512,123,dev,Armenia,2025,1,unchanged,0.99968,0.00012,0.0002
ConfliBERT-2021,current,single,512,123,dev,Armenia,2025,2,unchanged,0.99971,0.00019,0.0001
ConfliBERT-2021,current,single,512,123,dev,Armenia,2025,3,unchanged,0.00222,0.00042,0.99736
ConfliBERT-2021,current,single,512,123,test,Armenia,2025,7,unchanged,0.0005,0.00048,0.99902
ConfliBERT-2021,current,single,512,123,test,Armenia,2025,10,unchanged,0.98434,0.00021,0.01546
ConfliBERT-2021,current,single,512,123,test,Armenia,2025,12,unchanged,0.99899,0.00013,0.00088
ConfliBERT-2021,current,single,512,123,test,Armenia,2026,3,unchanged,0.9996,0.00031,9e-05
ConfliBERT-2021,current,single,512,123,dev,Azerbaijan,2025,1,unchanged,0.99969,0.00012,0.00019
ConfliBERT-2021,current,single,512,123,dev,Azerbaijan,2025,2,unchanged,0.99972,0.00018,0.0001
ConfliBERT-2021,current,single,512,123,dev,Azerbaijan,2025,3,unchanged,0.00255,0.00038,0.99707
ConfliBERT-2021,current,single,512,123,test,Azerbaijan,2025,7,unchanged,0.00054,0.00044,0.99902
ConfliBERT-2021,current,single,512,123,test,Azerbaijan,2025,10,unchanged,0.99679,0.00012,0.0031
ConfliBERT-2021,current,single,512,123,test,Azerbaijan,2025,12,unchanged,0.99967,0.00011,0.00023
ConfliBERT-2021,current,single,512,123,test,Azerbaijan,2026,3,unchanged,0.98647,0.01339,0.00015
ConfliBERT-2021,current,single,512,123,dev,Georgia,2025,1,unchanged,0.99946,0.00047,7e-05
ConfliBERT-2021,current,single,512,123,dev,Georgia,2025,2,unchanged,0.99971,0.00022,7e-05
ConfliBERT-2021,current,single,512,123,dev,Georgia,2025,3,unchanged,0.99966,0.00019,0.00015
ConfliBERT-2021,current,single,512,123,test,Georgia,2025,7,unchanged,0.99237,0.00746,0.00017
ConfliBERT-2021,current,single,512,123,test,Georgia,2025,10,unchanged,0.99877,0.00115,8e-05
ConfliBERT-2021,current,single,512,123,test,Georgia,2025,12,unchanged,0.99968,0.00021,0.00011
ConfliBERT-2021,current,single,512,123,test,Georgia,2026,3,unchanged,0.99961,0.00032,8e-05
ConfliBERT-2021,current,single,512,123,dev,Belarus,2025,1,unchanged,0.99735,0.00253,0.00012
ConfliBERT-2021,current,single,512,123,dev,Belarus,2025,2,unchanged,0.99969,0.00016,0.00015
ConfliBERT-2021,current,single,512,123,dev,Belarus,2025,3,unchanged,0.99972,0.00013,0.00016
ConfliBERT-2021,current,single,512,123,test,Belarus,2025,7,unchanged,0.9997,0.00017,0.00014
ConfliBERT-2021,current,single,512,123,test,Belarus,2025,10,unchanged,0.99973,0.00017,0.0001
ConfliBERT-2021,current,single,512,123,test,Belarus,2025,12,unchanged,0.99949,0.00013,0.00039
ConfliBERT-2021,current,single,512,123,test,Belarus,2026,3,unchanged,0.99588,0.00042,0.00371
ConfliBERT-2021,current,single,512,123,dev,Ukraine,2025,1,unchanged,0.99969,0.00023,8e-05
ConfliBERT-2021,current,single,512,123,dev,Ukraine,2025,2,unchanged,0.99968,0.00021,0.00011
ConfliBERT-2021,current,single,512,123,dev,Ukraine,2025,3,unchanged,0.99962,0.00025,0.00014
ConfliBERT-2021,current,single,512,123,test,Ukraine,2025,12,unchanged,0.99876,0.00112,0.00012
ConfliBERT-2021,current,single,512,123,test,Ukraine,2026,3,unchanged,0.99967,0.00025,8e-05
ConfliBERT-2021,current,single,512,123,dev,Cyprus,2025,1,unchanged,0.99922,0.00016,0.00063
ConfliBERT-2021,current,single,512,123,dev,Cyprus,2025,2,unchanged,0.99968,0.00019,0.00014
ConfliBERT-2021,current,single,512,123,dev,Cyprus,2025,3,unchanged,0.83135,0.00107,0.16758
ConfliBERT-2021,current,single,512,123,test,Cyprus,2025,7,unchanged,0.9993,0.00018,0.00052
ConfliBERT-2021,current,single,512,123,test,Cyprus,2025,10,unchanged,0.9997,0.00014,0.00016
ConfliBERT-2021,current,single,512,123,test,Cyprus,2025,12,unchanged,0.99971,0.00012,0.00017
ConfliBERT-2021,current,single,512,123,test,Cyprus,2026,3,unchanged,0.99716,0.00267,0.00017
ConfliBERT-2021,current,single,512,123,dev,Türkiye,2025,1,unchanged,0.99973,0.00016,0.00012
ConfliBERT-2021,current,single,512,123,dev,Türkiye,2025,3,deteriorated,0.00042,0.99943,0.00014
ConfliBERT-2021,current,single,512,123,test,Türkiye,2025,7,improved,0.99886,0.00012,0.00102
ConfliBERT-2021,current,single,512,123,test,Türkiye,2025,10,unchanged,0.99358,0.00016,0.00626
ConfliBERT-2021,current,single,512,123,test,Türkiye,2025,12,unchanged,0.99971,0.00013,0.00017
ConfliBERT-2021,current,single,512,123,test,Türkiye,2026,3,unchanged,0.99939,0.0005,0.00011
ConfliBERT-2021,current,single,512,123,dev,Kyrgyzstan,2025,1,unchanged,0.99948,0.00012,0.0004
ConfliBERT-2021,current,single,512,123,dev,Kyrgyzstan,2025,2,unchanged,0.55982,0.00078,0.43941
ConfliBERT-2021,current,single,512,123,dev,Kyrgyzstan,2025,3,improved,0.00052,0.00037,0.99911
ConfliBERT-2021,current,single,512,123,test,Kyrgyzstan,2025,7,unchanged,0.99968,0.00018,0.00014
ConfliBERT-2021,current,single,512,123,test,Kyrgyzstan,2025,10,unchanged,0.99942,0.0005,8e-05
ConfliBERT-2021,current,single,512,123,test,Kyrgyzstan,2025,12,unchanged,0.99972,0.00015,0.00013
ConfliBERT-2021,current,single,512,123,test,Kyrgyzstan,2026,3,unchanged,0.99962,0.00029,9e-05
ConfliBERT-2021,current,single,512,123,dev,Tajikistan,2025,1,unchanged,0.99965,0.00024,0.00011
ConfliBERT-2021,current,single,512,123,dev,Tajikistan,2025,2,unchanged,0.04238,0.00047,0.95714
ConfliBERT-2021,current,single,512,123,dev,Tajikistan,2025,3,improved,0.00053,0.00036,0.99912
ConfliBERT-2021,current,single,512,123,test,Tajikistan,2025,7,unchanged,0.99965,0.00022,0.00013
ConfliBERT-2021,current,single,512,123,test,Tajikistan,2025,10,unchanged,0.99959,0.00015,0.00026
ConfliBERT-2021,current,single,512,123,test,Tajikistan,2025,12,unchanged,0.99774,0.00217,9e-05
ConfliBERT-2021,current,single,512,123,test,Tajikistan,2026,3,unchanged,0.99966,0.00013,0.00021
ConfliBERT-2021,current,single,512,123,dev,Uzbekistan,2025,1,unchanged,0.99938,0.00014,0.00048
ConfliBERT-2021,current,single,512,123,dev,Uzbekistan,2025,2,unchanged,0.9996,0.00014,0.00026
ConfliBERT-2021,current,single,512,123,dev,Uzbekistan,2025,3,unchanged,0.99877,0.00011,0.00112
ConfliBERT-2021,current,single,512,123,test,Uzbekistan,2025,7,unchanged,0.99964,0.00011,0.00025
ConfliBERT-2021,current,single,512,123,test,Uzbekistan,2025,10,unchanged,0.99962,0.00026,0.00012
ConfliBERT-2021,current,single,512,123,test,Uzbekistan,2025,12,unchanged,0.9997,0.00011,0.00019
ConfliBERT-2021,current,single,512,123,test,Uzbekistan,2026,3,unchanged,0.99963,0.00015,0.00022
ConfliBERT-2021,current,single,512,123,dev,Lebanon,2025,1,unchanged,0.99949,0.00039,0.00012
ConfliBERT-2021,current,single,512,123,dev,Lebanon,2025,2,unchanged,0.99949,0.00016,0.00035
ConfliBERT-2021,current,single,512,123,dev,Lebanon,2025,3,unchanged,0.00049,0.99941,0.00011
ConfliBERT-2021,current,single,512,123,test,Lebanon,2025,6,unchanged,0.99967,0.00023,0.0001
ConfliBERT-2021,current,single,512,123,test,Lebanon,2025,6,unchanged,0.99967,0.00023,0.0001
ConfliBERT-2021,current,single,512,123,test,Lebanon,2025,7,unchanged,0.99683,0.00306,0.00011
ConfliBERT-2021,current,single,512,123,test,Lebanon,2025,10,unchanged,0.99948,0.00042,0.00011
ConfliBERT-2021,current,single,512,123,test,Lebanon,2025,12,unchanged,0.99965,0.00027,8e-05
ConfliBERT-2021,current,single,512,123,dev,Syria,2025,1,unchanged,0.99908,0.00084,8e-05
ConfliBERT-2021,current,single,512,123,dev,Syria,2025,2,unchanged,0.99974,0.00016,0.00011
ConfliBERT-2021,current,single,512,123,dev,Syria,2025,3,deteriorated,0.00022,0.99964,0.00014
ConfliBERT-2021,current,single,512,123,test,Syria,2025,6,deteriorated,0.00024,0.9996,0.00016
ConfliBERT-2021,current,single,512,123,test,Syria,2025,6,deteriorated,0.00024,0.9996,0.00016
ConfliBERT-2021,current,single,512,123,test,Syria,2025,7,deteriorated,0.00019,0.99964,0.00017
ConfliBERT-2021,current,single,512,123,test,Syria,2025,10,improved,0.00954,0.00031,0.99015
ConfliBERT-2021,current,single,512,123,test,Syria,2025,12,deteriorated,0.00023,0.99963,0.00014
ConfliBERT-2021,current,single,512,123,dev,Iran,2025,1,unchanged,0.99971,0.00019,0.0001
ConfliBERT-2021,current,single,512,123,dev,Iran,2025,2,unchanged,0.00834,0.99116,0.00049
ConfliBERT-2021,current,single,512,123,dev,Iran,2025,3,unchanged,0.9972,0.00267,0.00012
ConfliBERT-2021,current,single,512,123,test,Iran,2025,7,unchanged,0.99925,0.00065,9e-05
ConfliBERT-2021,current,single,512,123,test,Iran,2025,10,unchanged,0.99964,0.00024,0.00012
ConfliBERT-2021,current,single,512,123,test,Iran,2025,12,deteriorated,0.00025,0.9996,0.00015
ConfliBERT-2021,current,single,512,123,dev,Iraq,2025,1,unchanged,0.99967,0.00023,0.00011
ConfliBERT-2021,current,single,512,123,dev,Iraq,2025,2,unchanged,0.99972,0.00015,0.00013
ConfliBERT-2021,current,single,512,123,dev,Iraq,2025,3,unchanged,0.99967,0.00025,8e-05
ConfliBERT-2021,current,single,512,123,test,Iraq,2025,6,unchanged,0.9992,0.00073,7e-05
ConfliBERT-2021,current,single,512,123,test,Iraq,2025,6,unchanged,0.9992,0.00073,7e-05
ConfliBERT-2021,current,single,512,123,test,Iraq,2025,7,unchanged,0.25644,0.00152,0.74203
ConfliBERT-2021,current,single,512,123,test,Iraq,2025,10,unchanged,0.99933,0.00059,8e-05
ConfliBERT-2021,current,single,512,123,test,Iraq,2025,12,unchanged,0.99971,0.00013,0.00016
ConfliBERT-2021,current,single,512,123,dev,Saudi Arabia,2025,1,unchanged,0.99968,0.00013,0.00019
ConfliBERT-2021,current,single,512,123,dev,Saudi Arabia,2025,2,unchanged,0.99967,0.0002,0.00013
ConfliBERT-2021,current,single,512,123,dev,Saudi Arabia,2025,3,unchanged,0.99972,0.00014,0.00014
ConfliBERT-2021,current,single,512,123,test,Saudi Arabia,2025,6,unchanged,0.99946,0.00044,0.0001
ConfliBERT-2021,current,single,512,123,test,Saudi Arabia,2025,6,unchanged,0.99946,0.00044,0.0001
ConfliBERT-2021,current,single,512,123,test,Saudi Arabia,2025,7,unchanged,0.99961,0.00011,0.00028
ConfliBERT-2021,current,single,512,123,test,Saudi Arabia,2025,10,unchanged,0.99967,0.00023,0.0001
ConfliBERT-2021,current,single,512,123,test,Saudi Arabia,2025,12,unchanged,0.9982,0.00165,0.00016
ConfliBERT-2021,current,single,512,123,test,Yemen,2025,6,unchanged,0.99944,0.00016,0.00039
ConfliBERT-2021,current,single,512,123,test,Yemen,2025,6,unchanged,0.99944,0.00016,0.00039
ConfliBERT-2021,current,single,512,123,test,Yemen,2025,7,deteriorated,0.99312,0.00659,0.00029
ConfliBERT-2021,current,single,512,123,dev,Algeria,2025,1,unchanged,0.99954,0.00038,8e-05
ConfliBERT-2021,current,single,512,123,dev,Algeria,2025,2,unchanged,0.00049,0.99939,0.00013
ConfliBERT-2021,current,single,512,123,dev,Algeria,2025,3,unchanged,0.99958,0.00013,0.00029
ConfliBERT-2021,current,single,512,123,test,Algeria,2025,6,unchanged,0.99969,0.00022,9e-05
ConfliBERT-2021,current,single,512,123,test,Algeria,2025,6,unchanged,0.99969,0.00022,9e-05
ConfliBERT-2021,current,single,512,123,test,Algeria,2025,7,unchanged,0.99969,0.00021,0.0001
ConfliBERT-2021,current,single,512,123,test,Algeria,2025,10,unchanged,0.99929,0.00062,0.0001
ConfliBERT-2021,current,single,512,123,test,Algeria,2025,12,unchanged,0.99859,0.00128,0.00012
ConfliBERT-2021,current,single,512,123,dev,Egypt,2025,1,unchanged,0.9997,0.00013,0.00017
ConfliBERT-2021,current,single,512,123,dev,Egypt,2025,2,unchanged,0.99965,0.00025,0.0001
ConfliBERT-2021,current,single,512,123,dev,Egypt,2025,3,unchanged,0.9997,0.00015,0.00015
ConfliBERT-2021,current,single,512,123,test,Egypt,2025,6,unchanged,0.99959,0.00032,9e-05
ConfliBERT-2021,current,single,512,123,test,Egypt,2025,6,unchanged,0.99959,0.00032,9e-05
ConfliBERT-2021,current,single,512,123,test,Egypt,2025,7,unchanged,0.97495,0.02484,0.00021
ConfliBERT-2021,current,single,512,123,test,Egypt,2025,10,unchanged,0.9996,0.0002,0.0002
ConfliBERT-2021,current,single,512,123,test,Egypt,2025,12,unchanged,0.99972,0.00018,0.0001
ConfliBERT-2021,current,single,512,123,dev,Libya,2025,1,unchanged,0.99972,0.00017,0.00011
ConfliBERT-2021,current,single,512,123,dev,Libya,2025,2,unchanged,0.9997,0.00012,0.00018
ConfliBERT-2021,current,single,512,123,dev,Libya,2025,3,unchanged,0.99899,0.00091,0.0001
ConfliBERT-2021,current,single,512,123,test,Libya,2025,6,unchanged,0.99972,0.00019,9e-05
ConfliBERT-2021,current,single,512,123,test,Libya,2025,6,unchanged,0.99972,0.00019,9e-05
ConfliBERT-2021,current,single,512,123,test,Libya,2025,7,unchanged,0.99943,0.0005,7e-05
ConfliBERT-2021,current,single,512,123,test,Libya,2025,10,unchanged,0.99965,0.00021,0.00014
ConfliBERT-2021,current,single,512,123,test,Libya,2025,12,unchanged,0.99965,0.00018,0.00017
ConfliBERT-2021,current,single,512,123,dev,Tunisia,2025,1,unchanged,0.99961,0.00029,0.0001
ConfliBERT-2021,current,single,512,123,dev,Tunisia,2025,2,unchanged,0.9991,0.00073,0.00016
ConfliBERT-2021,current,single,512,123,dev,Tunisia,2025,3,unchanged,0.9992,0.0007,0.0001
ConfliBERT-2021,current,single,512,123,test,Tunisia,2025,6,unchanged,0.99971,0.0002,9e-05
ConfliBERT-2021,current,single,512,123,test,Tunisia,2025,6,unchanged,0.99971,0.0002,9e-05
ConfliBERT-2021,current,single,512,123,test,Tunisia,2025,7,unchanged,0.99823,0.00161,0.00016
ConfliBERT-2021,current,single,512,123,test,Tunisia,2025,10,unchanged,0.44724,0.55227,0.00049
ConfliBERT-2021,current,single,512,123,test,Tunisia,2025,12,unchanged,0.99973,0.00017,9e-05
ConfliBERT-2021,current,single,512,123,dev,Western Sahara,2025,1,unchanged,0.99932,0.00057,0.00011
ConfliBERT-2021,current,single,512,123,dev,Western Sahara,2025,2,unchanged,0.99964,0.00013,0.00023
ConfliBERT-2021,current,single,512,123,dev,Western Sahara,2025,3,unchanged,0.9997,0.00017,0.00013
ConfliBERT-2021,current,single,512,123,test,Western Sahara,2025,6,unchanged,0.9997,0.00021,9e-05
ConfliBERT-2021,current,single,512,123,test,Western Sahara,2025,6,unchanged,0.9997,0.00021,9e-05
ConfliBERT-2021,current,single,512,123,test,Western Sahara,2025,7,unchanged,0.99962,0.00029,9e-05
ConfliBERT-2021,current,single,512,123,test,Western Sahara,2025,10,unchanged,0.99897,0.00017,0.00086
ConfliBERT-2021,current,single,512,123,test,Western Sahara,2025,12,unchanged,0.99966,0.00012,0.00022
ConfliBERT-2021,current,single,512,123,dev,Central African Republic,2025,1,unchanged,0.9997,0.0002,0.0001
ConfliBERT-2021,current,single,512,123,dev,Central African Republic,2025,2,unchanged,0.9994,0.00052,8e-05
ConfliBERT-2021,current,single,512,123,dev,Central African Republic,2025,2,unchanged,0.99939,0.00054,8e-05
ConfliBERT-2021,current,single,512,123,dev,Central African Republic,2025,3,unchanged,0.99973,0.00017,0.0001
ConfliBERT-2021,current,single,512,123,test,Central African Republic,2025,7,unchanged,0.99971,0.00019,0.00011
ConfliBERT-2021,current,single,512,123,test,Central African Republic,2025,10,unchanged,0.99972,0.00015,0.00013
ConfliBERT-2021,current,single,512,123,dev,Mali,2025,1,unchanged,0.9996,0.00033,7e-05
ConfliBERT-2021,current,single,512,123,dev,Mali,2025,2,unchanged,0.99954,0.00036,0.0001
ConfliBERT-2021,current,single,512,123,dev,Mali,2025,2,unchanged,0.99954,0.00036,0.0001
ConfliBERT-2021,current,single,512,123,dev,Mali,2025,3,unchanged,0.9995,0.00043,7e-05
ConfliBERT-2021,current,single,512,123,test,Mali,2025,7,deteriorated,0.00044,0.99939,0.00017
ConfliBERT-2021,current,single,512,123,test,Mali,2025,12,unchanged,0.99963,0.00025,0.00012
ConfliBERT-2021,current,single,512,123,dev,Niger,2025,1,unchanged,0.99972,0.00017,0.00011
ConfliBERT-2021,current,single,512,123,dev,Niger,2025,2,unchanged,0.99941,0.00024,0.00035
ConfliBERT-2021,current,single,512,123,dev,Niger,2025,2,unchanged,0.99944,0.00025,0.00031
ConfliBERT-2021,current,single,512,123,dev,Niger,2025,3,deteriorated,0.99936,0.00038,0.00026
ConfliBERT-2021,current,single,512,123,test,Niger,2025,7,unchanged,0.99962,0.00031,8e-05
ConfliBERT-2021,current,single,512,123,test,Niger,2025,10,unchanged,0.99964,0.00019,0.00016
ConfliBERT-2021,current,single,512,123,test,Niger,2025,12,unchanged,0.99972,0.00019,9e-05
ConfliBERT-2021,current,single,512,123,dev,Benin,2025,1,deteriorated,0.00024,0.99963,0.00013
ConfliBERT-2021,current,single,512,123,dev,Benin,2025,2,unchanged,0.99967,0.00024,9e-05
ConfliBERT-2021,current,single,512,123,dev,Benin,2025,2,unchanged,0.99967,0.00024,9e-05
ConfliBERT-2021,current,single,512,123,dev,Benin,2025,3,unchanged,0.99968,0.00024,8e-05
ConfliBERT-2021,current,single,512,123,test,Benin,2025,7,unchanged,0.99965,0.00011,0.00025
ConfliBERT-2021,current,single,512,123,test,Benin,2025,10,unchanged,0.99967,0.00024,9e-05
ConfliBERT-2021,current,single,512,123,test,Benin,2025,12,deteriorated,0.00045,0.99941,0.00014
ConfliBERT-2021,current,single,512,123,dev,Moldova,2025,1,deteriorated,0.00159,0.9982,0.00021
ConfliBERT-2021,current,single,512,123,dev,Moldova,2025,2,unchanged,0.99892,0.00084,0.00024
ConfliBERT-2021,current,single,512,123,test,Moldova,2026,3,unchanged,0.99725,0.00255,0.0002
ConfliBERT-2021,current,single,512,123,test,Israel/Palestine,2025,12,unchanged,0.99957,0.00018,0.00025
ConfliBERT-2021,current,single,512,123,dev,Colombia,2025,2,unchanged,0.98962,0.01015,0.00023
ConfliBERT-2021,current,single,512,123,dev,Colombia,2025,3,unchanged,0.99969,0.0002,0.00011
ConfliBERT-2021,current,single,512,123,test,Colombia,2025,7,unchanged,0.99779,0.00208,0.00013
ConfliBERT-2021,current,single,512,123,test,Colombia,2025,10,deteriorated,0.98368,0.01612,0.0002
ConfliBERT-2021,current,single,512,123,test,Colombia,2025,12,unchanged,0.001,0.99888,0.00012
ConfliBERT-2021,current,single,512,123,dev,Ecuador,2025,1,deteriorated,0.01382,0.98595,0.00023
ConfliBERT-2021,current,single,512,123,dev,Ecuador,2025,2,unchanged,0.9996,0.00024,0.00016
ConfliBERT-2021,current,single,512,123,dev,Ecuador,2025,3,unchanged,0.99968,0.00025,8e-05
ConfliBERT-2021,current,single,512,123,test,Ecuador,2025,7,unchanged,0.99973,0.00017,0.0001
ConfliBERT-2021,current,single,512,123,test,Ecuador,2025,10,unchanged,0.99964,0.00027,9e-05
ConfliBERT-2021,current,single,512,123,test,Ecuador,2025,12,unchanged,0.99939,0.00052,9e-05
ConfliBERT-2021,current,single,512,123,dev,Venezuela,2025,1,unchanged,0.93669,0.06275,0.00055
ConfliBERT-2021,current,single,512,123,dev,Venezuela,2025,2,unchanged,0.99969,0.00019,0.00011
ConfliBERT-2021,current,single,512,123,dev,Venezuela,2025,3,unchanged,0.99969,0.00022,9e-05
ConfliBERT-2021,current,single,512,123,test,Venezuela,2025,7,unchanged,0.99972,0.00019,9e-05
ConfliBERT-2021,current,single,512,123,dev,El Salvador,2025,1,unchanged,0.99953,0.00024,0.00023
ConfliBERT-2021,current,single,512,123,dev,El Salvador,2025,2,unchanged,0.99958,0.00033,9e-05
ConfliBERT-2021,current,single,512,123,dev,El Salvador,2025,3,unchanged,0.99971,0.00019,0.0001
ConfliBERT-2021,current,single,512,123,test,El Salvador,2025,7,deteriorated,0.99851,0.00135,0.00014
ConfliBERT-2021,current,single,512,123,test,El Salvador,2025,10,unchanged,0.99975,0.00014,0.00011
ConfliBERT-2021,current,single,512,123,test,El Salvador,2025,12,unchanged,0.99975,0.00015,0.0001
ConfliBERT-2021,current,single,512,123,test,Honduras,2025,12,deteriorated,0.00081,0.99903,0.00016
ConfliBERT-2021,current,single,512,123,dev,Mexico,2025,1,unchanged,0.99953,0.00041,6e-05
ConfliBERT-2021,current,single,512,123,dev,Mexico,2025,2,unchanged,0.99967,0.00025,7e-05
ConfliBERT-2021,current,single,512,123,dev,Mexico,2025,3,unchanged,0.99966,0.00024,0.0001
ConfliBERT-2021,current,single,512,123,test,Mexico,2025,7,unchanged,0.99952,0.00042,6e-05
ConfliBERT-2021,current,single,512,123,test,Mexico,2025,10,unchanged,0.99962,0.00029,8e-05
ConfliBERT-2021,current,single,512,123,test,Mexico,2025,12,unchanged,0.99959,0.00034,7e-05
ConfliBERT-2021,current,single,512,123,dev,Nicaragua,2025,1,unchanged,0.99944,0.00042,0.00014
ConfliBERT-2021,current,single,512,123,dev,Nicaragua,2025,2,deteriorated,0.99697,0.00267,0.00036
ConfliBERT-2021,current,single,512,123,dev,Nicaragua,2025,3,unchanged,0.99965,0.00025,0.0001
ConfliBERT-2021,current,single,512,123,test,Nicaragua,2025,7,unchanged,0.99967,0.00025,7e-05
ConfliBERT-2021,current,single,512,123,test,Nicaragua,2025,10,unchanged,0.99975,0.00015,0.0001
ConfliBERT-2021,current,single,512,123,test,Nicaragua,2025,12,unchanged,0.99973,0.00017,0.0001
ConfliBERT-2021,current,single,512,123,dev,Haiti,2025,1,unchanged,0.99948,0.00043,9e-05
ConfliBERT-2021,current,single,512,123,dev,Haiti,2025,2,unchanged,0.99965,0.00028,7e-05
ConfliBERT-2021,current,single,512,123,dev,Haiti,2025,3,deteriorated,0.99894,0.00095,0.00011
ConfliBERT-2021,current,single,512,123,test,Haiti,2025,7,unchanged,0.99912,0.00079,9e-05
ConfliBERT-2021,current,single,512,123,test,Haiti,2025,10,unchanged,0.99954,0.00037,8e-05
ConfliBERT-2021,current,single,512,123,test,Haiti,2025,12,unchanged,0.99247,0.00742,0.00011
ConfliBERT-2021,current,single,512,123,dev,China/Japan,2025,1,unchanged,0.99972,0.00018,0.0001
ConfliBERT-2021,current,single,512,123,dev,China/Japan,2025,2,unchanged,0.99974,0.00015,0.00011
ConfliBERT-2021,current,single,512,123,dev,China/Japan,2025,3,unchanged,0.99973,0.00015,0.00012
ConfliBERT-2021,current,single,512,123,test,China/Japan,2025,6,unchanged,0.99968,0.00023,9e-05
ConfliBERT-2021,current,single,512,123,test,China/Japan,2025,6,unchanged,0.99968,0.00023,9e-05
ConfliBERT-2021,current,single,512,123,test,China/Japan,2025,7,unchanged,0.99971,0.00019,0.0001
ConfliBERT-2021,current,single,512,123,test,China/Japan,2025,7,unchanged,0.99971,0.00019,0.0001
ConfliBERT-2021,current,single,512,123,test,China/Japan,2025,10,unchanged,0.99973,0.00014,0.00013
ConfliBERT-2021,current,single,512,123,test,China/Japan,2025,12,unchanged,0.99964,0.00026,0.0001
ConfliBERT-2021,current,single,512,123,dev,Korean Peninsula,2025,1,unchanged,0.99969,0.00019,0.00012
ConfliBERT-2021,current,single,512,123,dev,Korean Peninsula,2025,2,unchanged,0.9996,0.00028,0.00012
ConfliBERT-2021,current,single,512,123,dev,Korean Peninsula,2025,3,unchanged,0.9997,0.0002,0.0001
ConfliBERT-2021,current,single,512,123,test,Korean Peninsula,2025,6,unchanged,0.99961,0.00025,0.00014
ConfliBERT-2021,current,single,512,123,test,Korean Peninsula,2025,6,unchanged,0.99961,0.00025,0.00014
ConfliBERT-2021,current,single,512,123,test,Korean Peninsula,2025,7,unchanged,0.99962,0.00021,0.00016
ConfliBERT-2021,current,single,512,123,test,Korean Peninsula,2025,7,unchanged,0.99962,0.00021,0.00016
ConfliBERT-2021,current,single,512,123,test,Korean Peninsula,2025,10,unchanged,0.99968,0.00012,0.0002
ConfliBERT-2021,current,single,512,123,test,Korean Peninsula,2025,12,unchanged,0.99968,0.00023,9e-05
ConfliBERT-2021,current,single,512,123,dev,Taiwan Strait,2025,1,unchanged,0.99966,0.00022,0.00013
ConfliBERT-2021,current,single,512,123,dev,Taiwan Strait,2025,2,unchanged,0.9997,0.0002,9e-05
ConfliBERT-2021,current,single,512,123,dev,Taiwan Strait,2025,3,unchanged,0.99971,0.00018,0.00011
ConfliBERT-2021,current,single,512,123,test,Taiwan Strait,2025,6,unchanged,0.99971,0.0002,9e-05
ConfliBERT-2021,current,single,512,123,test,Taiwan Strait,2025,6,unchanged,0.99971,0.0002,9e-05
ConfliBERT-2021,current,single,512,123,test,Taiwan Strait,2025,7,unchanged,0.99972,0.00018,0.0001
ConfliBERT-2021,current,single,512,123,test,Taiwan Strait,2025,7,unchanged,0.99972,0.00018,0.0001
ConfliBERT-2021,current,single,512,123,test,Taiwan Strait,2025,10,unchanged,0.99966,0.00017,0.00017
ConfliBERT-2021,current,single,512,123,test,Taiwan Strait,2025,12,deteriorated,0.00071,0.99913,0.00016
ConfliBERT-2021,current,single,512,123,dev,Afghanistan,2025,1,unchanged,0.99963,0.0003,7e-05
ConfliBERT-2021,current,single,512,123,dev,Afghanistan,2025,2,unchanged,0.99958,0.00035,7e-05
ConfliBERT-2021,current,single,512,123,dev,Afghanistan,2025,3,unchanged,0.99967,0.00021,0.00012
ConfliBERT-2021,current,single,512,123,test,Afghanistan,2025,7,unchanged,0.98265,0.01715,0.0002
ConfliBERT-2021,current,single,512,123,test,Afghanistan,2025,7,unchanged,0.98265,0.01715,0.0002
ConfliBERT-2021,current,single,512,123,test,Afghanistan,2025,12,unchanged,0.99959,0.00029,0.00012
ConfliBERT-2021,current,single,512,123,dev,Bangladesh,2025,1,unchanged,0.99972,0.00018,0.0001
ConfliBERT-2021,current,single,512,123,dev,Bangladesh,2025,2,unchanged,0.99948,0.00045,7e-05
ConfliBERT-2021,current,single,512,123,dev,Bangladesh,2025,3,unchanged,0.99971,0.0002,9e-05
ConfliBERT-2021,current,single,512,123,test,Bangladesh,2025,6,unchanged,0.99971,0.00019,0.0001
ConfliBERT-2021,current,single,512,123,test,Bangladesh,2025,6,unchanged,0.99971,0.00019,0.0001
ConfliBERT-2021,current,single,512,123,test,Bangladesh,2025,7,unchanged,0.99958,0.00033,9e-05
ConfliBERT-2021,current,single,512,123,test,Bangladesh,2025,7,unchanged,0.99958,0.00033,9e-05
ConfliBERT-2021,current,single,512,123,test,Bangladesh,2025,10,unchanged,0.99964,0.00012,0.00024
ConfliBERT-2021,current,single,512,123,test,Bangladesh,2025,12,deteriorated,0.00063,0.99924,0.00013
ConfliBERT-2021,current,single,512,123,dev,India,2025,1,unchanged,0.99966,0.00025,9e-05
ConfliBERT-2021,current,single,512,123,dev,India,2025,2,unchanged,0.99967,0.00021,0.00012
ConfliBERT-2021,current,single,512,123,dev,India,2025,3,unchanged,0.99972,0.00018,0.0001
ConfliBERT-2021,current,single,512,123,test,India,2025,6,unchanged,0.9997,0.00021,9e-05
ConfliBERT-2021,current,single,512,123,test,India,2025,6,unchanged,0.9997,0.00021,9e-05
ConfliBERT-2021,current,single,512,123,test,India,2025,7,unchanged,0.99972,0.00017,0.00011
ConfliBERT-2021,current,single,512,123,test,India,2025,7,unchanged,0.99972,0.00017,0.00011
ConfliBERT-2021,current,single,512,123,test,India,2025,10,improved,0.99464,0.00518,0.00018
ConfliBERT-2021,current,single,512,123,test,India,2025,12,unchanged,0.99968,0.00023,8e-05
ConfliBERT-2021,current,single,512,123,dev,Pakistan,2025,1,unchanged,0.9994,0.00044,0.00016
ConfliBERT-2021,current,single,512,123,dev,Pakistan,2025,2,unchanged,0.99939,0.00054,7e-05
ConfliBERT-2021,current,single,512,123,dev,Pakistan,2025,3,unchanged,0.00025,0.99962,0.00014
ConfliBERT-2021,current,single,512,123,test,Pakistan,2025,6,unchanged,0.99966,0.00026,8e-05
ConfliBERT-2021,current,single,512,123,test,Pakistan,2025,6,unchanged,0.99966,0.00026,8e-05
ConfliBERT-2021,current,single,512,123,test,Pakistan,2025,7,unchanged,0.99964,0.00027,9e-05
ConfliBERT-2021,current,single,512,123,test,Pakistan,2025,7,unchanged,0.99964,0.00027,9e-05
ConfliBERT-2021,current,single,512,123,test,Pakistan,2025,12,unchanged,0.99973,0.00017,0.0001
ConfliBERT-2021,current,single,512,123,dev,Sri Lanka,2025,1,unchanged,0.9997,0.00017,0.00013
ConfliBERT-2021,current,single,512,123,dev,Sri Lanka,2025,2,unchanged,0.99946,0.00027,0.00028
ConfliBERT-2021,current,single,512,123,dev,Sri Lanka,2025,3,unchanged,0.99957,0.00015,0.00028
ConfliBERT-2021,current,single,512,123,test,Sri Lanka,2025,6,unchanged,0.9997,0.00016,0.00014
ConfliBERT-2021,current,single,512,123,test,Sri Lanka,2025,6,unchanged,0.9997,0.00016,0.00014
ConfliBERT-2021,current,single,512,123,test,Sri Lanka,2025,7,unchanged,0.99953,0.00015,0.00032
ConfliBERT-2021,current,single,512,123,test,Sri Lanka,2025,7,unchanged,0.99953,0.00015,0.00032
ConfliBERT-2021,current,single,512,123,test,Sri Lanka,2025,10,unchanged,0.99972,0.00015,0.00013
ConfliBERT-2021,current,single,512,123,test,Sri Lanka,2025,12,unchanged,0.00027,0.99961,0.00013
ConfliBERT-2021,current,single,512,123,dev,Myanmar,2025,1,unchanged,0.99942,0.00036,0.00022
ConfliBERT-2021,current,single,512,123,dev,Myanmar,2025,2,unchanged,0.00025,0.99961,0.00014
ConfliBERT-2021,current,single,512,123,dev,Myanmar,2025,3,unchanged,0.99964,0.00028,8e-05
ConfliBERT-2021,current,single,512,123,test,Myanmar,2025,6,unchanged,0.99962,0.00027,0.00011
ConfliBERT-2021,current,single,512,123,test,Myanmar,2025,6,unchanged,0.99962,0.00027,0.00011
ConfliBERT-2021,current,single,512,123,test,Myanmar,2025,7,unchanged,0.06463,0.93502,0.00035
ConfliBERT-2021,current,single,512,123,test,Myanmar,2025,7,unchanged,0.06463,0.93502,0.00035
ConfliBERT-2021,current,single,512,123,test,Myanmar,2025,10,unchanged,0.29899,0.70061,0.0004
ConfliBERT-2021,current,single,512,123,test,Myanmar,2025,12,unchanged,0.99835,0.00154,0.00012
ConfliBERT-2021,current,single,512,123,dev,Philippines,2025,1,unchanged,0.99972,0.00019,9e-05
ConfliBERT-2021,current,single,512,123,dev,Philippines,2025,2,unchanged,0.99974,0.00015,0.0001
ConfliBERT-2021,current,single,512,123,dev,Philippines,2025,3,unchanged,0.99973,0.00018,9e-05
ConfliBERT-2021,current,single,512,123,test,Philippines,2025,6,unchanged,0.99972,0.00018,0.0001
ConfliBERT-2021,current,single,512,123,test,Philippines,2025,6,unchanged,0.99972,0.00018,0.0001
ConfliBERT-2021,current,single,512,123,test,Philippines,2025,7,unchanged,0.99971,0.00019,9e-05
ConfliBERT-2021,current,single,512,123,test,Philippines,2025,7,unchanged,0.99971,0.00019,9e-05
ConfliBERT-2021,current,single,512,123,test,Philippines,2025,10,unchanged,0.7507,0.24755,0.00175
ConfliBERT-2021,current,single,512,123,test,Philippines,2025,12,unchanged,0.9996,0.00015,0.00025
ConfliBERT-2021,current,single,512,123,dev,South China Sea,2025,1,unchanged,0.99956,0.00035,9e-05
ConfliBERT-2021,current,single,512,123,dev,South China Sea,2025,2,unchanged,0.99961,0.00031,9e-05
ConfliBERT-2021,current,single,512,123,dev,South China Sea,2025,3,unchanged,0.99971,0.00019,0.0001
ConfliBERT-2021,current,single,512,123,test,South China Sea,2025,6,unchanged,0.99972,0.00014,0.00015
ConfliBERT-2021,current,single,512,123,test,South China Sea,2025,6,unchanged,0.99972,0.00014,0.00015
ConfliBERT-2021,current,single,512,123,test,South China Sea,2025,7,unchanged,0.9997,0.00021,9e-05
ConfliBERT-2021,current,single,512,123,test,South China Sea,2025,7,unchanged,0.9997,0.00021,9e-05
ConfliBERT-2021,current,single,512,123,test,South China Sea,2025,10,unchanged,0.99968,0.00023,9e-05
ConfliBERT-2021,current,single,512,123,test,South China Sea,2025,12,unchanged,0.99971,0.00019,0.0001
ConfliBERT-2021,current,single,512,123,dev,Thailand,2025,1,unchanged,0.99974,0.00016,0.00011
ConfliBERT-2021,current,single,512,123,dev,Thailand,2025,2,unchanged,0.99787,0.00044,0.00169
ConfliBERT-2021,current,single,512,123,dev,Thailand,2025,3,unchanged,0.99923,0.00055,0.00022
ConfliBERT-2021,current,single,512,123,test,Thailand,2025,6,deteriorated,0.00034,0.99951,0.00015
ConfliBERT-2021,current,single,512,123,test,Thailand,2025,6,deteriorated,0.00034,0.99951,0.00015
ConfliBERT-2021,current,single,512,123,test,Thailand,2025,7,unchanged,0.9684,0.00435,0.02726
ConfliBERT-2021,current,single,512,123,test,Thailand,2025,7,unchanged,0.9684,0.00435,0.02726
ConfliBERT-2021,current,single,512,123,test,Thailand,2025,10,improved,0.99701,0.00019,0.0028
ConfliBERT-2021,current,single,512,123,test,Thailand,2025,12,unchanged,0.0002,0.99965,0.00015
ConfliBERT-2021,current,single,512,123,test,Guatemala,2025,10,unchanged,0.99954,0.00034,0.00012
ConfliBERT-2021,current,single,512,123,dev,Bolivia,2025,1,unchanged,0.99965,0.00026,0.0001
ConfliBERT-2021,current,single,512,123,dev,Bolivia,2025,2,unchanged,0.99959,0.00018,0.00023
ConfliBERT-2021,current,single,512,123,test,Bolivia,2025,10,improved,0.05377,0.00053,0.9457
ConfliBERT-2021,current,single,512,123,test,Bolivia,2025,12,unchanged,0.95,0.04976,0.00024
ConfliBERT-2021,current,single,512,123,dev,Peru,2025,3,unchanged,0.98582,0.01395,0.00023
ConfliBERT-2021,current,single,512,123,test,Peru,2025,10,deteriorated,0.00025,0.99961,0.00014
ConfliBERT-2021,current,single,512,123,test,Madagascar,2025,10,deteriorated,0.01264,0.987,0.00035
ConfliBERT-2021,current,single,512,123,dev,Guinea-Bissau,2025,2,deteriorated,0.00028,0.99954,0.00018
ConfliBERT-2021,current,single,512,123,dev,Guinea-Bissau,2025,2,deteriorated,0.00037,0.99946,0.00017
ConfliBERT-2021,current,single,512,123,dev,Guinea-Bissau,2025,3,unchanged,0.99967,0.00023,0.0001
ConfliBERT-2021,current,single,512,123,test,Guinea-Bissau,2025,12,unchanged,0.99931,0.00046,0.00023
ConfliBERT-2021,current,single,512,123,dev,Guyana,2025,3,unchanged,0.99956,0.00034,0.0001
ConfliBERT-2021,current,single,512,123,dev,Jordan,2025,2,unchanged,0.99963,0.00027,0.0001
ConfliBERT-2021,current,single,512,123,test,Kazakhstan,2026,3,unchanged,0.99944,0.00031,0.00025
ConfliBERT-2021,current,single,512,123,dev,Togo,2025,2,unchanged,0.99972,0.00015,0.00013
ConfliBERT-2021,current,single,512,123,dev,Togo,2025,2,unchanged,0.99972,0.00015,0.00013
ConfliBERT-2021,current,single,512,123,dev,Togo,2025,3,unchanged,0.9981,0.00019,0.00171
ConfliBERT-2021,current,single,512,123,test,Togo,2025,7,unchanged,0.99968,0.00022,0.0001
ConfliBERT-2021,current,single,512,123,test,Togo,2025,10,unchanged,0.99939,0.00039,0.00022
ConfliBERT-2021,current,single,512,123,test,Papua New Guinea,2025,10,unchanged,0.99403,0.00026,0.00571
ConfliBERT-2021,current,single,512,123,test,Cambodia,2025,7,unchanged,0.37885,0.00622,0.61493
ConfliBERT-2021,current,single,512,123,test,Cambodia,2025,7,unchanged,0.37885,0.00622,0.61493
ConfliBERT-2021,current,single,512,123,test,Brazil,2025,10,unchanged,0.00021,0.99962,0.00017
ConfliBERT-2021,current,single,512,123,test,Angola,2025,7,deteriorated,0.06953,0.93026,0.00021
ConfliBERT-2021,current,single,512,123,dev,Indonesia,2025,1,unchanged,0.99969,0.00017,0.00014
ConfliBERT-2021,current,single,512,123,dev,Indonesia,2025,2,unchanged,0.9996,0.00033,8e-05
ConfliBERT-2021,current,single,512,123,dev,Indonesia,2025,3,unchanged,0.99609,0.00378,0.00013
ConfliBERT-2021,current,single,512,123,test,Indonesia,2025,6,unchanged,0.99968,0.00019,0.00013
ConfliBERT-2021,current,single,512,123,test,Indonesia,2025,6,unchanged,0.99968,0.00019,0.00013
ConfliBERT-2021,current,single,512,123,test,Indonesia,2025,7,unchanged,0.99962,0.00021,0.00017
ConfliBERT-2021,current,single,512,123,test,Indonesia,2025,7,unchanged,0.99962,0.00021,0.00017
ConfliBERT-2021,current,single,512,123,test,Indonesia,2025,10,unchanged,0.99897,0.00093,0.0001
ConfliBERT-2021,current,single,512,123,test,Indonesia,2025,12,unchanged,0.99968,0.00013,0.00019
ConfliBERT-2021,current,single,512,123,test,Ghana,2025,7,unchanged,0.9993,0.00057,0.00013
ConfliBERT-2021,current,single,512,123,dev,South Africa,2025,1,unchanged,0.99965,0.00026,9e-05
ConfliBERT-2021,current,single,512,123,dev,South Africa,2025,2,unchanged,0.99938,0.00053,0.0001
ConfliBERT-2021,current,single,512,123,dev,South Africa,2025,2,unchanged,0.9994,0.00051,9e-05
ConfliBERT-2021,current,single,512,123,dev,South Africa,2025,3,unchanged,0.99948,0.00042,0.0001
ConfliBERT-2021,current,single,512,123,test,South Africa,2025,7,unchanged,0.9996,0.00032,9e-05
ConfliBERT-2021,current,single,512,123,test,South Africa,2025,10,unchanged,0.99973,0.00014,0.00013
ConfliBERT-2021,current,single,512,123,test,South Africa,2025,12,unchanged,0.99967,0.00021,0.00012
ConfliBERT-2021,current,single,512,123,test,Qatar,2025,6,unchanged,0.00057,0.9993,0.00013
ConfliBERT-2021,current,single,512,123,test,Qatar,2025,6,unchanged,0.00057,0.9993,0.00013
ConfliBERT-2021,current,single,512,123,test,Morocco,2025,10,deteriorated,0.00027,0.99957,0.00016
ConfliBERT-2021,current,single,512,123,dev,Comoros Islands,2025,1,unchanged,0.9997,0.00014,0.00016
ConfliBERT-2021,current,single,512,123,dev,Russia/U.S.,2025,1,unchanged,0.99963,0.00024,0.00014
ConfliBERT-2021,current,single,512,123,dev,Russia/U.S.,2025,2,unchanged,0.99947,0.00027,0.00025
ConfliBERT-2021,current,single,512,123,dev,Amazon,2025,1,unchanged,0.99961,0.00029,0.0001
ConfliBERT-2021,current,single,512,123,dev,Amazon,2025,2,unchanged,0.99961,0.00031,9e-05
ConfliBERT-2021,current,single,512,123,dev,Amazon,2025,3,unchanged,0.99967,0.00019,0.00014
ConfliBERT-2021,current,single,512,123,test,Amazon,2025,7,deteriorated,0.00019,0.99961,0.00019
ConfliBERT-2021,current,single,512,123,test,Amazon,2025,10,unchanged,0.99943,0.00015,0.00042
ConfliBERT-2021,current,single,512,123,test,Amazon,2025,12,unchanged,0.99948,0.00042,0.0001
ConfliBERT-2021,current,single,512,123,test,China-U.S.,2025,6,unchanged,0.99941,0.00013,0.00046
ConfliBERT-2021,current,single,512,123,test,China-U.S.,2025,6,unchanged,0.99941,0.00013,0.00046
ConfliBERT-2021,current,single,512,123,test,China-U.S.,2025,10,improved,0.00495,0.79424,0.20081
ConfliBERT-2021,current,single,512,123,test,China-U.S.,2025,12,unchanged,0.9997,0.00014,0.00016
ConfliBERT-2021,current,single,512,123,dev,Cook Islands,2025,2,unchanged,0.99418,0.00547,0.00036
ConfliBERT-2021,current,single,512,123,dev,Tasman Sea,2025,2,unchanged,0.99654,0.00334,0.00013
ConfliBERT-2021,current,single,512,123,test,New Caledonia,2025,7,improved,0.00046,0.00066,0.99889
ConfliBERT-2021,current,single,512,123,test,New Caledonia,2025,7,improved,0.00046,0.00066,0.99889
ConfliBERT-2021,current,single,512,124,dev,Cameroon,2025,1,unchanged,0.99977,0.00016,7e-05
ConfliBERT-2021,current,single,512,124,dev,Cameroon,2025,2,unchanged,0.99976,0.00015,9e-05
ConfliBERT-2021,current,single,512,124,dev,Cameroon,2025,2,unchanged,0.99976,0.00015,9e-05
ConfliBERT-2021,current,single,512,124,dev,Cameroon,2025,3,unchanged,0.99976,0.00013,0.0001
ConfliBERT-2021,current,single,512,124,test,Cameroon,2025,7,unchanged,0.9988,0.00039,0.00082
ConfliBERT-2021,current,single,512,124,test,Cameroon,2025,12,unchanged,0.99977,0.00014,9e-05
ConfliBERT-2021,current,single,512,124,dev,Chad,2025,1,unchanged,0.99121,0.00868,0.00011
ConfliBERT-2021,current,single,512,124,dev,Chad,2025,2,unchanged,0.99363,0.00629,8e-05
ConfliBERT-2021,current,single,512,124,dev,Chad,2025,2,unchanged,0.99816,0.00177,7e-05
ConfliBERT-2021,current,single,512,124,dev,Chad,2025,3,unchanged,0.99903,0.00017,0.0008
ConfliBERT-2021,current,single,512,124,test,Chad,2025,7,unchanged,0.99973,0.00022,6e-05
ConfliBERT-2021,current,single,512,124,test,Chad,2025,10,deteriorated,0.99959,0.00029,0.00012
ConfliBERT-2021,current,single,512,124,test,Chad,2025,12,unchanged,0.25675,0.74294,0.00031
ConfliBERT-2021,current,single,512,124,dev,Gabon,2025,1,unchanged,0.99954,0.00021,0.00026
ConfliBERT-2021,current,single,512,124,dev,Gabon,2025,3,unchanged,0.99962,0.00012,0.00027
ConfliBERT-2021,current,single,512,124,dev,Kenya,2025,1,unchanged,0.99979,0.00013,9e-05
ConfliBERT-2021,current,single,512,124,dev,Kenya,2025,2,unchanged,0.99979,0.00012,9e-05
ConfliBERT-2021,current,single,512,124,dev,Kenya,2025,2,unchanged,0.99979,0.00012,9e-05
ConfliBERT-2021,current,single,512,124,dev,Kenya,2025,3,unchanged,0.99975,9e-05,0.00016
ConfliBERT-2021,current,single,512,124,test,Kenya,2025,7,deteriorated,0.00054,0.99922,0.00025
ConfliBERT-2021,current,single,512,124,test,Kenya,2025,10,unchanged,0.0006,0.99924,0.00016
ConfliBERT-2021,current,single,512,124,test,Kenya,2025,12,unchanged,0.99971,0.00012,0.00017
ConfliBERT-2021,current,single,512,124,dev,Mozambique,2025,1,improved,0.98719,0.00021,0.0126
ConfliBERT-2021,current,single,512,124,dev,Mozambique,2025,2,unchanged,0.66864,0.331,0.00035
ConfliBERT-2021,current,single,512,124,dev,Mozambique,2025,2,unchanged,0.54266,0.45697,0.00037
ConfliBERT-2021,current,single,512,124,dev,Mozambique,2025,3,improved,0.00317,0.00016,0.99666
ConfliBERT-2021,current,single,512,124,test,Mozambique,2025,7,unchanged,0.99974,0.00015,0.00011
ConfliBERT-2021,current,single,512,124,test,Mozambique,2025,10,unchanged,0.99974,0.00018,8e-05
ConfliBERT-2021,current,single,512,124,test,Mozambique,2025,12,unchanged,0.99971,0.00022,7e-05
ConfliBERT-2021,current,single,512,124,dev,Tanzania,2025,1,unchanged,0.99972,0.00014,0.00014
ConfliBERT-2021,current,single,512,124,dev,Tanzania,2025,2,unchanged,0.99978,0.00013,9e-05
ConfliBERT-2021,current,single,512,124,dev,Tanzania,2025,2,unchanged,0.99978,0.00013,9e-05
ConfliBERT-2021,current,single,512,124,dev,Tanzania,2025,3,unchanged,0.99978,0.00011,0.00011
ConfliBERT-2021,current,single,512,124,test,Tanzania,2025,7,unchanged,0.99978,0.00012,9e-05
ConfliBERT-2021,current,single,512,124,test,Tanzania,2025,12,unchanged,0.99916,0.00078,6e-05
ConfliBERT-2021,current,single,512,124,dev,Zimbabwe,2025,1,unchanged,0.99976,0.00016,8e-05
ConfliBERT-2021,current,single,512,124,dev,Zimbabwe,2025,2,unchanged,0.99973,0.00019,7e-05
ConfliBERT-2021,current,single,512,124,dev,Zimbabwe,2025,2,unchanged,0.9997,0.00023,7e-05
ConfliBERT-2021,current,single,512,124,dev,Zimbabwe,2025,3,deteriorated,0.77168,0.22811,0.00021
ConfliBERT-2021,current,single,512,124,test,Zimbabwe,2025,7,unchanged,0.99976,0.00015,9e-05
ConfliBERT-2021,current,single,512,124,test,Zimbabwe,2025,10,unchanged,0.99976,0.00011,0.00013
ConfliBERT-2021,current,single,512,124,test,Zimbabwe,2025,12,unchanged,0.99979,0.00011,0.0001
ConfliBERT-2021,current,single,512,124,test,Burundi,2025,7,unchanged,0.99973,0.00012,0.00014
ConfliBERT-2021,current,single,512,124,test,Burundi,2025,10,unchanged,0.99976,0.00015,9e-05
ConfliBERT-2021,current,single,512,124,test,DR Congo,2025,10,unchanged,0.999,0.0008,0.0002
ConfliBERT-2021,current,single,512,124,test,DR Congo,2025,12,deteriorated,0.41859,0.58115,0.00026
ConfliBERT-2021,current,single,512,124,dev,Rwanda,2025,2,unchanged,0.99961,0.00031,9e-05
ConfliBERT-2021,current,single,512,124,dev,Rwanda,2025,2,unchanged,0.99959,0.00032,9e-05
ConfliBERT-2021,current,single,512,124,dev,Rwanda,2025,3,unchanged,0.99938,0.00035,0.00027
ConfliBERT-2021,current,single,512,124,test,Rwanda,2025,7,unchanged,0.99968,0.00013,0.00019
ConfliBERT-2021,current,single,512,124,test,Rwanda,2025,10,unchanged,0.99967,0.00014,0.00019
ConfliBERT-2021,current,single,512,124,test,Rwanda,2025,12,unchanged,0.99936,0.00017,0.00047
ConfliBERT-2021,current,single,512,124,dev,Uganda,2025,1,unchanged,0.99949,0.00044,6e-05
ConfliBERT-2021,current,single,512,124,dev,Uganda,2025,2,unchanged,0.9989,0.00105,6e-05
ConfliBERT-2021,current,single,512,124,dev,Uganda,2025,2,unchanged,0.99907,0.00088,5e-05
ConfliBERT-2021,current,single,512,124,dev,Uganda,2025,3,unchanged,0.65292,0.34676,0.00032
ConfliBERT-2021,current,single,512,124,test,Uganda,2025,7,unchanged,0.00082,0.99908,0.0001
ConfliBERT-2021,current,single,512,124,test,Uganda,2025,10,unchanged,0.00425,0.99567,8e-05
ConfliBERT-2021,current,single,512,124,dev,Eritrea,2025,1,unchanged,0.99975,9e-05,0.00016
ConfliBERT-2021,current,single,512,124,dev,Eritrea,2025,2,unchanged,0.04467,0.95519,0.00013
ConfliBERT-2021,current,single,512,124,dev,Eritrea,2025,2,unchanged,0.04467,0.95519,0.00013
ConfliBERT-2021,current,single,512,124,test,Eritrea,2025,7,unchanged,0.1074,0.89221,0.00039
ConfliBERT-2021,current,single,512,124,test,Eritrea,2025,10,unchanged,0.99945,0.00048,7e-05
ConfliBERT-2021,current,single,512,124,test,Eritrea,2025,12,unchanged,0.99976,0.00014,0.00011
ConfliBERT-2021,current,single,512,124,dev,Ethiopia,2025,1,unchanged,0.99977,0.00013,0.0001
ConfliBERT-2021,current,single,512,124,dev,Ethiopia,2025,2,unchanged,0.99975,0.00017,8e-05
ConfliBERT-2021,current,single,512,124,dev,Ethiopia,2025,2,unchanged,0.99976,0.00015,9e-05
ConfliBERT-2021,current,single,512,124,test,Ethiopia,2025,7,unchanged,0.99904,0.00092,5e-05
ConfliBERT-2021,current,single,512,124,test,Ethiopia,2025,10,unchanged,0.99602,0.00391,7e-05
ConfliBERT-2021,current,single,512,124,test,Ethiopia,2025,12,deteriorated,0.0007,0.99896,0.00035
ConfliBERT-2021,current,single,512,124,test,Nile Waters,2025,7,unchanged,0.99807,0.00181,0.00012
ConfliBERT-2021,current,single,512,124,test,Nile Waters,2025,10,unchanged,0.96399,0.03588,0.00013
ConfliBERT-2021,current,single,512,124,test,Nile Waters,2025,12,unchanged,0.99965,0.00022,0.00013
ConfliBERT-2021,current,single,512,124,dev,Somalia,2025,1,unchanged,0.99975,0.00013,0.00013
ConfliBERT-2021,current,single,512,124,dev,Somalia,2025,2,unchanged,0.99976,0.00016,8e-05
ConfliBERT-2021,current,single,512,124,dev,Somalia,2025,2,unchanged,0.99976,0.00016,8e-05
ConfliBERT-2021,current,single,512,124,dev,Somalia,2025,3,unchanged,0.99975,0.00017,7e-05
ConfliBERT-2021,current,single,512,124,test,Somalia,2025,7,deteriorated,0.18708,0.81265,0.00027
ConfliBERT-2021,current,single,512,124,test,Somalia,2025,10,unchanged,0.99966,0.00023,0.00012
ConfliBERT-2021,current,single,512,124,test,Somalia,2025,12,unchanged,0.00584,0.0004,0.99376
ConfliBERT-2021,current,single,512,124,dev,Somaliland,2025,1,unchanged,0.99977,0.00011,0.00013
ConfliBERT-2021,current,single,512,124,dev,Somaliland,2025,2,unchanged,0.99972,0.00012,0.00016
ConfliBERT-2021,current,single,512,124,dev,Somaliland,2025,2,unchanged,0.99973,0.00012,0.00015
ConfliBERT-2021,current,single,512,124,dev,Somaliland,2025,3,unchanged,0.99731,0.00223,0.00046
ConfliBERT-2021,current,single,512,124,test,Somaliland,2025,7,unchanged,0.99977,0.00013,0.0001
ConfliBERT-2021,current,single,512,124,test,Somaliland,2025,10,unchanged,0.99968,0.00018,0.00014
ConfliBERT-2021,current,single,512,124,test,Somaliland,2025,12,unchanged,0.00055,0.99924,0.0002
ConfliBERT-2021,current,single,512,124,dev,South Sudan,2025,1,unchanged,0.99058,0.00017,0.00925
ConfliBERT-2021,current,single,512,124,dev,South Sudan,2025,2,unchanged,0.99978,0.00014,8e-05
ConfliBERT-2021,current,single,512,124,dev,South Sudan,2025,2,unchanged,0.99977,0.00015,8e-05
ConfliBERT-2021,current,single,512,124,test,South Sudan,2025,7,unchanged,0.99968,0.00027,5e-05
ConfliBERT-2021,current,single,512,124,test,South Sudan,2025,10,unchanged,0.99941,0.0005,9e-05
ConfliBERT-2021,current,single,512,124,test,South Sudan,2025,12,unchanged,0.99977,0.00016,8e-05
ConfliBERT-2021,current,single,512,124,dev,Sudan,2025,2,deteriorated,0.00069,0.99914,0.00017
ConfliBERT-2021,current,single,512,124,dev,Sudan,2025,2,deteriorated,0.00069,0.99911,0.00021
ConfliBERT-2021,current,single,512,124,dev,Sudan,2025,3,unchanged,0.00057,0.99902,0.00041
ConfliBERT-2021,current,single,512,124,test,Sudan,2025,7,unchanged,0.00044,0.99936,0.00019
ConfliBERT-2021,current,single,512,124,test,Sudan,2025,12,unchanged,0.35172,0.2601,0.38818
ConfliBERT-2021,current,single,512,124,dev,Burkina Faso,2025,1,unchanged,0.99976,0.00016,9e-05
ConfliBERT-2021,current,single,512,124,dev,Burkina Faso,2025,2,unchanged,0.99973,0.0002,7e-05
ConfliBERT-2021,current,single,512,124,dev,Burkina Faso,2025,2,unchanged,0.99973,0.00019,7e-05
ConfliBERT-2021,current,single,512,124,dev,Burkina Faso,2025,3,deteriorated,0.00055,0.99922,0.00022
ConfliBERT-2021,current,single,512,124,test,Burkina Faso,2025,7,unchanged,0.00052,0.99926,0.00022
ConfliBERT-2021,current,single,512,124,test,Burkina Faso,2025,10,unchanged,0.99975,0.00018,7e-05
ConfliBERT-2021,current,single,512,124,test,Burkina Faso,2025,12,unchanged,0.99957,0.00035,8e-05
ConfliBERT-2021,current,single,512,124,dev,Guinea,2025,1,unchanged,0.99976,0.00015,9e-05
ConfliBERT-2021,current,single,512,124,dev,Guinea,2025,2,unchanged,0.99977,0.0001,0.00013
ConfliBERT-2021,current,single,512,124,dev,Guinea,2025,2,unchanged,0.99977,0.0001,0.00013
ConfliBERT-2021,current,single,512,124,dev,Guinea,2025,3,unchanged,0.99977,0.00014,9e-05
ConfliBERT-2021,current,single,512,124,test,Guinea,2025,7,unchanged,0.99976,0.00014,0.0001
ConfliBERT-2021,current,single,512,124,test,Guinea,2025,10,unchanged,0.99978,0.00012,0.0001
ConfliBERT-2021,current,single,512,124,test,Guinea,2025,12,unchanged,0.00475,0.00041,0.99484
ConfliBERT-2021,current,single,512,124,dev,Nigeria,2025,1,unchanged,0.99975,0.00018,7e-05
ConfliBERT-2021,current,single,512,124,dev,Nigeria,2025,2,unchanged,0.99974,0.00019,7e-05
ConfliBERT-2021,current,single,512,124,dev,Nigeria,2025,2,unchanged,0.99975,0.00018,7e-05
ConfliBERT-2021,current,single,512,124,dev,Nigeria,2025,3,unchanged,0.99954,0.00041,5e-05
ConfliBERT-2021,current,single,512,124,test,Nigeria,2025,7,unchanged,0.99926,0.00069,5e-05
ConfliBERT-2021,current,single,512,124,test,Nigeria,2025,10,unchanged,0.99966,0.00028,6e-05
ConfliBERT-2021,current,single,512,124,test,Nigeria,2025,12,unchanged,0.99976,0.00017,7e-05
ConfliBERT-2021,current,single,512,124,dev,Senegal,2025,2,unchanged,0.69897,0.00041,0.30062
ConfliBERT-2021,current,single,512,124,dev,Senegal,2025,2,unchanged,0.66338,0.00043,0.33619
ConfliBERT-2021,current,single,512,124,dev,Kosovo,2025,1,unchanged,0.99978,0.00014,8e-05
ConfliBERT-2021,current,single,512,124,dev,Kosovo,2025,2,unchanged,0.99894,0.00083,0.00023
ConfliBERT-2021,current,single,512,124,dev,Kosovo,2025,3,unchanged,0.99863,0.00012,0.00125
ConfliBERT-2021,current,single,512,124,test,Kosovo,2025,7,unchanged,0.96729,0.03259,0.00012
ConfliBERT-2021,current,single,512,124,test,Kosovo,2025,10,unchanged,0.3271,0.67116,0.00174
ConfliBERT-2021,current,single,512,124,test,Kosovo,2025,12,unchanged,0.25623,0.00236,0.74141
ConfliBERT-2021,current,single,512,124,test,Kosovo,2026,3,unchanged,0.995,0.00492,7e-05
ConfliBERT-2021,current,single,512,124,dev,Armenia,2025,1,unchanged,0.99963,0.0001,0.00027
ConfliBERT-2021,current,single,512,124,dev,Armenia,2025,2,unchanged,0.99976,0.00011,0.00013
ConfliBERT-2021,current,single,512,124,dev,Armenia,2025,3,unchanged,0.1933,0.0271,0.7796
ConfliBERT-2021,current,single,512,124,test,Armenia,2025,7,unchanged,0.00217,0.00021,0.99763
ConfliBERT-2021,current,single,512,124,test,Armenia,2025,10,unchanged,0.94479,0.00022,0.05499
ConfliBERT-2021,current,single,512,124,test,Armenia,2025,12,unchanged,0.98855,0.00014,0.01131
ConfliBERT-2021,current,single,512,124,test,Armenia,2026,3,unchanged,0.99961,0.00028,0.00011
ConfliBERT-2021,current,single,512,124,dev,Azerbaijan,2025,1,unchanged,0.99968,0.0001,0.00023
ConfliBERT-2021,current,single,512,124,dev,Azerbaijan,2025,2,unchanged,0.99976,0.00013,0.00011
ConfliBERT-2021,current,single,512,124,dev,Azerbaijan,2025,3,unchanged,0.00464,0.00083,0.99453
ConfliBERT-2021,current,single,512,124,test,Azerbaijan,2025,7,unchanged,0.00152,0.00021,0.99826
ConfliBERT-2021,current,single,512,124,test,Azerbaijan,2025,10,unchanged,0.91767,0.00024,0.08209
ConfliBERT-2021,current,single,512,124,test,Azerbaijan,2025,12,unchanged,0.99964,0.0001,0.00026
ConfliBERT-2021,current,single,512,124,test,Azerbaijan,2026,3,unchanged,0.09944,0.90029,0.00027
ConfliBERT-2021,current,single,512,124,dev,Georgia,2025,1,unchanged,0.99973,0.00021,6e-05
ConfliBERT-2021,current,single,512,124,dev,Georgia,2025,2,unchanged,0.99976,0.00017,7e-05
ConfliBERT-2021,current,single,512,124,dev,Georgia,2025,3,unchanged,0.99974,0.0001,0.00016
ConfliBERT-2021,current,single,512,124,test,Georgia,2025,7,unchanged,0.99292,0.00701,7e-05
ConfliBERT-2021,current,single,512,124,test,Georgia,2025,10,unchanged,0.82535,0.17436,0.00029
ConfliBERT-2021,current,single,512,124,test,Georgia,2025,12,unchanged,0.99972,0.00021,7e-05
ConfliBERT-2021,current,single,512,124,test,Georgia,2026,3,unchanged,0.99946,0.00049,5e-05
ConfliBERT-2021,current,single,512,124,dev,Belarus,2025,1,unchanged,0.99887,0.00095,0.00017
ConfliBERT-2021,current,single,512,124,dev,Belarus,2025,2,unchanged,0.99974,0.00011,0.00015
ConfliBERT-2021,current,single,512,124,dev,Belarus,2025,3,unchanged,0.99976,0.00011,0.00013
ConfliBERT-2021,current,single,512,124,test,Belarus,2025,7,unchanged,0.99976,0.00012,0.00012
ConfliBERT-2021,current,single,512,124,test,Belarus,2025,10,unchanged,0.99978,0.00013,9e-05
ConfliBERT-2021,current,single,512,124,test,Belarus,2025,12,unchanged,0.99975,0.00014,0.00012
ConfliBERT-2021,current,single,512,124,test,Belarus,2026,3,unchanged,0.94671,0.00029,0.05299
ConfliBERT-2021,current,single,512,124,dev,Ukraine,2025,1,unchanged,0.99974,0.00018,8e-05
ConfliBERT-2021,current,single,512,124,dev,Ukraine,2025,2,unchanged,0.99976,0.00013,0.00011
ConfliBERT-2021,current,single,512,124,dev,Ukraine,2025,3,unchanged,0.99965,0.00018,0.00017
ConfliBERT-2021,current,single,512,124,test,Ukraine,2025,12,unchanged,0.99938,0.00054,9e-05
ConfliBERT-2021,current,single,512,124,test,Ukraine,2026,3,unchanged,0.99974,0.00018,8e-05
ConfliBERT-2021,current,single,512,124,dev,Cyprus,2025,1,unchanged,0.99905,0.00012,0.00083
ConfliBERT-2021,current,single,512,124,dev,Cyprus,2025,2,unchanged,0.99975,0.00013,0.00012
ConfliBERT-2021,current,single,512,124,dev,Cyprus,2025,3,unchanged,0.96649,0.00024,0.03327
ConfliBERT-2021,current,single,512,124,test,Cyprus,2025,7,unchanged,0.99956,0.00015,0.0003
ConfliBERT-2021,current,single,512,124,test,Cyprus,2025,10,unchanged,0.9997,9e-05,0.00021
ConfliBERT-2021,current,single,512,124,test,Cyprus,2025,12,unchanged,0.99969,9e-05,0.00022
ConfliBERT-2021,current,single,512,124,test,Cyprus,2026,3,unchanged,0.012,0.98766,0.00034
ConfliBERT-2021,current,single,512,124,dev,Türkiye,2025,1,unchanged,0.99975,9e-05,0.00016
ConfliBERT-2021,current,single,512,124,dev,Türkiye,2025,3,deteriorated,0.00038,0.99949,0.00013
ConfliBERT-2021,current,single,512,124,test,Türkiye,2025,7,improved,0.97825,0.00025,0.02149
ConfliBERT-2021,current,single,512,124,test,Türkiye,2025,10,unchanged,0.19925,0.00031,0.80044
ConfliBERT-2021,current,single,512,124,test,Türkiye,2025,12,unchanged,0.99975,0.00012,0.00013
ConfliBERT-2021,current,single,512,124,test,Türkiye,2026,3,unchanged,0.9997,0.0002,9e-05
ConfliBERT-2021,current,single,512,124,dev,Kyrgyzstan,2025,1,unchanged,0.99914,9e-05,0.00077
ConfliBERT-2021,current,single,512,124,dev,Kyrgyzstan,2025,2,unchanged,0.00078,0.00013,0.99909
ConfliBERT-2021,current,single,512,124,dev,Kyrgyzstan,2025,3,improved,0.00123,0.00014,0.99862
ConfliBERT-2021,current,single,512,124,test,Kyrgyzstan,2025,7,unchanged,0.99973,0.00011,0.00016
ConfliBERT-2021,current,single,512,124,test,Kyrgyzstan,2025,10,unchanged,0.99931,0.00063,6e-05
ConfliBERT-2021,current,single,512,124,test,Kyrgyzstan,2025,12,unchanged,0.99969,0.00015,0.00016
ConfliBERT-2021,current,single,512,124,test,Kyrgyzstan,2026,3,unchanged,0.99975,0.00016,9e-05
ConfliBERT-2021,current,single,512,124,dev,Tajikistan,2025,1,unchanged,0.99966,0.0001,0.00025
ConfliBERT-2021,current,single,512,124,dev,Tajikistan,2025,2,unchanged,0.00029,0.0002,0.99952
ConfliBERT-2021,current,single,512,124,dev,Tajikistan,2025,3,improved,0.00088,0.00016,0.99897
ConfliBERT-2021,current,single,512,124,test,Tajikistan,2025,7,unchanged,0.99967,0.00015,0.00017
ConfliBERT-2021,current,single,512,124,test,Tajikistan,2025,10,unchanged,0.99966,0.00014,0.0002
ConfliBERT-2021,current,single,512,124,test,Tajikistan,2025,12,unchanged,0.17549,0.82423,0.00028
ConfliBERT-2021,current,single,512,124,test,Tajikistan,2026,3,unchanged,0.99958,0.0001,0.00032
ConfliBERT-2021,current,single,512,124,dev,Uzbekistan,2025,1,unchanged,0.99902,9e-05,0.00089
ConfliBERT-2021,current,single,512,124,dev,Uzbekistan,2025,2,unchanged,0.99949,0.00011,0.0004
ConfliBERT-2021,current,single,512,124,dev,Uzbekistan,2025,3,unchanged,0.99553,0.00011,0.00436
ConfliBERT-2021,current,single,512,124,test,Uzbekistan,2025,7,unchanged,0.99971,0.0001,0.00019
ConfliBERT-2021,current,single,512,124,test,Uzbekistan,2025,10,unchanged,0.99974,0.00013,0.00014
ConfliBERT-2021,current,single,512,124,test,Uzbekistan,2025,12,unchanged,0.99942,8e-05,0.0005
ConfliBERT-2021,current,single,512,124,test,Uzbekistan,2026,3,unchanged,0.99968,0.0001,0.00022
ConfliBERT-2021,current,single,512,124,dev,Lebanon,2025,1,unchanged,0.99955,0.00037,8e-05
ConfliBERT-2021,current,single,512,124,dev,Lebanon,2025,2,unchanged,0.99961,0.0001,0.00029
ConfliBERT-2021,current,single,512,124,dev,Lebanon,2025,3,unchanged,0.00062,0.99926,0.00013
ConfliBERT-2021,current,single,512,124,test,Lebanon,2025,6,unchanged,0.99973,0.00019,8e-05
ConfliBERT-2021,current,single,512,124,test,Lebanon,2025,6,unchanged,0.99973,0.00019,8e-05
ConfliBERT-2021,current,single,512,124,test,Lebanon,2025,7,unchanged,0.99934,0.0006,6e-05
ConfliBERT-2021,current,single,512,124,test,Lebanon,2025,10,unchanged,0.99845,0.00149,6e-05
ConfliBERT-2021,current,single,512,124,test,Lebanon,2025,12,unchanged,0.99974,0.00019,8e-05
ConfliBERT-2021,current,single,512,124,dev,Syria,2025,1,unchanged,0.9996,0.00034,5e-05
ConfliBERT-2021,current,single,512,124,dev,Syria,2025,2,unchanged,0.99977,0.00012,0.00011
ConfliBERT-2021,current,single,512,124,dev,Syria,2025,3,deteriorated,0.00046,0.99936,0.00018
ConfliBERT-2021,current,single,512,124,test,Syria,2025,6,deteriorated,0.00042,0.99934,0.00024
ConfliBERT-2021,current,single,512,124,test,Syria,2025,6,deteriorated,0.00042,0.99934,0.00024
ConfliBERT-2021,current,single,512,124,test,Syria,2025,7,deteriorated,0.00055,0.99918,0.00027
ConfliBERT-2021,current,single,512,124,test,Syria,2025,10,improved,0.62211,0.00056,0.37733
ConfliBERT-2021,current,single,512,124,test,Syria,2025,12,deteriorated,0.00055,0.99929,0.00016
ConfliBERT-2021,current,single,512,124,dev,Iran,2025,1,unchanged,0.99973,0.00011,0.00016
ConfliBERT-2021,current,single,512,124,dev,Iran,2025,2,unchanged,0.04957,0.95003,0.0004
ConfliBERT-2021,current,single,512,124,dev,Iran,2025,3,unchanged,0.00788,0.99203,9e-05
ConfliBERT-2021,current,single,512,124,test,Iran,2025,7,unchanged,0.99779,0.00212,9e-05
ConfliBERT-2021,current,single,512,124,test,Iran,2025,10,unchanged,0.99921,0.00068,0.00011
ConfliBERT-2021,current,single,512,124,test,Iran,2025,12,deteriorated,0.00044,0.99939,0.00017
ConfliBERT-2021,current,single,512,124,dev,Iraq,2025,1,unchanged,0.99978,0.00013,0.0001
ConfliBERT-2021,current,single,512,124,dev,Iraq,2025,2,unchanged,0.99975,9e-05,0.00016
ConfliBERT-2021,current,single,512,124,dev,Iraq,2025,3,unchanged,0.99967,0.00027,6e-05
ConfliBERT-2021,current,single,512,124,test,Iraq,2025,6,unchanged,0.99954,0.00041,5e-05
ConfliBERT-2021,current,single,512,124,test,Iraq,2025,6,unchanged,0.99954,0.00041,5e-05
ConfliBERT-2021,current,single,512,124,test,Iraq,2025,7,unchanged,0.995,0.00032,0.00468
ConfliBERT-2021,current,single,512,124,test,Iraq,2025,10,unchanged,0.99951,0.00042,7e-05
ConfliBERT-2021,current,single,512,124,test,Iraq,2025,12,unchanged,0.99973,0.0001,0.00017
ConfliBERT-2021,current,single,512,124,dev,Saudi Arabia,2025,1,unchanged,0.99974,9e-05,0.00016
ConfliBERT-2021,current,single,512,124,dev,Saudi Arabia,2025,2,unchanged,0.99968,0.00018,0.00014
ConfliBERT-2021,current,single,512,124,dev,Saudi Arabia,2025,3,unchanged,0.99975,0.00016,9e-05
ConfliBERT-2021,current,single,512,124,test,Saudi Arabia,2025,6,unchanged,0.99936,0.00057,7e-05
ConfliBERT-2021,current,single,512,124,test,Saudi Arabia,2025,6,unchanged,0.99936,0.00057,7e-05
ConfliBERT-2021,current,single,512,124,test,Saudi Arabia,2025,7,unchanged,0.99963,0.0001,0.00027
ConfliBERT-2021,current,single,512,124,test,Saudi Arabia,2025,10,unchanged,0.99968,0.00024,8e-05
ConfliBERT-2021,current,single,512,124,test,Saudi Arabia,2025,12,unchanged,0.14943,0.84988,0.00069
ConfliBERT-2021,current,single,512,124,test,Yemen,2025,6,unchanged,0.99967,0.00021,0.00012
ConfliBERT-2021,current,single,512,124,test,Yemen,2025,6,unchanged,0.99967,0.00021,0.00012
ConfliBERT-2021,current,single,512,124,test,Yemen,2025,7,deteriorated,0.29826,0.69892,0.00281
ConfliBERT-2021,current,single,512,124,dev,Algeria,2025,1,unchanged,0.99975,0.00018,7e-05
ConfliBERT-2021,current,single,512,124,dev,Algeria,2025,2,unchanged,0.00076,0.99914,0.0001
ConfliBERT-2021,current,single,512,124,dev,Algeria,2025,3,unchanged,0.9997,0.0001,0.0002
ConfliBERT-2021,current,single,512,124,test,Algeria,2025,6,unchanged,0.99977,0.00014,9e-05
ConfliBERT-2021,current,single,512,124,test,Algeria,2025,6,unchanged,0.99977,0.00014,9e-05
ConfliBERT-2021,current,single,512,124,test,Algeria,2025,7,unchanged,0.99977,0.00014,9e-05
ConfliBERT-2021,current,single,512,124,test,Algeria,2025,10,unchanged,0.00549,0.99444,7e-05
ConfliBERT-2021,current,single,512,124,test,Algeria,2025,12,unchanged,0.00405,0.99584,0.00011
ConfliBERT-2021,current,single,512,124,dev,Egypt,2025,1,unchanged,0.9997,9e-05,0.00021
ConfliBERT-2021,current,single,512,124,dev,Egypt,2025,2,unchanged,0.99973,0.00019,8e-05
ConfliBERT-2021,current,single,512,124,dev,Egypt,2025,3,unchanged,0.99972,0.00012,0.00016
ConfliBERT-2021,current,single,512,124,test,Egypt,2025,6,unchanged,0.99973,0.00018,9e-05
ConfliBERT-2021,current,single,512,124,test,Egypt,2025,6,unchanged,0.99973,0.00018,9e-05
ConfliBERT-2021,current,single,512,124,test,Egypt,2025,7,unchanged,0.96698,0.03289,0.00013
ConfliBERT-2021,current,single,512,124,test,Egypt,2025,10,unchanged,0.999,0.00014,0.00086
ConfliBERT-2021,current,single,512,124,test,Egypt,2025,12,unchanged,0.99978,0.00013,9e-05
ConfliBERT-2021,current,single,512,124,dev,Libya,2025,1,unchanged,0.99977,0.00012,0.00011
ConfliBERT-2021,current,single,512,124,dev,Libya,2025,2,unchanged,0.9997,0.0001,0.00019
ConfliBERT-2021,current,single,512,124,dev,Libya,2025,3,unchanged,0.01003,0.98989,8e-05
ConfliBERT-2021,current,single,512,124,test,Libya,2025,6,unchanged,0.99977,0.00015,8e-05
ConfliBERT-2021,current,single,512,124,test,Libya,2025,6,unchanged,0.99977,0.00015,8e-05
ConfliBERT-2021,current,single,512,124,test,Libya,2025,7,unchanged,0.99968,0.00025,6e-05
ConfliBERT-2021,current,single,512,124,test,Libya,2025,10,unchanged,0.99971,0.00014,0.00014
ConfliBERT-2021,current,single,512,124,test,Libya,2025,12,unchanged,0.9993,0.00016,0.00054
ConfliBERT-2021,current,single,512,124,dev,Tunisia,2025,1,unchanged,0.99974,0.00014,0.00013
ConfliBERT-2021,current,single,512,124,dev,Tunisia,2025,2,unchanged,0.99964,0.00023,0.00013
ConfliBERT-2021,current,single,512,124,dev,Tunisia,2025,3,unchanged,0.996,0.00393,7e-05
ConfliBERT-2021,current,single,512,124,test,Tunisia,2025,6,unchanged,0.99978,0.00014,8e-05
ConfliBERT-2021,current,single,512,124,test,Tunisia,2025,6,unchanged,0.99978,0.00014,8e-05
ConfliBERT-2021,current,single,512,124,test,Tunisia,2025,7,unchanged,0.99936,0.00058,6e-05
ConfliBERT-2021,current,single,512,124,test,Tunisia,2025,10,unchanged,0.00061,0.99923,0.00016
ConfliBERT-2021,current,single,512,124,test,Tunisia,2025,12,unchanged,0.99977,0.00013,0.0001
ConfliBERT-2021,current,single,512,124,dev,Western Sahara,2025,1,unchanged,0.99591,0.00402,7e-05
ConfliBERT-2021,current,single,512,124,dev,Western Sahara,2025,2,unchanged,0.99969,0.00011,0.0002
ConfliBERT-2021,current,single,512,124,dev,Western Sahara,2025,3,unchanged,0.99976,0.00011,0.00013
ConfliBERT-2021,current,single,512,124,test,Western Sahara,2025,6,unchanged,0.99978,0.00014,9e-05
ConfliBERT-2021,current,single,512,124,test,Western Sahara,2025,6,unchanged,0.99978,0.00014,9e-05
ConfliBERT-2021,current,single,512,124,test,Western Sahara,2025,7,unchanged,0.99975,0.00014,0.00011
ConfliBERT-2021,current,single,512,124,test,Western Sahara,2025,10,unchanged,0.99959,0.00012,0.00029
ConfliBERT-2021,current,single,512,124,test,Western Sahara,2025,12,unchanged,0.99927,0.00014,0.0006
ConfliBERT-2021,current,single,512,124,dev,Central African Republic,2025,1,unchanged,0.99978,0.00011,0.0001
ConfliBERT-2021,current,single,512,124,dev,Central African Republic,2025,2,unchanged,0.99973,0.00022,6e-05
ConfliBERT-2021,current,single,512,124,dev,Central African Republic,2025,2,unchanged,0.99971,0.00023,6e-05
ConfliBERT-2021,current,single,512,124,dev,Central African Republic,2025,3,unchanged,0.99979,0.00011,0.00011
ConfliBERT-2021,current,single,512,124,test,Central African Republic,2025,7,unchanged,0.99974,0.00011,0.00015
ConfliBERT-2021,current,single,512,124,test,Central African Republic,2025,10,unchanged,0.99977,0.00014,0.0001
ConfliBERT-2021,current,single,512,124,dev,Mali,2025,1,unchanged,0.99975,0.00017,8e-05
ConfliBERT-2021,current,single,512,124,dev,Mali,2025,2,unchanged,0.99976,0.00016,8e-05
ConfliBERT-2021,current,single,512,124,dev,Mali,2025,2,unchanged,0.99976,0.00016,8e-05
ConfliBERT-2021,current,single,512,124,dev,Mali,2025,3,unchanged,0.99976,0.00016,8e-05
ConfliBERT-2021,current,single,512,124,test,Mali,2025,7,deteriorated,0.00049,0.99941,0.0001
ConfliBERT-2021,current,single,512,124,test,Mali,2025,12,unchanged,0.99871,0.0012,9e-05
ConfliBERT-2021,current,single,512,124,dev,Niger,2025,1,unchanged,0.99977,0.00015,8e-05
ConfliBERT-2021,current,single,512,124,dev,Niger,2025,2,unchanged,0.99962,0.00011,0.00028
ConfliBERT-2021,current,single,512,124,dev,Niger,2025,2,unchanged,0.99964,0.00011,0.00025
ConfliBERT-2021,current,single,512,124,dev,Niger,2025,3,deteriorated,0.9992,0.00038,0.00042
ConfliBERT-2021,current,single,512,124,test,Niger,2025,7,unchanged,0.99973,0.00019,8e-05
ConfliBERT-2021,current,single,512,124,test,Niger,2025,10,unchanged,0.99969,0.00023,8e-05
ConfliBERT-2021,current,single,512,124,test,Niger,2025,12,unchanged,0.99977,0.00014,9e-05
ConfliBERT-2021,current,single,512,124,dev,Benin,2025,1,deteriorated,0.00066,0.99916,0.00018
ConfliBERT-2021,current,single,512,124,dev,Benin,2025,2,unchanged,0.99977,0.00013,9e-05
ConfliBERT-2021,current,single,512,124,dev,Benin,2025,2,unchanged,0.99977,0.00013,0.0001
ConfliBERT-2021,current,single,512,124,dev,Benin,2025,3,unchanged,0.99977,0.00013,0.0001
ConfliBERT-2021,current,single,512,124,test,Benin,2025,7,unchanged,0.99953,8e-05,0.00039
ConfliBERT-2021,current,single,512,124,test,Benin,2025,10,unchanged,0.99974,0.00017,0.0001
ConfliBERT-2021,current,single,512,124,test,Benin,2025,12,deteriorated,0.01863,0.98116,0.00021
ConfliBERT-2021,current,single,512,124,dev,Moldova,2025,1,deteriorated,0.0008,0.99909,0.00011
ConfliBERT-2021,current,single,512,124,dev,Moldova,2025,2,unchanged,0.99872,0.0002,0.00107
ConfliBERT-2021,current,single,512,124,test,Moldova,2026,3,unchanged,0.95474,0.045,0.00026
ConfliBERT-2021,current,single,512,124,test,Israel/Palestine,2025,12,unchanged,0.99971,0.00015,0.00014
ConfliBERT-2021,current,single,512,124,dev,Colombia,2025,2,unchanged,0.9995,0.00042,8e-05
ConfliBERT-2021,current,single,512,124,dev,Colombia,2025,3,unchanged,0.9997,0.00011,0.0002
ConfliBERT-2021,current,single,512,124,test,Colombia,2025,7,unchanged,0.99962,0.00029,9e-05
ConfliBERT-2021,current,single,512,124,test,Colombia,2025,10,deteriorated,0.81625,0.18356,0.00019
ConfliBERT-2021,current,single,512,124,test,Colombia,2025,12,unchanged,0.00396,0.99594,0.0001
ConfliBERT-2021,current,single,512,124,dev,Ecuador,2025,1,deteriorated,0.0011,0.9988,0.0001
ConfliBERT-2021,current,single,512,124,dev,Ecuador,2025,2,unchanged,0.99512,0.00382,0.00106
ConfliBERT-2021,current,single,512,124,dev,Ecuador,2025,3,unchanged,0.99978,0.00012,0.0001
ConfliBERT-2021,current,single,512,124,test,Ecuador,2025,7,unchanged,0.99977,0.00014,9e-05
ConfliBERT-2021,current,single,512,124,test,Ecuador,2025,10,unchanged,0.99973,0.00019,8e-05
ConfliBERT-2021,current,single,512,124,test,Ecuador,2025,12,unchanged,0.99918,0.00072,0.0001
ConfliBERT-2021,current,single,512,124,dev,Venezuela,2025,1,unchanged,0.99946,0.00046,8e-05
ConfliBERT-2021,current,single,512,124,dev,Venezuela,2025,2,unchanged,0.99971,0.00012,0.00017
ConfliBERT-2021,current,single,512,124,dev,Venezuela,2025,3,unchanged,0.99976,0.00014,0.0001
ConfliBERT-2021,current,single,512,124,test,Venezuela,2025,7,unchanged,0.99977,0.00013,0.0001
ConfliBERT-2021,current,single,512,124,dev,El Salvador,2025,1,unchanged,0.99969,0.00018,0.00013
ConfliBERT-2021,current,single,512,124,dev,El Salvador,2025,2,unchanged,0.99936,0.00058,6e-05
ConfliBERT-2021,current,single,512,124,dev,El Salvador,2025,3,unchanged,0.99975,0.00015,0.0001
ConfliBERT-2021,current,single,512,124,test,El Salvador,2025,7,deteriorated,0.99958,0.00034,8e-05
ConfliBERT-2021,current,single,512,124,test,El Salvador,2025,10,unchanged,0.99975,0.00011,0.00014
ConfliBERT-2021,current,single,512,124,test,El Salvador,2025,12,unchanged,0.99978,0.00012,0.0001
ConfliBERT-2021,current,single,512,124,test,Honduras,2025,12,deteriorated,0.00042,0.99945,0.00013
ConfliBERT-2021,current,single,512,124,dev,Mexico,2025,1,unchanged,0.99974,0.0002,6e-05
ConfliBERT-2021,current,single,512,124,dev,Mexico,2025,2,unchanged,0.99978,0.00013,9e-05
ConfliBERT-2021,current,single,512,124,dev,Mexico,2025,3,unchanged,0.99977,0.00014,8e-05
ConfliBERT-2021,current,single,512,124,test,Mexico,2025,7,unchanged,0.99971,0.00023,6e-05
ConfliBERT-2021,current,single,512,124,test,Mexico,2025,10,unchanged,0.99972,0.00022,7e-05
ConfliBERT-2021,current,single,512,124,test,Mexico,2025,12,unchanged,0.99975,0.00016,9e-05
ConfliBERT-2021,current,single,512,124,dev,Nicaragua,2025,1,unchanged,0.98562,0.0142,0.00019
ConfliBERT-2021,current,single,512,124,dev,Nicaragua,2025,2,deteriorated,0.98647,0.0093,0.00422
ConfliBERT-2021,current,single,512,124,dev,Nicaragua,2025,3,unchanged,0.99975,0.00014,0.00011
ConfliBERT-2021,current,single,512,124,test,Nicaragua,2025,7,unchanged,0.99977,0.00014,8e-05
ConfliBERT-2021,current,single,512,124,test,Nicaragua,2025,10,unchanged,0.99978,0.00011,0.00011
ConfliBERT-2021,current,single,512,124,test,Nicaragua,2025,12,unchanged,0.99977,0.00014,9e-05
ConfliBERT-2021,current,single,512,124,dev,Haiti,2025,1,unchanged,0.99955,0.00036,9e-05
ConfliBERT-2021,current,single,512,124,dev,Haiti,2025,2,unchanged,0.99974,0.0002,7e-05
ConfliBERT-2021,current,single,512,124,dev,Haiti,2025,3,deteriorated,0.99919,0.00076,5e-05
ConfliBERT-2021,current,single,512,124,test,Haiti,2025,7,unchanged,0.96768,0.03222,0.0001
ConfliBERT-2021,current,single,512,124,test,Haiti,2025,10,unchanged,0.99972,0.00022,6e-05
ConfliBERT-2021,current,single,512,124,test,Haiti,2025,12,unchanged,0.00124,0.99866,0.00011
ConfliBERT-2021,current,single,512,124,dev,China/Japan,2025,1,unchanged,0.99979,0.00013,9e-05
ConfliBERT-2021,current,single,512,124,dev,China/Japan,2025,2,unchanged,0.99977,0.00012,0.0001
ConfliBERT-2021,current,single,512,124,dev,China/Japan,2025,3,unchanged,0.99976,0.00013,0.0001
ConfliBERT-2021,current,single,512,124,test,China/Japan,2025,6,unchanged,0.99975,0.00017,7e-05
ConfliBERT-2021,current,single,512,124,test,China/Japan,2025,6,unchanged,0.99975,0.00017,7e-05
ConfliBERT-2021,current,single,512,124,test,China/Japan,2025,7,unchanged,0.99975,0.00017,8e-05
ConfliBERT-2021,current,single,512,124,test,China/Japan,2025,7,unchanged,0.99975,0.00017,8e-05
ConfliBERT-2021,current,single,512,124,test,China/Japan,2025,10,unchanged,0.99976,0.00011,0.00013
ConfliBERT-2021,current,single,512,124,test,China/Japan,2025,12,unchanged,0.99973,0.00018,9e-05
ConfliBERT-2021,current,single,512,124,dev,Korean Peninsula,2025,1,unchanged,0.99977,0.00011,0.00013
ConfliBERT-2021,current,single,512,124,dev,Korean Peninsula,2025,2,unchanged,0.99967,0.0002,0.00013
ConfliBERT-2021,current,single,512,124,dev,Korean Peninsula,2025,3,unchanged,0.99977,0.00016,7e-05
ConfliBERT-2021,current,single,512,124,test,Korean Peninsula,2025,6,unchanged,0.98736,0.00041,0.01224
ConfliBERT-2021,current,single,512,124,test,Korean Peninsula,2025,6,unchanged,0.98736,0.00041,0.01224
ConfliBERT-2021,current,single,512,124,test,Korean Peninsula,2025,7,unchanged,0.99966,0.00012,0.00022
ConfliBERT-2021,current,single,512,124,test,Korean Peninsula,2025,7,unchanged,0.99966,0.00012,0.00022
ConfliBERT-2021,current,single,512,124,test,Korean Peninsula,2025,10,unchanged,0.99973,0.00012,0.00015
ConfliBERT-2021,current,single,512,124,test,Korean Peninsula,2025,12,unchanged,0.99975,0.00015,0.0001
ConfliBERT-2021,current,single,512,124,dev,Taiwan Strait,2025,1,unchanged,0.99976,0.00014,0.0001
ConfliBERT-2021,current,single,512,124,dev,Taiwan Strait,2025,2,unchanged,0.99977,0.00016,7e-05
ConfliBERT-2021,current,single,512,124,dev,Taiwan Strait,2025,3,unchanged,0.99978,0.00013,8e-05
ConfliBERT-2021,current,single,512,124,test,Taiwan Strait,2025,6,unchanged,0.99976,0.00016,8e-05
ConfliBERT-2021,current,single,512,124,test,Taiwan Strait,2025,6,unchanged,0.99976,0.00016,8e-05
ConfliBERT-2021,current,single,512,124,test,Taiwan Strait,2025,7,unchanged,0.99975,0.00018,7e-05
ConfliBERT-2021,current,single,512,124,test,Taiwan Strait,2025,7,unchanged,0.99975,0.00018,7e-05
ConfliBERT-2021,current,single,512,124,test,Taiwan Strait,2025,10,unchanged,0.99969,0.00015,0.00016
ConfliBERT-2021,current,single,512,124,test,Taiwan Strait,2025,12,deteriorated,0.00111,0.9988,9e-05
ConfliBERT-2021,current,single,512,124,dev,Afghanistan,2025,1,unchanged,0.99974,0.00018,8e-05
ConfliBERT-2021,current,single,512,124,dev,Afghanistan,2025,2,unchanged,0.99975,0.00018,7e-05
ConfliBERT-2021,current,single,512,124,dev,Afghanistan,2025,3,unchanged,0.9997,0.0001,0.0002
ConfliBERT-2021,current,single,512,124,test,Afghanistan,2025,7,unchanged,0.0052,0.99473,7e-05
ConfliBERT-2021,current,single,512,124,test,Afghanistan,2025,7,unchanged,0.0052,0.99473,7e-05
ConfliBERT-2021,current,single,512,124,test,Afghanistan,2025,12,unchanged,0.99966,0.00025,9e-05
ConfliBERT-2021,current,single,512,124,dev,Bangladesh,2025,1,unchanged,0.99978,0.00011,0.00011
ConfliBERT-2021,current,single,512,124,dev,Bangladesh,2025,2,unchanged,0.99868,0.00125,6e-05
ConfliBERT-2021,current,single,512,124,dev,Bangladesh,2025,3,unchanged,0.99975,0.00015,0.0001
ConfliBERT-2021,current,single,512,124,test,Bangladesh,2025,6,unchanged,0.99978,0.00012,0.0001
ConfliBERT-2021,current,single,512,124,test,Bangladesh,2025,6,unchanged,0.99978,0.00012,0.0001
ConfliBERT-2021,current,single,512,124,test,Bangladesh,2025,7,unchanged,0.99954,0.0004,6e-05
ConfliBERT-2021,current,single,512,124,test,Bangladesh,2025,7,unchanged,0.99954,0.0004,6e-05
ConfliBERT-2021,current,single,512,124,test,Bangladesh,2025,10,unchanged,0.99942,0.0001,0.00047
ConfliBERT-2021,current,single,512,124,test,Bangladesh,2025,12,deteriorated,0.00043,0.99938,0.00019
ConfliBERT-2021,current,single,512,124,dev,India,2025,1,unchanged,0.99973,0.00019,7e-05
ConfliBERT-2021,current,single,512,124,dev,India,2025,2,unchanged,0.99978,0.00011,0.00011
ConfliBERT-2021,current,single,512,124,dev,India,2025,3,unchanged,0.99978,0.00012,0.0001
ConfliBERT-2021,current,single,512,124,test,India,2025,6,unchanged,0.99976,0.00015,8e-05
ConfliBERT-2021,current,single,512,124,test,India,2025,6,unchanged,0.99976,0.00015,8e-05
ConfliBERT-2021,current,single,512,124,test,India,2025,7,unchanged,0.99975,0.00011,0.00014
ConfliBERT-2021,current,single,512,124,test,India,2025,7,unchanged,0.99975,0.00011,0.00014
ConfliBERT-2021,current,single,512,124,test,India,2025,10,improved,0.31899,0.6806,0.00041
ConfliBERT-2021,current,single,512,124,test,India,2025,12,unchanged,0.99976,0.00016,8e-05
ConfliBERT-2021,current,single,512,124,dev,Pakistan,2025,1,unchanged,0.99944,0.00048,8e-05
ConfliBERT-2021,current,single,512,124,dev,Pakistan,2025,2,unchanged,0.7689,0.23086,0.00024
ConfliBERT-2021,current,single,512,124,dev,Pakistan,2025,3,unchanged,0.00056,0.99925,0.00019
ConfliBERT-2021,current,single,512,124,test,Pakistan,2025,6,unchanged,0.99977,0.00013,0.0001
ConfliBERT-2021,current,single,512,124,test,Pakistan,2025,6,unchanged,0.99977,0.00013,0.0001
ConfliBERT-2021,current,single,512,124,test,Pakistan,2025,7,unchanged,0.99977,0.00015,8e-05
ConfliBERT-2021,current,single,512,124,test,Pakistan,2025,7,unchanged,0.99977,0.00015,8e-05
ConfliBERT-2021,current,single,512,124,test,Pakistan,2025,12,unchanged,0.99975,0.00014,0.00011
ConfliBERT-2021,current,single,512,124,dev,Sri Lanka,2025,1,unchanged,0.99973,0.00012,0.00016
ConfliBERT-2021,current,single,512,124,dev,Sri Lanka,2025,2,unchanged,0.9993,0.00012,0.00058
ConfliBERT-2021,current,single,512,124,dev,Sri Lanka,2025,3,unchanged,0.9997,0.00018,0.00012
ConfliBERT-2021,current,single,512,124,test,Sri Lanka,2025,6,unchanged,0.99967,0.0001,0.00023
ConfliBERT-2021,current,single,512,124,test,Sri Lanka,2025,6,unchanged,0.99967,0.0001,0.00023
ConfliBERT-2021,current,single,512,124,test,Sri Lanka,2025,7,unchanged,0.99969,0.00011,0.0002
ConfliBERT-2021,current,single,512,124,test,Sri Lanka,2025,7,unchanged,0.99969,0.00011,0.0002
ConfliBERT-2021,current,single,512,124,test,Sri Lanka,2025,10,unchanged,0.99973,0.00013,0.00014
ConfliBERT-2021,current,single,512,124,test,Sri Lanka,2025,12,unchanged,0.00494,0.99496,9e-05
ConfliBERT-2021,current,single,512,124,dev,Myanmar,2025,1,unchanged,0.99909,0.00083,8e-05
ConfliBERT-2021,current,single,512,124,dev,Myanmar,2025,2,unchanged,0.0006,0.99931,9e-05
ConfliBERT-2021,current,single,512,124,dev,Myanmar,2025,3,unchanged,0.99973,0.0002,7e-05
ConfliBERT-2021,current,single,512,124,test,Myanmar,2025,6,unchanged,0.99974,0.00018,8e-05
ConfliBERT-2021,current,single,512,124,test,Myanmar,2025,6,unchanged,0.99974,0.00018,8e-05
ConfliBERT-2021,current,single,512,124,test,Myanmar,2025,7,unchanged,0.99856,0.00138,6e-05
ConfliBERT-2021,current,single,512,124,test,Myanmar,2025,7,unchanged,0.99856,0.00138,6e-05
ConfliBERT-2021,current,single,512,124,test,Myanmar,2025,10,unchanged,0.99957,0.00036,7e-05
ConfliBERT-2021,current,single,512,124,test,Myanmar,2025,12,unchanged,0.20177,0.79802,0.00021
ConfliBERT-2021,current,single,512,124,dev,Philippines,2025,1,unchanged,0.99977,0.00013,0.0001
ConfliBERT-2021,current,single,512,124,dev,Philippines,2025,2,unchanged,0.99978,0.00011,0.00011
ConfliBERT-2021,current,single,512,124,dev,Philippines,2025,3,unchanged,0.99976,0.00013,0.00011
ConfliBERT-2021,current,single,512,124,test,Philippines,2025,6,unchanged,0.99975,0.00011,0.00013
ConfliBERT-2021,current,single,512,124,test,Philippines,2025,6,unchanged,0.99975,0.00011,0.00013
ConfliBERT-2021,current,single,512,124,test,Philippines,2025,7,unchanged,0.99977,0.00013,0.0001
ConfliBERT-2021,current,single,512,124,test,Philippines,2025,7,unchanged,0.99977,0.00013,0.0001
ConfliBERT-2021,current,single,512,124,test,Philippines,2025,10,unchanged,0.62535,0.37341,0.00124
ConfliBERT-2021,current,single,512,124,test,Philippines,2025,12,unchanged,0.99961,0.00017,0.00022
ConfliBERT-2021,current,single,512,124,dev,South China Sea,2025,1,unchanged,0.99971,0.0002,9e-05
ConfliBERT-2021,current,single,512,124,dev,South China Sea,2025,2,unchanged,0.99975,0.00014,0.00011
ConfliBERT-2021,current,single,512,124,dev,South China Sea,2025,3,unchanged,0.99978,0.00012,0.0001
ConfliBERT-2021,current,single,512,124,test,South China Sea,2025,6,unchanged,0.99976,0.00011,0.00012
ConfliBERT-2021,current,single,512,124,test,South China Sea,2025,6,unchanged,0.99976,0.00011,0.00012
ConfliBERT-2021,current,single,512,124,test,South China Sea,2025,7,unchanged,0.99977,0.00013,0.0001
ConfliBERT-2021,current,single,512,124,test,South China Sea,2025,7,unchanged,0.99977,0.00013,0.0001
ConfliBERT-2021,current,single,512,124,test,South China Sea,2025,10,unchanged,0.99973,0.00017,9e-05
ConfliBERT-2021,current,single,512,124,test,South China Sea,2025,12,unchanged,0.99975,0.00012,0.00013
ConfliBERT-2021,current,single,512,124,dev,Thailand,2025,1,unchanged,0.99979,0.00011,0.00011
ConfliBERT-2021,current,single,512,124,dev,Thailand,2025,2,unchanged,0.0374,0.00092,0.96168
ConfliBERT-2021,current,single,512,124,dev,Thailand,2025,3,unchanged,0.01411,0.98578,0.00012
ConfliBERT-2021,current,single,512,124,test,Thailand,2025,6,deteriorated,0.00132,0.99856,0.00011
ConfliBERT-2021,current,single,512,124,test,Thailand,2025,6,deteriorated,0.00132,0.99856,0.00011
ConfliBERT-2021,current,single,512,124,test,Thailand,2025,7,unchanged,0.0362,0.00254,0.96127
ConfliBERT-2021,current,single,512,124,test,Thailand,2025,7,unchanged,0.0362,0.00254,0.96127
ConfliBERT-2021,current,single,512,124,test,Thailand,2025,10,improved,0.99929,0.0001,0.00062
ConfliBERT-2021,current,single,512,124,test,Thailand,2025,12,unchanged,0.00053,0.99929,0.00018
ConfliBERT-2021,current,single,512,124,test,Guatemala,2025,10,unchanged,0.99919,0.0007,0.00011
ConfliBERT-2021,current,single,512,124,dev,Bolivia,2025,1,unchanged,0.99978,0.00011,0.00011
ConfliBERT-2021,current,single,512,124,dev,Bolivia,2025,2,unchanged,0.99952,0.00031,0.00017
ConfliBERT-2021,current,single,512,124,test,Bolivia,2025,10,improved,0.00032,0.00027,0.99941
ConfliBERT-2021,current,single,512,124,test,Bolivia,2025,12,unchanged,0.75184,0.24793,0.00023
ConfliBERT-2021,current,single,512,124,dev,Peru,2025,3,unchanged,0.01198,0.98789,0.00013
ConfliBERT-2021,current,single,512,124,test,Peru,2025,10,deteriorated,0.00058,0.99929,0.00013
ConfliBERT-2021,current,single,512,124,test,Madagascar,2025,10,deteriorated,0.60172,0.39771,0.00057
ConfliBERT-2021,current,single,512,124,dev,Guinea-Bissau,2025,2,deteriorated,0.00082,0.99904,0.00015
ConfliBERT-2021,current,single,512,124,dev,Guinea-Bissau,2025,2,deteriorated,0.99958,0.00031,0.00012
ConfliBERT-2021,current,single,512,124,dev,Guinea-Bissau,2025,3,unchanged,0.99975,0.00016,9e-05
ConfliBERT-2021,current,single,512,124,test,Guinea-Bissau,2025,12,unchanged,0.9992,0.00061,0.0002
ConfliBERT-2021,current,single,512,124,dev,Guyana,2025,3,unchanged,0.99969,0.00019,0.00013
ConfliBERT-2021,current,single,512,124,dev,Jordan,2025,2,unchanged,0.99952,0.00039,9e-05
ConfliBERT-2021,current,single,512,124,test,Kazakhstan,2026,3,unchanged,0.99935,0.00024,0.00041
ConfliBERT-2021,current,single,512,124,dev,Togo,2025,2,unchanged,0.99975,0.00013,0.00013
ConfliBERT-2021,current,single,512,124,dev,Togo,2025,2,unchanged,0.99975,0.00012,0.00013
ConfliBERT-2021,current,single,512,124,dev,Togo,2025,3,unchanged,0.99938,0.00013,0.00049
ConfliBERT-2021,current,single,512,124,test,Togo,2025,7,unchanged,0.99971,0.00017,0.00012
ConfliBERT-2021,current,single,512,124,test,Togo,2025,10,unchanged,0.9997,0.00013,0.00017
ConfliBERT-2021,current,single,512,124,test,Papua New Guinea,2025,10,unchanged,0.99923,0.00015,0.00062
ConfliBERT-2021,current,single,512,124,test,Cambodia,2025,7,unchanged,0.00781,0.00056,0.99163
ConfliBERT-2021,current,single,512,124,test,Cambodia,2025,7,unchanged,0.00781,0.00056,0.99163
ConfliBERT-2021,current,single,512,124,test,Brazil,2025,10,unchanged,0.00068,0.99904,0.00028
ConfliBERT-2021,current,single,512,124,test,Angola,2025,7,deteriorated,0.00631,0.99352,0.00016
ConfliBERT-2021,current,single,512,124,dev,Indonesia,2025,1,unchanged,0.9997,0.00011,0.00019
ConfliBERT-2021,current,single,512,124,dev,Indonesia,2025,2,unchanged,0.99972,0.00021,7e-05
ConfliBERT-2021,current,single,512,124,dev,Indonesia,2025,3,unchanged,0.99927,0.00066,7e-05
ConfliBERT-2021,current,single,512,124,test,Indonesia,2025,6,unchanged,0.99977,0.0001,0.00013
ConfliBERT-2021,current,single,512,124,test,Indonesia,2025,6,unchanged,0.99977,0.0001,0.00013
ConfliBERT-2021,current,single,512,124,test,Indonesia,2025,7,unchanged,0.99969,0.00011,0.0002
ConfliBERT-2021,current,single,512,124,test,Indonesia,2025,7,unchanged,0.99969,0.00011,0.0002
ConfliBERT-2021,current,single,512,124,test,Indonesia,2025,10,unchanged,0.89959,0.10015,0.00027
ConfliBERT-2021,current,single,512,124,test,Indonesia,2025,12,unchanged,0.99973,9e-05,0.00017
ConfliBERT-2021,current,single,512,124,test,Ghana,2025,7,unchanged,0.99941,0.00048,0.00011
ConfliBERT-2021,current,single,512,124,dev,South Africa,2025,1,unchanged,0.99977,0.00014,9e-05
ConfliBERT-2021,current,single,512,124,dev,South Africa,2025,2,unchanged,0.99956,0.00036,9e-05
ConfliBERT-2021,current,single,512,124,dev,South Africa,2025,2,unchanged,0.99956,0.00036,9e-05
ConfliBERT-2021,current,single,512,124,dev,South Africa,2025,3,unchanged,0.99975,0.00017,8e-05
ConfliBERT-2021,current,single,512,124,test,South Africa,2025,7,unchanged,0.99961,0.00031,8e-05
ConfliBERT-2021,current,single,512,124,test,South Africa,2025,10,unchanged,0.99978,0.00012,0.00011
ConfliBERT-2021,current,single,512,124,test,South Africa,2025,12,unchanged,0.99974,0.00015,0.00011
ConfliBERT-2021,current,single,512,124,test,Qatar,2025,6,unchanged,0.00063,0.99919,0.00019
ConfliBERT-2021,current,single,512,124,test,Qatar,2025,6,unchanged,0.00063,0.99919,0.00019
ConfliBERT-2021,current,single,512,124,test,Morocco,2025,10,deteriorated,0.00057,0.9992,0.00023
ConfliBERT-2021,current,single,512,124,dev,Comoros Islands,2025,1,unchanged,0.99972,0.00014,0.00013
ConfliBERT-2021,current,single,512,124,dev,Russia/U.S.,2025,1,unchanged,0.99966,0.00019,0.00014
ConfliBERT-2021,current,single,512,124,dev,Russia/U.S.,2025,2,unchanged,0.99972,0.00019,9e-05
ConfliBERT-2021,current,single,512,124,dev,Amazon,2025,1,unchanged,0.99953,0.00041,6e-05
ConfliBERT-2021,current,single,512,124,dev,Amazon,2025,2,unchanged,0.99913,0.0008,7e-05
ConfliBERT-2021,current,single,512,124,dev,Amazon,2025,3,unchanged,0.99968,0.0002,0.00013
ConfliBERT-2021,current,single,512,124,test,Amazon,2025,7,deteriorated,0.00047,0.99933,0.0002
ConfliBERT-2021,current,single,512,124,test,Amazon,2025,10,unchanged,0.99884,9e-05,0.00106
ConfliBERT-2021,current,single,512,124,test,Amazon,2025,12,unchanged,0.99974,0.00019,7e-05
ConfliBERT-2021,current,single,512,124,test,China-U.S.,2025,6,unchanged,0.99949,0.00012,0.00039
ConfliBERT-2021,current,single,512,124,test,China-U.S.,2025,6,unchanged,0.99949,0.00012,0.00039
ConfliBERT-2021,current,single,512,124,test,China-U.S.,2025,10,improved,0.00903,0.08441,0.90657
ConfliBERT-2021,current,single,512,124,test,China-U.S.,2025,12,unchanged,0.99971,0.00011,0.00017
ConfliBERT-2021,current,single,512,124,dev,Cook Islands,2025,2,unchanged,0.96872,0.03111,0.00017
ConfliBERT-2021,current,single,512,124,dev,Tasman Sea,2025,2,unchanged,0.43002,0.56968,0.0003
ConfliBERT-2021,current,single,512,124,test,New Caledonia,2025,7,improved,0.00131,0.00041,0.99828
ConfliBERT-2021,current,single,512,124,test,New Caledonia,2025,7,improved,0.00131,0.00041,0.99828
ConfliBERT-2021,current,single,512,125,dev,Cameroon,2025,1,unchanged,0.99975,0.00014,0.0001
ConfliBERT-2021,current,single,512,125,dev,Cameroon,2025,2,unchanged,0.99975,0.00014,0.00011
ConfliBERT-2021,current,single,512,125,dev,Cameroon,2025,2,unchanged,0.99975,0.00014,0.00011
ConfliBERT-2021,current,single,512,125,dev,Cameroon,2025,3,unchanged,0.99962,0.00021,0.00017
ConfliBERT-2021,current,single,512,125,test,Cameroon,2025,7,unchanged,0.99962,0.00018,0.00021
ConfliBERT-2021,current,single,512,125,test,Cameroon,2025,12,unchanged,0.99978,0.00011,0.00011
ConfliBERT-2021,current,single,512,125,dev,Chad,2025,1,unchanged,0.99451,0.00533,0.00016
ConfliBERT-2021,current,single,512,125,dev,Chad,2025,2,unchanged,0.9995,0.00028,0.00022
ConfliBERT-2021,current,single,512,125,dev,Chad,2025,2,unchanged,0.99952,0.00025,0.00023
ConfliBERT-2021,current,single,512,125,dev,Chad,2025,3,unchanged,0.99918,0.0001,0.00072
ConfliBERT-2021,current,single,512,125,test,Chad,2025,7,unchanged,0.99973,0.00018,9e-05
ConfliBERT-2021,current,single,512,125,test,Chad,2025,10,deteriorated,0.99975,0.00011,0.00014
ConfliBERT-2021,current,single,512,125,test,Chad,2025,12,unchanged,0.99836,0.00151,0.00013
ConfliBERT-2021,current,single,512,125,dev,Gabon,2025,1,unchanged,0.99948,0.00016,0.00036
ConfliBERT-2021,current,single,512,125,dev,Gabon,2025,3,unchanged,0.99937,8e-05,0.00055
ConfliBERT-2021,current,single,512,125,dev,Kenya,2025,1,unchanged,0.99979,0.00011,0.0001
ConfliBERT-2021,current,single,512,125,dev,Kenya,2025,2,unchanged,0.9998,0.0001,0.00011
ConfliBERT-2021,current,single,512,125,dev,Kenya,2025,2,unchanged,0.9998,0.0001,0.00011
ConfliBERT-2021,current,single,512,125,dev,Kenya,2025,3,unchanged,0.99959,7e-05,0.00034
ConfliBERT-2021,current,single,512,125,test,Kenya,2025,7,deteriorated,0.00045,0.99936,0.00019
ConfliBERT-2021,current,single,512,125,test,Kenya,2025,10,unchanged,0.00031,0.99954,0.00015
ConfliBERT-2021,current,single,512,125,test,Kenya,2025,12,unchanged,0.99971,0.00013,0.00016
ConfliBERT-2021,current,single,512,125,dev,Mozambique,2025,1,improved,0.99103,0.00012,0.00885
ConfliBERT-2021,current,single,512,125,dev,Mozambique,2025,2,unchanged,0.99881,0.0011,9e-05
ConfliBERT-2021,current,single,512,125,dev,Mozambique,2025,2,unchanged,0.99839,0.00151,0.0001
ConfliBERT-2021,current,single,512,125,dev,Mozambique,2025,3,improved,0.00053,0.00011,0.99936
ConfliBERT-2021,current,single,512,125,test,Mozambique,2025,7,unchanged,0.99979,9e-05,0.00012
ConfliBERT-2021,current,single,512,125,test,Mozambique,2025,10,unchanged,0.99979,0.00012,0.0001
ConfliBERT-2021,current,single,512,125,test,Mozambique,2025,12,unchanged,0.99977,0.00013,9e-05
ConfliBERT-2021,current,single,512,125,dev,Tanzania,2025,1,unchanged,0.99971,0.00013,0.00016
ConfliBERT-2021,current,single,512,125,dev,Tanzania,2025,2,unchanged,0.99978,0.00011,0.00011
ConfliBERT-2021,current,single,512,125,dev,Tanzania,2025,2,unchanged,0.99979,0.0001,0.00011
ConfliBERT-2021,current,single,512,125,dev,Tanzania,2025,3,unchanged,0.99978,8e-05,0.00014
ConfliBERT-2021,current,single,512,125,test,Tanzania,2025,7,unchanged,0.99978,0.0001,0.00012
ConfliBERT-2021,current,single,512,125,test,Tanzania,2025,12,unchanged,0.99962,0.00025,0.00013
ConfliBERT-2021,current,single,512,125,dev,Zimbabwe,2025,1,unchanged,0.99976,0.00015,9e-05
ConfliBERT-2021,current,single,512,125,dev,Zimbabwe,2025,2,unchanged,0.99977,0.00013,9e-05
ConfliBERT-2021,current,single,512,125,dev,Zimbabwe,2025,2,unchanged,0.99977,0.00014,9e-05
ConfliBERT-2021,current,single,512,125,dev,Zimbabwe,2025,3,deteriorated,0.62586,0.37372,0.00042
ConfliBERT-2021,current,single,512,125,test,Zimbabwe,2025,7,unchanged,0.99976,0.00013,0.00011
ConfliBERT-2021,current,single,512,125,test,Zimbabwe,2025,10,unchanged,0.99978,9e-05,0.00014
ConfliBERT-2021,current,single,512,125,test,Zimbabwe,2025,12,unchanged,0.99979,8e-05,0.00013
ConfliBERT-2021,current,single,512,125,test,Burundi,2025,7,unchanged,0.99977,0.00011,0.00013
ConfliBERT-2021,current,single,512,125,test,Burundi,2025,10,unchanged,0.99978,0.0001,0.00012
ConfliBERT-2021,current,single,512,125,test,DR Congo,2025,10,unchanged,0.99878,0.00107,0.00015
ConfliBERT-2021,current,single,512,125,test,DR Congo,2025,12,deteriorated,0.99724,0.00253,0.00023
ConfliBERT-2021,current,single,512,125,dev,Rwanda,2025,2,unchanged,0.99961,0.0003,8e-05
ConfliBERT-2021,current,single,512,125,dev,Rwanda,2025,2,unchanged,0.99961,0.00031,9e-05
ConfliBERT-2021,current,single,512,125,dev,Rwanda,2025,3,unchanged,0.99953,0.00011,0.00036
ConfliBERT-2021,current,single,512,125,test,Rwanda,2025,7,unchanged,0.99972,0.00013,0.00015
ConfliBERT-2021,current,single,512,125,test,Rwanda,2025,10,unchanged,0.99966,0.00013,0.00021
ConfliBERT-2021,current,single,512,125,test,Rwanda,2025,12,unchanged,0.98085,0.00025,0.0189
ConfliBERT-2021,current,single,512,125,dev,Uganda,2025,1,unchanged,0.99886,0.00105,9e-05
ConfliBERT-2021,current,single,512,125,dev,Uganda,2025,2,unchanged,0.00244,0.99744,0.00011
ConfliBERT-2021,current,single,512,125,dev,Uganda,2025,2,unchanged,0.00456,0.99532,0.00012
ConfliBERT-2021,current,single,512,125,dev,Uganda,2025,3,unchanged,0.92117,0.07863,0.0002
ConfliBERT-2021,current,single,512,125,test,Uganda,2025,7,unchanged,0.9903,0.00956,0.00014
ConfliBERT-2021,current,single,512,125,test,Uganda,2025,10,unchanged,0.00044,0.99946,9e-05
ConfliBERT-2021,current,single,512,125,dev,Eritrea,2025,1,unchanged,0.99978,7e-05,0.00015
ConfliBERT-2021,current,single,512,125,dev,Eritrea,2025,2,unchanged,0.00475,0.99516,0.0001
ConfliBERT-2021,current,single,512,125,dev,Eritrea,2025,2,unchanged,0.00475,0.99516,0.0001
ConfliBERT-2021,current,single,512,125,test,Eritrea,2025,7,unchanged,0.9996,0.00029,0.00012
ConfliBERT-2021,current,single,512,125,test,Eritrea,2025,10,unchanged,0.99944,0.00045,0.00011
ConfliBERT-2021,current,single,512,125,test,Eritrea,2025,12,unchanged,0.99977,0.0001,0.00012
ConfliBERT-2021,current,single,512,125,dev,Ethiopia,2025,1,unchanged,0.99977,9e-05,0.00014
ConfliBERT-2021,current,single,512,125,dev,Ethiopia,2025,2,unchanged,0.99973,0.00014,0.00012
ConfliBERT-2021,current,single,512,125,dev,Ethiopia,2025,2,unchanged,0.99974,0.00013,0.00012
ConfliBERT-2021,current,single,512,125,test,Ethiopia,2025,7,unchanged,0.9995,0.00042,8e-05
ConfliBERT-2021,current,single,512,125,test,Ethiopia,2025,10,unchanged,0.01117,0.98872,0.00011
ConfliBERT-2021,current,single,512,125,test,Ethiopia,2025,12,deteriorated,0.00047,0.99935,0.00019
ConfliBERT-2021,current,single,512,125,test,Nile Waters,2025,7,unchanged,0.99631,0.00282,0.00087
ConfliBERT-2021,current,single,512,125,test,Nile Waters,2025,10,unchanged,0.00143,0.99848,8e-05
ConfliBERT-2021,current,single,512,125,test,Nile Waters,2025,12,unchanged,0.99972,0.00017,0.00011
ConfliBERT-2021,current,single,512,125,dev,Somalia,2025,1,unchanged,0.99978,9e-05,0.00013
ConfliBERT-2021,current,single,512,125,dev,Somalia,2025,2,unchanged,0.99978,0.00012,0.0001
ConfliBERT-2021,current,single,512,125,dev,Somalia,2025,2,unchanged,0.99978,0.00012,0.0001
ConfliBERT-2021,current,single,512,125,dev,Somalia,2025,3,unchanged,0.99978,0.00012,0.0001
ConfliBERT-2021,current,single,512,125,test,Somalia,2025,7,deteriorated,0.99786,0.002,0.00014
ConfliBERT-2021,current,single,512,125,test,Somalia,2025,10,unchanged,0.99975,9e-05,0.00016
ConfliBERT-2021,current,single,512,125,test,Somalia,2025,12,unchanged,0.00051,0.00024,0.99925
ConfliBERT-2021,current,single,512,125,dev,Somaliland,2025,1,unchanged,0.99979,9e-05,0.00012
ConfliBERT-2021,current,single,512,125,dev,Somaliland,2025,2,unchanged,0.99972,0.00012,0.00016
ConfliBERT-2021,current,single,512,125,dev,Somaliland,2025,2,unchanged,0.99971,0.00012,0.00016
ConfliBERT-2021,current,single,512,125,dev,Somaliland,2025,3,unchanged,0.99874,0.00102,0.00024
ConfliBERT-2021,current,single,512,125,test,Somaliland,2025,7,unchanged,0.99971,7e-05,0.00021
ConfliBERT-2021,current,single,512,125,test,Somaliland,2025,10,unchanged,0.99971,8e-05,0.0002
ConfliBERT-2021,current,single,512,125,test,Somaliland,2025,12,unchanged,0.00052,0.9993,0.00017
ConfliBERT-2021,current,single,512,125,dev,South Sudan,2025,1,unchanged,0.99402,9e-05,0.00589
ConfliBERT-2021,current,single,512,125,dev,South Sudan,2025,2,unchanged,0.99978,0.00012,0.0001
ConfliBERT-2021,current,single,512,125,dev,South Sudan,2025,2,unchanged,0.99978,0.00012,0.0001
ConfliBERT-2021,current,single,512,125,test,South Sudan,2025,7,unchanged,0.99977,0.00013,0.0001
ConfliBERT-2021,current,single,512,125,test,South Sudan,2025,10,unchanged,0.9997,0.0002,0.0001
ConfliBERT-2021,current,single,512,125,test,South Sudan,2025,12,unchanged,0.99979,9e-05,0.00012
ConfliBERT-2021,current,single,512,125,dev,Sudan,2025,2,deteriorated,0.0009,0.99895,0.00015
ConfliBERT-2021,current,single,512,125,dev,Sudan,2025,2,deteriorated,0.00078,0.99908,0.00014
ConfliBERT-2021,current,single,512,125,dev,Sudan,2025,3,unchanged,0.00029,0.99937,0.00034
ConfliBERT-2021,current,single,512,125,test,Sudan,2025,7,unchanged,0.00171,0.99819,0.0001
ConfliBERT-2021,current,single,512,125,test,Sudan,2025,12,unchanged,0.33642,0.55793,0.10565
ConfliBERT-2021,current,single,512,125,dev,Burkina Faso,2025,1,unchanged,0.99975,0.00015,0.0001
ConfliBERT-2021,current,single,512,125,dev,Burkina Faso,2025,2,unchanged,0.99977,0.00013,0.0001
ConfliBERT-2021,current,single,512,125,dev,Burkina Faso,2025,2,unchanged,0.99977,0.00013,0.0001
ConfliBERT-2021,current,single,512,125,dev,Burkina Faso,2025,3,deteriorated,0.00044,0.99936,0.0002
ConfliBERT-2021,current,single,512,125,test,Burkina Faso,2025,7,unchanged,0.00034,0.99953,0.00014
ConfliBERT-2021,current,single,512,125,test,Burkina Faso,2025,10,unchanged,0.99978,0.00012,0.0001
ConfliBERT-2021,current,single,512,125,test,Burkina Faso,2025,12,unchanged,0.00184,0.99806,0.00011
ConfliBERT-2021,current,single,512,125,dev,Guinea,2025,1,unchanged,0.99973,0.00017,0.0001
ConfliBERT-2021,current,single,512,125,dev,Guinea,2025,2,unchanged,0.99976,8e-05,0.00016
ConfliBERT-2021,current,single,512,125,dev,Guinea,2025,2,unchanged,0.99977,8e-05,0.00015
ConfliBERT-2021,current,single,512,125,dev,Guinea,2025,3,unchanged,0.99977,0.00013,0.0001
ConfliBERT-2021,current,single,512,125,test,Guinea,2025,7,unchanged,0.99972,0.00017,0.00011
ConfliBERT-2021,current,single,512,125,test,Guinea,2025,10,unchanged,0.99979,9e-05,0.00012
ConfliBERT-2021,current,single,512,125,test,Guinea,2025,12,unchanged,0.96776,0.00027,0.03197
ConfliBERT-2021,current,single,512,125,dev,Nigeria,2025,1,unchanged,0.99977,0.00013,0.0001
ConfliBERT-2021,current,single,512,125,dev,Nigeria,2025,2,unchanged,0.99977,0.00012,0.00011
ConfliBERT-2021,current,single,512,125,dev,Nigeria,2025,2,unchanged,0.99978,0.00012,0.00011
ConfliBERT-2021,current,single,512,125,dev,Nigeria,2025,3,unchanged,0.98679,0.01306,0.00015
ConfliBERT-2021,current,single,512,125,test,Nigeria,2025,7,unchanged,0.99973,0.00018,9e-05
ConfliBERT-2021,current,single,512,125,test,Nigeria,2025,10,unchanged,0.99854,0.00136,0.00011
ConfliBERT-2021,current,single,512,125,test,Nigeria,2025,12,unchanged,0.99977,0.00014,9e-05
ConfliBERT-2021,current,single,512,125,dev,Senegal,2025,2,unchanged,0.49207,0.00025,0.50769
ConfliBERT-2021,current,single,512,125,dev,Senegal,2025,2,unchanged,0.49597,0.00025,0.50378
ConfliBERT-2021,current,single,512,125,dev,Kosovo,2025,1,unchanged,0.99979,0.00011,0.0001
ConfliBERT-2021,current,single,512,125,dev,Kosovo,2025,2,unchanged,0.99548,0.00407,0.00045
ConfliBERT-2021,current,single,512,125,dev,Kosovo,2025,3,unchanged,0.99968,0.0001,0.00022
ConfliBERT-2021,current,single,512,125,test,Kosovo,2025,7,unchanged,0.00068,0.99921,0.00011
ConfliBERT-2021,current,single,512,125,test,Kosovo,2025,10,unchanged,0.9931,0.0049,0.00201
ConfliBERT-2021,current,single,512,125,test,Kosovo,2025,12,unchanged,0.27506,0.00026,0.72468
ConfliBERT-2021,current,single,512,125,test,Kosovo,2026,3,unchanged,0.99875,0.0011,0.00015
ConfliBERT-2021,current,single,512,125,dev,Armenia,2025,1,unchanged,0.99971,0.00011,0.00018
ConfliBERT-2021,current,single,512,125,dev,Armenia,2025,2,unchanged,0.99979,0.00011,0.00011
ConfliBERT-2021,current,single,512,125,dev,Armenia,2025,3,unchanged,0.01649,0.00038,0.98313
ConfliBERT-2021,current,single,512,125,test,Armenia,2025,7,unchanged,0.00046,0.00016,0.99939
ConfliBERT-2021,current,single,512,125,test,Armenia,2025,10,unchanged,0.99317,7e-05,0.00676
ConfliBERT-2021,current,single,512,125,test,Armenia,2025,12,unchanged,0.74142,0.00034,0.25824
ConfliBERT-2021,current,single,512,125,test,Armenia,2026,3,unchanged,0.99965,0.00022,0.00013
ConfliBERT-2021,current,single,512,125,dev,Azerbaijan,2025,1,unchanged,0.99973,0.0001,0.00018
ConfliBERT-2021,current,single,512,125,dev,Azerbaijan,2025,2,unchanged,0.99979,0.00011,0.00011
ConfliBERT-2021,current,single,512,125,dev,Azerbaijan,2025,3,unchanged,0.0043,0.00026,0.99545
ConfliBERT-2021,current,single,512,125,test,Azerbaijan,2025,7,unchanged,0.00035,0.0002,0.99946
ConfliBERT-2021,current,single,512,125,test,Azerbaijan,2025,10,unchanged,0.99784,6e-05,0.0021
ConfliBERT-2021,current,single,512,125,test,Azerbaijan,2025,12,unchanged,0.99968,8e-05,0.00024
ConfliBERT-2021,current,single,512,125,test,Azerbaijan,2026,3,unchanged,0.99926,0.0006,0.00015
ConfliBERT-2021,current,single,512,125,dev,Georgia,2025,1,unchanged,0.99977,0.00013,0.0001
ConfliBERT-2021,current,single,512,125,dev,Georgia,2025,2,unchanged,0.99979,0.00011,0.0001
ConfliBERT-2021,current,single,512,125,dev,Georgia,2025,3,unchanged,0.99967,8e-05,0.00025
ConfliBERT-2021,current,single,512,125,test,Georgia,2025,7,unchanged,0.99731,0.0026,9e-05
ConfliBERT-2021,current,single,512,125,test,Georgia,2025,10,unchanged,0.86229,0.1375,0.00021
ConfliBERT-2021,current,single,512,125,test,Georgia,2025,12,unchanged,0.99975,0.00014,0.00011
ConfliBERT-2021,current,single,512,125,test,Georgia,2026,3,unchanged,0.9997,0.00021,8e-05
ConfliBERT-2021,current,single,512,125,dev,Belarus,2025,1,unchanged,0.99965,0.00016,0.00019
ConfliBERT-2021,current,single,512,125,dev,Belarus,2025,2,unchanged,0.99976,9e-05,0.00015
ConfliBERT-2021,current,single,512,125,dev,Belarus,2025,3,unchanged,0.99976,9e-05,0.00015
ConfliBERT-2021,current,single,512,125,test,Belarus,2025,7,unchanged,0.99976,0.0001,0.00015
ConfliBERT-2021,current,single,512,125,test,Belarus,2025,10,unchanged,0.99978,0.00011,0.0001
ConfliBERT-2021,current,single,512,125,test,Belarus,2025,12,unchanged,0.99968,9e-05,0.00023
ConfliBERT-2021,current,single,512,125,test,Belarus,2026,3,unchanged,0.99681,0.00026,0.00293
ConfliBERT-2021,current,single,512,125,dev,Ukraine,2025,1,unchanged,0.99978,0.00011,0.00012
ConfliBERT-2021,current,single,512,125,dev,Ukraine,2025,2,unchanged,0.99975,9e-05,0.00017
ConfliBERT-2021,current,single,512,125,dev,Ukraine,2025,3,unchanged,0.99977,0.0001,0.00013
ConfliBERT-2021,current,single,512,125,test,Ukraine,2025,12,unchanged,0.99966,0.00024,0.0001
ConfliBERT-2021,current,single,512,125,test,Ukraine,2026,3,unchanged,0.99977,0.00014,0.0001
ConfliBERT-2021,current,single,512,125,dev,Cyprus,2025,1,unchanged,0.99941,0.00011,0.00048
ConfliBERT-2021,current,single,512,125,dev,Cyprus,2025,2,unchanged,0.9997,0.00011,0.0002
ConfliBERT-2021,current,single,512,125,dev,Cyprus,2025,3,unchanged,0.99774,0.0001,0.00217
ConfliBERT-2021,current,single,512,125,test,Cyprus,2025,7,unchanged,0.99966,0.00012,0.00022
ConfliBERT-2021,current,single,512,125,test,Cyprus,2025,10,unchanged,0.99978,9e-05,0.00013
ConfliBERT-2021,current,single,512,125,test,Cyprus,2025,12,unchanged,0.99976,7e-05,0.00017
ConfliBERT-2021,current,single,512,125,test,Cyprus,2026,3,unchanged,0.99822,0.00018,0.0016
ConfliBERT-2021,current,single,512,125,dev,Türkiye,2025,1,unchanged,0.99977,9e-05,0.00014
ConfliBERT-2021,current,single,512,125,dev,Türkiye,2025,3,deteriorated,0.00031,0.99953,0.00016
ConfliBERT-2021,current,single,512,125,test,Türkiye,2025,7,improved,0.99961,7e-05,0.00031
ConfliBERT-2021,current,single,512,125,test,Türkiye,2025,10,unchanged,0.0127,0.00011,0.98719
ConfliBERT-2021,current,single,512,125,test,Türkiye,2025,12,unchanged,0.99975,8e-05,0.00017
ConfliBERT-2021,current,single,512,125,test,Türkiye,2026,3,unchanged,0.99973,0.00014,0.00013
ConfliBERT-2021,current,single,512,125,dev,Kyrgyzstan,2025,1,unchanged,0.99922,8e-05,0.0007
ConfliBERT-2021,current,single,512,125,dev,Kyrgyzstan,2025,2,unchanged,0.03861,0.00012,0.96128
ConfliBERT-2021,current,single,512,125,dev,Kyrgyzstan,2025,3,improved,0.00023,0.00029,0.99947
ConfliBERT-2021,current,single,512,125,test,Kyrgyzstan,2025,7,unchanged,0.99964,7e-05,0.00029
ConfliBERT-2021,current,single,512,125,test,Kyrgyzstan,2025,10,unchanged,0.99969,0.00021,0.00011
ConfliBERT-2021,current,single,512,125,test,Kyrgyzstan,2025,12,unchanged,0.99973,8e-05,0.00019
ConfliBERT-2021,current,single,512,125,test,Kyrgyzstan,2026,3,unchanged,0.99973,0.00018,9e-05
ConfliBERT-2021,current,single,512,125,dev,Tajikistan,2025,1,unchanged,0.99975,0.00012,0.00013
ConfliBERT-2021,current,single,512,125,dev,Tajikistan,2025,2,unchanged,0.00622,0.0001,0.99369
ConfliBERT-2021,current,single,512,125,dev,Tajikistan,2025,3,improved,0.00025,0.00027,0.99948
ConfliBERT-2021,current,single,512,125,test,Tajikistan,2025,7,unchanged,0.99939,6e-05,0.00054
ConfliBERT-2021,current,single,512,125,test,Tajikistan,2025,10,unchanged,0.99959,0.00013,0.00028
ConfliBERT-2021,current,single,512,125,test,Tajikistan,2025,12,unchanged,0.9997,0.00019,0.00011
ConfliBERT-2021,current,single,512,125,test,Tajikistan,2026,3,unchanged,0.9997,0.00012,0.00018
ConfliBERT-2021,current,single,512,125,dev,Uzbekistan,2025,1,unchanged,0.99957,9e-05,0.00034
ConfliBERT-2021,current,single,512,125,dev,Uzbekistan,2025,2,unchanged,0.9995,8e-05,0.00041
ConfliBERT-2021,current,single,512,125,dev,Uzbekistan,2025,3,unchanged,0.99923,7e-05,0.0007
ConfliBERT-2021,current,single,512,125,test,Uzbekistan,2025,7,unchanged,0.99975,8e-05,0.00016
ConfliBERT-2021,current,single,512,125,test,Uzbekistan,2025,10,unchanged,0.99967,0.00015,0.00017
ConfliBERT-2021,current,single,512,125,test,Uzbekistan,2025,12,unchanged,0.99971,7e-05,0.00022
ConfliBERT-2021,current,single,512,125,test,Uzbekistan,2026,3,unchanged,0.9997,0.00012,0.00018
ConfliBERT-2021,current,single,512,125,dev,Lebanon,2025,1,unchanged,0.99968,0.00019,0.00013
ConfliBERT-2021,current,single,512,125,dev,Lebanon,2025,2,unchanged,0.99958,0.0001,0.00032
ConfliBERT-2021,current,single,512,125,dev,Lebanon,2025,3,unchanged,0.00038,0.99949,0.00013
ConfliBERT-2021,current,single,512,125,test,Lebanon,2025,6,unchanged,0.99978,0.00011,0.00012
ConfliBERT-2021,current,single,512,125,test,Lebanon,2025,6,unchanged,0.99978,0.00011,0.00012
ConfliBERT-2021,current,single,512,125,test,Lebanon,2025,7,unchanged,0.99963,0.00029,9e-05
ConfliBERT-2021,current,single,512,125,test,Lebanon,2025,10,unchanged,0.99937,0.00053,9e-05
ConfliBERT-2021,current,single,512,125,test,Lebanon,2025,12,unchanged,0.99978,0.0001,0.00012
ConfliBERT-2021,current,single,512,125,dev,Syria,2025,1,unchanged,0.99969,0.0002,0.00011
ConfliBERT-2021,current,single,512,125,dev,Syria,2025,2,unchanged,0.99979,9e-05,0.00012
ConfliBERT-2021,current,single,512,125,dev,Syria,2025,3,deteriorated,0.00042,0.99943,0.00015
ConfliBERT-2021,current,single,512,125,test,Syria,2025,6,deteriorated,0.00023,0.99958,0.00019
ConfliBERT-2021,current,single,512,125,test,Syria,2025,6,deteriorated,0.00023,0.99958,0.00019
ConfliBERT-2021,current,single,512,125,test,Syria,2025,7,deteriorated,0.00032,0.99951,0.00017
ConfliBERT-2021,current,single,512,125,test,Syria,2025,10,improved,0.00099,0.00013,0.99888
ConfliBERT-2021,current,single,512,125,test,Syria,2025,12,deteriorated,0.00073,0.99912,0.00015
ConfliBERT-2021,current,single,512,125,dev,Iran,2025,1,unchanged,0.99976,0.0001,0.00014
ConfliBERT-2021,current,single,512,125,dev,Iran,2025,2,unchanged,0.69186,0.30701,0.00112
ConfliBERT-2021,current,single,512,125,dev,Iran,2025,3,unchanged,0.99621,0.00366,0.00012
ConfliBERT-2021,current,single,512,125,test,Iran,2025,7,unchanged,0.99845,0.00147,8e-05
ConfliBERT-2021,current,single,512,125,test,Iran,2025,10,unchanged,0.99974,0.00014,0.00011
ConfliBERT-2021,current,single,512,125,test,Iran,2025,12,deteriorated,0.00028,0.99959,0.00013
ConfliBERT-2021,current,single,512,125,dev,Iraq,2025,1,unchanged,0.99976,0.00013,0.00012
ConfliBERT-2021,current,single,512,125,dev,Iraq,2025,2,unchanged,0.99975,7e-05,0.00018
ConfliBERT-2021,current,single,512,125,dev,Iraq,2025,3,unchanged,0.99978,0.00011,0.00011
ConfliBERT-2021,current,single,512,125,test,Iraq,2025,6,unchanged,0.99962,0.0003,8e-05
ConfliBERT-2021,current,single,512,125,test,Iraq,2025,6,unchanged,0.99962,0.0003,8e-05
ConfliBERT-2021,current,single,512,125,test,Iraq,2025,7,unchanged,0.01248,9e-05,0.98743
ConfliBERT-2021,current,single,512,125,test,Iraq,2025,10,unchanged,0.99976,0.00012,0.00012
ConfliBERT-2021,current,single,512,125,test,Iraq,2025,12,unchanged,0.99972,7e-05,0.00021
ConfliBERT-2021,current,single,512,125,dev,Saudi Arabia,2025,1,unchanged,0.99975,8e-05,0.00017
ConfliBERT-2021,current,single,512,125,dev,Saudi Arabia,2025,2,unchanged,0.99972,0.00015,0.00013
ConfliBERT-2021,current,single,512,125,dev,Saudi Arabia,2025,3,unchanged,0.99978,0.00012,0.00011
ConfliBERT-2021,current,single,512,125,test,Saudi Arabia,2025,6,unchanged,0.99943,0.00044,0.00013
ConfliBERT-2021,current,single,512,125,test,Saudi Arabia,2025,6,unchanged,0.99943,0.00044,0.00013
ConfliBERT-2021,current,single,512,125,test,Saudi Arabia,2025,7,unchanged,0.99974,7e-05,0.00019
ConfliBERT-2021,current,single,512,125,test,Saudi Arabia,2025,10,unchanged,0.99974,0.00014,0.00012
ConfliBERT-2021,current,single,512,125,test,Saudi Arabia,2025,12,unchanged,0.99111,0.00859,0.00029
ConfliBERT-2021,current,single,512,125,test,Yemen,2025,6,unchanged,0.99968,8e-05,0.00023
ConfliBERT-2021,current,single,512,125,test,Yemen,2025,6,unchanged,0.99968,8e-05,0.00023
ConfliBERT-2021,current,single,512,125,test,Yemen,2025,7,deteriorated,0.95046,0.04854,0.001
ConfliBERT-2021,current,single,512,125,dev,Algeria,2025,1,unchanged,0.99951,0.00042,7e-05
ConfliBERT-2021,current,single,512,125,dev,Algeria,2025,2,unchanged,0.00047,0.99938,0.00015
ConfliBERT-2021,current,single,512,125,dev,Algeria,2025,3,unchanged,0.99972,7e-05,0.00021
ConfliBERT-2021,current,single,512,125,test,Algeria,2025,6,unchanged,0.99979,9e-05,0.00012
ConfliBERT-2021,current,single,512,125,test,Algeria,2025,6,unchanged,0.99979,9e-05,0.00012
ConfliBERT-2021,current,single,512,125,test,Algeria,2025,7,unchanged,0.99979,0.0001,0.00011
ConfliBERT-2021,current,single,512,125,test,Algeria,2025,10,unchanged,0.99951,0.00039,0.0001
ConfliBERT-2021,current,single,512,125,test,Algeria,2025,12,unchanged,0.00471,0.99519,0.0001
ConfliBERT-2021,current,single,512,125,dev,Egypt,2025,1,unchanged,0.99976,8e-05,0.00017
ConfliBERT-2021,current,single,512,125,dev,Egypt,2025,2,unchanged,0.99976,0.00013,0.00011
ConfliBERT-2021,current,single,512,125,dev,Egypt,2025,3,unchanged,0.99974,9e-05,0.00016
ConfliBERT-2021,current,single,512,125,test,Egypt,2025,6,unchanged,0.99959,0.00029,0.00013
ConfliBERT-2021,current,single,512,125,test,Egypt,2025,6,unchanged,0.99959,0.00029,0.00013
ConfliBERT-2021,current,single,512,125,test,Egypt,2025,7,unchanged,0.0008,0.99906,0.00014
ConfliBERT-2021,current,single,512,125,test,Egypt,2025,10,unchanged,0.99953,0.0001,0.00037
ConfliBERT-2021,current,single,512,125,test,Egypt,2025,12,unchanged,0.99977,8e-05,0.00015
ConfliBERT-2021,current,single,512,125,dev,Libya,2025,1,unchanged,0.99976,0.00012,0.00012
ConfliBERT-2021,current,single,512,125,dev,Libya,2025,2,unchanged,0.99976,8e-05,0.00017
ConfliBERT-2021,current,single,512,125,dev,Libya,2025,3,unchanged,0.73984,0.25971,0.00045
ConfliBERT-2021,current,single,512,125,test,Libya,2025,6,unchanged,0.99978,9e-05,0.00013
ConfliBERT-2021,current,single,512,125,test,Libya,2025,6,unchanged,0.99978,9e-05,0.00013
ConfliBERT-2021,current,single,512,125,test,Libya,2025,7,unchanged,0.99962,0.00028,9e-05
ConfliBERT-2021,current,single,512,125,test,Libya,2025,10,unchanged,0.99976,0.0001,0.00014
ConfliBERT-2021,current,single,512,125,test,Libya,2025,12,unchanged,0.99969,9e-05,0.00022
ConfliBERT-2021,current,single,512,125,dev,Tunisia,2025,1,unchanged,0.99973,0.00013,0.00015
ConfliBERT-2021,current,single,512,125,dev,Tunisia,2025,2,unchanged,0.9995,0.00036,0.00014
ConfliBERT-2021,current,single,512,125,dev,Tunisia,2025,3,unchanged,0.99805,0.00187,9e-05
ConfliBERT-2021,current,single,512,125,test,Tunisia,2025,6,unchanged,0.99977,0.00014,9e-05
ConfliBERT-2021,current,single,512,125,test,Tunisia,2025,6,unchanged,0.99977,0.00014,9e-05
ConfliBERT-2021,current,single,512,125,test,Tunisia,2025,7,unchanged,0.99836,0.00148,0.00017
ConfliBERT-2021,current,single,512,125,test,Tunisia,2025,10,unchanged,0.0003,0.99954,0.00016
ConfliBERT-2021,current,single,512,125,test,Tunisia,2025,12,unchanged,0.99977,0.00012,0.0001
ConfliBERT-2021,current,single,512,125,dev,Western Sahara,2025,1,unchanged,0.99858,0.0013,0.00012
ConfliBERT-2021,current,single,512,125,dev,Western Sahara,2025,2,unchanged,0.99975,0.0001,0.00015
ConfliBERT-2021,current,single,512,125,dev,Western Sahara,2025,3,unchanged,0.99976,0.0001,0.00015
ConfliBERT-2021,current,single,512,125,test,Western Sahara,2025,6,unchanged,0.99978,0.0001,0.00012
ConfliBERT-2021,current,single,512,125,test,Western Sahara,2025,6,unchanged,0.99978,0.0001,0.00012
ConfliBERT-2021,current,single,512,125,test,Western Sahara,2025,7,unchanged,0.99977,0.00012,0.00011
ConfliBERT-2021,current,single,512,125,test,Western Sahara,2025,10,unchanged,0.97043,0.00015,0.02942
ConfliBERT-2021,current,single,512,125,test,Western Sahara,2025,12,unchanged,0.99962,9e-05,0.00029
ConfliBERT-2021,current,single,512,125,dev,Central African Republic,2025,1,unchanged,0.99978,0.00012,0.0001
ConfliBERT-2021,current,single,512,125,dev,Central African Republic,2025,2,unchanged,0.99974,0.00016,0.0001
ConfliBERT-2021,current,single,512,125,dev,Central African Republic,2025,2,unchanged,0.99972,0.00017,0.0001
ConfliBERT-2021,current,single,512,125,dev,Central African Republic,2025,3,unchanged,0.99978,9e-05,0.00013
ConfliBERT-2021,current,single,512,125,test,Central African Republic,2025,7,unchanged,0.99977,0.00011,0.00011
ConfliBERT-2021,current,single,512,125,test,Central African Republic,2025,10,unchanged,0.99975,8e-05,0.00017
ConfliBERT-2021,current,single,512,125,dev,Mali,2025,1,unchanged,0.99976,0.00015,9e-05
ConfliBERT-2021,current,single,512,125,dev,Mali,2025,2,unchanged,0.99976,0.00014,0.0001
ConfliBERT-2021,current,single,512,125,dev,Mali,2025,2,unchanged,0.99976,0.00013,0.00011
ConfliBERT-2021,current,single,512,125,dev,Mali,2025,3,unchanged,0.99975,0.00016,9e-05
ConfliBERT-2021,current,single,512,125,test,Mali,2025,7,deteriorated,0.00058,0.99926,0.00016
ConfliBERT-2021,current,single,512,125,test,Mali,2025,12,unchanged,0.999,0.00053,0.00047
ConfliBERT-2021,current,single,512,125,dev,Niger,2025,1,unchanged,0.99977,0.00013,0.0001
ConfliBERT-2021,current,single,512,125,dev,Niger,2025,2,unchanged,0.99962,0.0001,0.00028
ConfliBERT-2021,current,single,512,125,dev,Niger,2025,2,unchanged,0.99965,0.00011,0.00024
ConfliBERT-2021,current,single,512,125,dev,Niger,2025,3,deteriorated,0.99583,0.00013,0.00404
ConfliBERT-2021,current,single,512,125,test,Niger,2025,7,unchanged,0.99974,0.00016,0.0001
ConfliBERT-2021,current,single,512,125,test,Niger,2025,10,unchanged,0.9997,0.00017,0.00013
ConfliBERT-2021,current,single,512,125,test,Niger,2025,12,unchanged,0.99978,0.00012,0.0001
ConfliBERT-2021,current,single,512,125,dev,Benin,2025,1,deteriorated,0.00055,0.99932,0.00014
ConfliBERT-2021,current,single,512,125,dev,Benin,2025,2,unchanged,0.99978,0.00011,0.00011
ConfliBERT-2021,current,single,512,125,dev,Benin,2025,2,unchanged,0.99979,0.0001,0.00011
ConfliBERT-2021,current,single,512,125,dev,Benin,2025,3,unchanged,0.99976,0.00011,0.00013
ConfliBERT-2021,current,single,512,125,test,Benin,2025,7,unchanged,0.99961,7e-05,0.00033
ConfliBERT-2021,current,single,512,125,test,Benin,2025,10,unchanged,0.99978,0.00012,0.0001
ConfliBERT-2021,current,single,512,125,test,Benin,2025,12,deteriorated,0.00035,0.99951,0.00014
ConfliBERT-2021,current,single,512,125,dev,Moldova,2025,1,deteriorated,0.00138,0.99851,0.00011
ConfliBERT-2021,current,single,512,125,dev,Moldova,2025,2,unchanged,0.98007,0.00016,0.01977
ConfliBERT-2021,current,single,512,125,test,Moldova,2026,3,unchanged,0.97635,0.02308,0.00057
ConfliBERT-2021,current,single,512,125,test,Israel/Palestine,2025,12,unchanged,0.99972,0.0001,0.00019
ConfliBERT-2021,current,single,512,125,dev,Colombia,2025,2,unchanged,0.99919,0.00071,0.0001
ConfliBERT-2021,current,single,512,125,dev,Colombia,2025,3,unchanged,0.99973,0.0001,0.00017
ConfliBERT-2021,current,single,512,125,test,Colombia,2025,7,unchanged,0.99964,0.00013,0.00023
ConfliBERT-2021,current,single,512,125,test,Colombia,2025,10,deteriorated,0.99955,0.00037,8e-05
ConfliBERT-2021,current,single,512,125,test,Colombia,2025,12,unchanged,0.00643,0.99349,9e-05
ConfliBERT-2021,current,single,512,125,dev,Ecuador,2025,1,deteriorated,0.00038,0.99952,0.0001
ConfliBERT-2021,current,single,512,125,dev,Ecuador,2025,2,unchanged,0.88761,0.09892,0.01348
ConfliBERT-2021,current,single,512,125,dev,Ecuador,2025,3,unchanged,0.99979,0.0001,0.00011
ConfliBERT-2021,current,single,512,125,test,Ecuador,2025,7,unchanged,0.99979,0.00011,0.0001
ConfliBERT-2021,current,single,512,125,test,Ecuador,2025,10,unchanged,0.99977,0.00012,0.00011
ConfliBERT-2021,current,single,512,125,test,Ecuador,2025,12,unchanged,0.99939,0.00035,0.00026
ConfliBERT-2021,current,single,512,125,dev,Venezuela,2025,1,unchanged,0.99841,0.0015,9e-05
ConfliBERT-2021,current,single,512,125,dev,Venezuela,2025,2,unchanged,0.99974,0.00013,0.00013
ConfliBERT-2021,current,single,512,125,dev,Venezuela,2025,3,unchanged,0.99978,0.00012,0.00011
ConfliBERT-2021,current,single,512,125,test,Venezuela,2025,7,unchanged,0.99979,9e-05,0.00012
ConfliBERT-2021,current,single,512,125,dev,El Salvador,2025,1,unchanged,0.9996,0.0001,0.0003
ConfliBERT-2021,current,single,512,125,dev,El Salvador,2025,2,unchanged,0.98619,0.01352,0.00029
ConfliBERT-2021,current,single,512,125,dev,El Salvador,2025,3,unchanged,0.99973,0.0001,0.00017
ConfliBERT-2021,current,single,512,125,test,El Salvador,2025,7,deteriorated,0.41837,0.58086,0.00077
ConfliBERT-2021,current,single,512,125,test,El Salvador,2025,10,unchanged,0.99978,9e-05,0.00013
ConfliBERT-2021,current,single,512,125,test,El Salvador,2025,12,unchanged,0.99978,0.00011,0.00011
ConfliBERT-2021,current,single,512,125,test,Honduras,2025,12,deteriorated,0.00035,0.9995,0.00014
ConfliBERT-2021,current,single,512,125,dev,Mexico,2025,1,unchanged,0.99972,0.00019,8e-05
ConfliBERT-2021,current,single,512,125,dev,Mexico,2025,2,unchanged,0.99977,0.00013,0.0001
ConfliBERT-2021,current,single,512,125,dev,Mexico,2025,3,unchanged,0.99978,0.0001,0.00012
ConfliBERT-2021,current,single,512,125,test,Mexico,2025,7,unchanged,0.99979,0.00011,0.0001
ConfliBERT-2021,current,single,512,125,test,Mexico,2025,10,unchanged,0.99978,0.00014,8e-05
ConfliBERT-2021,current,single,512,125,test,Mexico,2025,12,unchanged,0.99978,0.00013,9e-05
ConfliBERT-2021,current,single,512,125,dev,Nicaragua,2025,1,unchanged,0.99938,0.00034,0.00028
ConfliBERT-2021,current,single,512,125,dev,Nicaragua,2025,2,deteriorated,0.95555,0.03605,0.0084
ConfliBERT-2021,current,single,512,125,dev,Nicaragua,2025,3,unchanged,0.99977,0.00011,0.00011
ConfliBERT-2021,current,single,512,125,test,Nicaragua,2025,7,unchanged,0.99978,0.00013,9e-05
ConfliBERT-2021,current,single,512,125,test,Nicaragua,2025,10,unchanged,0.99979,9e-05,0.00012
ConfliBERT-2021,current,single,512,125,test,Nicaragua,2025,12,unchanged,0.99978,0.00012,0.0001
ConfliBERT-2021,current,single,512,125,dev,Haiti,2025,1,unchanged,0.99975,0.00012,0.00013
ConfliBERT-2021,current,single,512,125,dev,Haiti,2025,2,unchanged,0.99976,0.00016,8e-05
ConfliBERT-2021,current,single,512,125,dev,Haiti,2025,3,deteriorated,0.99944,0.00048,8e-05
ConfliBERT-2021,current,single,512,125,test,Haiti,2025,7,unchanged,0.99965,0.00027,8e-05
ConfliBERT-2021,current,single,512,125,test,Haiti,2025,10,unchanged,0.99974,0.00012,0.00013
ConfliBERT-2021,current,single,512,125,test,Haiti,2025,12,unchanged,0.99964,0.00013,0.00024
ConfliBERT-2021,current,single,512,125,dev,China/Japan,2025,1,unchanged,0.99979,9e-05,0.00011
ConfliBERT-2021,current,single,512,125,dev,China/Japan,2025,2,unchanged,0.99978,0.0001,0.00012
ConfliBERT-2021,current,single,512,125,dev,China/Japan,2025,3,unchanged,0.99978,9e-05,0.00013
ConfliBERT-2021,current,single,512,125,test,China/Japan,2025,6,unchanged,0.99978,0.00011,0.00011
ConfliBERT-2021,current,single,512,125,test,China/Japan,2025,6,unchanged,0.99978,0.00011,0.00011
ConfliBERT-2021,current,single,512,125,test,China/Japan,2025,7,unchanged,0.99977,0.00011,0.00011
ConfliBERT-2021,current,single,512,125,test,China/Japan,2025,7,unchanged,0.99977,0.00011,0.00011
ConfliBERT-2021,current,single,512,125,test,China/Japan,2025,10,unchanged,0.99978,0.0001,0.00012
ConfliBERT-2021,current,single,512,125,test,China/Japan,2025,12,unchanged,0.99972,0.00015,0.00013
ConfliBERT-2021,current,single,512,125,dev,Korean Peninsula,2025,1,unchanged,0.99978,0.0001,0.00012
ConfliBERT-2021,current,single,512,125,dev,Korean Peninsula,2025,2,unchanged,0.99973,0.00015,0.00012
ConfliBERT-2021,current,single,512,125,dev,Korean Peninsula,2025,3,unchanged,0.99978,0.00011,0.00011
ConfliBERT-2021,current,single,512,125,test,Korean Peninsula,2025,6,unchanged,0.01484,0.00427,0.9809
ConfliBERT-2021,current,single,512,125,test,Korean Peninsula,2025,6,unchanged,0.01484,0.00427,0.9809
ConfliBERT-2021,current,single,512,125,test,Korean Peninsula,2025,7,unchanged,0.99975,0.00013,0.00012
ConfliBERT-2021,current,single,512,125,test,Korean Peninsula,2025,7,unchanged,0.99975,0.00013,0.00012
ConfliBERT-2021,current,single,512,125,test,Korean Peninsula,2025,10,unchanged,0.99965,8e-05,0.00027
ConfliBERT-2021,current,single,512,125,test,Korean Peninsula,2025,12,unchanged,0.99974,0.00015,0.0001
ConfliBERT-2021,current,single,512,125,dev,Taiwan Strait,2025,1,unchanged,0.99976,0.00012,0.00012
ConfliBERT-2021,current,single,512,125,dev,Taiwan Strait,2025,2,unchanged,0.99978,0.00011,0.00011
ConfliBERT-2021,current,single,512,125,dev,Taiwan Strait,2025,3,unchanged,0.99977,0.0001,0.00013
ConfliBERT-2021,current,single,512,125,test,Taiwan Strait,2025,6,unchanged,0.99977,0.00011,0.00011
ConfliBERT-2021,current,single,512,125,test,Taiwan Strait,2025,6,unchanged,0.99977,0.00011,0.00011
ConfliBERT-2021,current,single,512,125,test,Taiwan Strait,2025,7,unchanged,0.99978,0.0001,0.00011
ConfliBERT-2021,current,single,512,125,test,Taiwan Strait,2025,7,unchanged,0.99978,0.0001,0.00011
ConfliBERT-2021,current,single,512,125,test,Taiwan Strait,2025,10,unchanged,0.99973,0.00011,0.00016
ConfliBERT-2021,current,single,512,125,test,Taiwan Strait,2025,12,deteriorated,0.00154,0.99818,0.00029
ConfliBERT-2021,current,single,512,125,dev,Afghanistan,2025,1,unchanged,0.99976,0.00014,0.0001
ConfliBERT-2021,current,single,512,125,dev,Afghanistan,2025,2,unchanged,0.99978,0.00013,9e-05
ConfliBERT-2021,current,single,512,125,dev,Afghanistan,2025,3,unchanged,0.99976,8e-05,0.00015
ConfliBERT-2021,current,single,512,125,test,Afghanistan,2025,7,unchanged,0.00297,0.99694,9e-05
ConfliBERT-2021,current,single,512,125,test,Afghanistan,2025,7,unchanged,0.00297,0.99694,9e-05
ConfliBERT-2021,current,single,512,125,test,Afghanistan,2025,12,unchanged,0.99971,0.00018,0.00011
ConfliBERT-2021,current,single,512,125,dev,Bangladesh,2025,1,unchanged,0.99978,9e-05,0.00013
ConfliBERT-2021,current,single,512,125,dev,Bangladesh,2025,2,unchanged,0.99977,0.00013,0.00011
ConfliBERT-2021,current,single,512,125,dev,Bangladesh,2025,3,unchanged,0.99977,0.00012,0.00012
ConfliBERT-2021,current,single,512,125,test,Bangladesh,2025,6,unchanged,0.99978,0.00011,0.00011
ConfliBERT-2021,current,single,512,125,test,Bangladesh,2025,6,unchanged,0.99978,0.00011,0.00011
ConfliBERT-2021,current,single,512,125,test,Bangladesh,2025,7,unchanged,0.99861,0.00131,7e-05
ConfliBERT-2021,current,single,512,125,test,Bangladesh,2025,7,unchanged,0.99861,0.00131,7e-05
ConfliBERT-2021,current,single,512,125,test,Bangladesh,2025,10,unchanged,0.99906,7e-05,0.00087
ConfliBERT-2021,current,single,512,125,test,Bangladesh,2025,12,deteriorated,0.00036,0.99949,0.00015
ConfliBERT-2021,current,single,512,125,dev,India,2025,1,unchanged,0.99976,0.00015,0.0001
ConfliBERT-2021,current,single,512,125,dev,India,2025,2,unchanged,0.99978,0.00011,0.00011
ConfliBERT-2021,current,single,512,125,dev,India,2025,3,unchanged,0.99978,0.0001,0.00012
ConfliBERT-2021,current,single,512,125,test,India,2025,6,unchanged,0.99976,0.00014,0.00011
ConfliBERT-2021,current,single,512,125,test,India,2025,6,unchanged,0.99976,0.00014,0.00011
ConfliBERT-2021,current,single,512,125,test,India,2025,7,unchanged,0.99977,8e-05,0.00015
ConfliBERT-2021,current,single,512,125,test,India,2025,7,unchanged,0.99977,8e-05,0.00015
ConfliBERT-2021,current,single,512,125,test,India,2025,10,improved,0.99797,0.00158,0.00044
ConfliBERT-2021,current,single,512,125,test,India,2025,12,unchanged,0.99977,0.00014,9e-05
ConfliBERT-2021,current,single,512,125,dev,Pakistan,2025,1,unchanged,0.999,0.00085,0.00015
ConfliBERT-2021,current,single,512,125,dev,Pakistan,2025,2,unchanged,0.99959,0.00026,0.00015
ConfliBERT-2021,current,single,512,125,dev,Pakistan,2025,3,unchanged,0.00037,0.99948,0.00016
ConfliBERT-2021,current,single,512,125,test,Pakistan,2025,6,unchanged,0.99978,0.0001,0.00012
ConfliBERT-2021,current,single,512,125,test,Pakistan,2025,6,unchanged,0.99978,0.0001,0.00012
ConfliBERT-2021,current,single,512,125,test,Pakistan,2025,7,unchanged,0.99975,0.00015,0.0001
ConfliBERT-2021,current,single,512,125,test,Pakistan,2025,7,unchanged,0.99975,0.00015,0.0001
ConfliBERT-2021,current,single,512,125,test,Pakistan,2025,12,unchanged,0.99979,0.00011,0.0001
ConfliBERT-2021,current,single,512,125,dev,Sri Lanka,2025,1,unchanged,0.99977,0.0001,0.00013
ConfliBERT-2021,current,single,512,125,dev,Sri Lanka,2025,2,unchanged,0.99935,0.00011,0.00054
ConfliBERT-2021,current,single,512,125,dev,Sri Lanka,2025,3,unchanged,0.99964,9e-05,0.00027
ConfliBERT-2021,current,single,512,125,test,Sri Lanka,2025,6,unchanged,0.99959,8e-05,0.00034
ConfliBERT-2021,current,single,512,125,test,Sri Lanka,2025,6,unchanged,0.99959,8e-05,0.00034
ConfliBERT-2021,current,single,512,125,test,Sri Lanka,2025,7,unchanged,0.99976,9e-05,0.00016
ConfliBERT-2021,current,single,512,125,test,Sri Lanka,2025,7,unchanged,0.99976,9e-05,0.00016
ConfliBERT-2021,current,single,512,125,test,Sri Lanka,2025,10,unchanged,0.99975,0.0001,0.00015
ConfliBERT-2021,current,single,512,125,test,Sri Lanka,2025,12,unchanged,0.04568,0.95413,0.00019
ConfliBERT-2021,current,single,512,125,dev,Myanmar,2025,1,unchanged,0.00124,0.9987,7e-05
ConfliBERT-2021,current,single,512,125,dev,Myanmar,2025,2,unchanged,0.00125,0.99867,7e-05
ConfliBERT-2021,current,single,512,125,dev,Myanmar,2025,3,unchanged,0.99978,0.0001,0.00013
ConfliBERT-2021,current,single,512,125,test,Myanmar,2025,6,unchanged,0.99976,0.00013,0.00011
ConfliBERT-2021,current,single,512,125,test,Myanmar,2025,6,unchanged,0.99976,0.00013,0.00011
ConfliBERT-2021,current,single,512,125,test,Myanmar,2025,7,unchanged,0.99932,0.00059,9e-05
ConfliBERT-2021,current,single,512,125,test,Myanmar,2025,7,unchanged,0.99932,0.00059,9e-05
ConfliBERT-2021,current,single,512,125,test,Myanmar,2025,10,unchanged,0.99966,0.00025,9e-05
ConfliBERT-2021,current,single,512,125,test,Myanmar,2025,12,unchanged,0.99866,0.00124,0.0001
ConfliBERT-2021,current,single,512,125,dev,Philippines,2025,1,unchanged,0.99979,0.00011,0.0001
ConfliBERT-2021,current,single,512,125,dev,Philippines,2025,2,unchanged,0.99979,0.00011,0.0001
ConfliBERT-2021,current,single,512,125,dev,Philippines,2025,3,unchanged,0.99978,0.0001,0.00012
ConfliBERT-2021,current,single,512,125,test,Philippines,2025,6,unchanged,0.99979,0.0001,0.00011
ConfliBERT-2021,current,single,512,125,test,Philippines,2025,6,unchanged,0.99979,0.0001,0.00011
ConfliBERT-2021,current,single,512,125,test,Philippines,2025,7,unchanged,0.99978,0.00012,0.0001
ConfliBERT-2021,current,single,512,125,test,Philippines,2025,7,unchanged,0.99978,0.00012,0.0001
ConfliBERT-2021,current,single,512,125,test,Philippines,2025,10,unchanged,0.81323,0.18576,0.00101
ConfliBERT-2021,current,single,512,125,test,Philippines,2025,12,unchanged,0.99972,0.00011,0.00017
ConfliBERT-2021,current,single,512,125,dev,South China Sea,2025,1,unchanged,0.99975,0.00013,0.00012
ConfliBERT-2021,current,single,512,125,dev,South China Sea,2025,2,unchanged,0.9997,0.00019,0.00011
ConfliBERT-2021,current,single,512,125,dev,South China Sea,2025,3,unchanged,0.99978,9e-05,0.00013
ConfliBERT-2021,current,single,512,125,test,South China Sea,2025,6,unchanged,0.99977,8e-05,0.00015
ConfliBERT-2021,current,single,512,125,test,South China Sea,2025,6,unchanged,0.99977,8e-05,0.00015
ConfliBERT-2021,current,single,512,125,test,South China Sea,2025,7,unchanged,0.99978,0.0001,0.00012
ConfliBERT-2021,current,single,512,125,test,South China Sea,2025,7,unchanged,0.99978,0.0001,0.00012
ConfliBERT-2021,current,single,512,125,test,South China Sea,2025,10,unchanged,0.99978,0.00011,0.00011
ConfliBERT-2021,current,single,512,125,test,South China Sea,2025,12,unchanged,0.99977,9e-05,0.00014
ConfliBERT-2021,current,single,512,125,dev,Thailand,2025,1,unchanged,0.99977,0.00012,0.00011
ConfliBERT-2021,current,single,512,125,dev,Thailand,2025,2,unchanged,0.99733,0.0001,0.00257
ConfliBERT-2021,current,single,512,125,dev,Thailand,2025,3,unchanged,0.73072,0.26882,0.00047
ConfliBERT-2021,current,single,512,125,test,Thailand,2025,6,deteriorated,0.00101,0.99888,0.00011
ConfliBERT-2021,current,single,512,125,test,Thailand,2025,6,deteriorated,0.00101,0.99888,0.00011
ConfliBERT-2021,current,single,512,125,test,Thailand,2025,7,unchanged,0.03473,0.00045,0.96482
ConfliBERT-2021,current,single,512,125,test,Thailand,2025,7,unchanged,0.03473,0.00045,0.96482
ConfliBERT-2021,current,single,512,125,test,Thailand,2025,10,improved,0.96099,0.00026,0.03875
ConfliBERT-2021,current,single,512,125,test,Thailand,2025,12,unchanged,0.00037,0.99949,0.00014
ConfliBERT-2021,current,single,512,125,test,Guatemala,2025,10,unchanged,0.99972,0.00016,0.00012
ConfliBERT-2021,current,single,512,125,dev,Bolivia,2025,1,unchanged,0.99979,0.0001,0.00011
ConfliBERT-2021,current,single,512,125,dev,Bolivia,2025,2,unchanged,0.99963,0.00017,0.00021
ConfliBERT-2021,current,single,512,125,test,Bolivia,2025,10,improved,0.00868,0.00015,0.99117
ConfliBERT-2021,current,single,512,125,test,Bolivia,2025,12,unchanged,0.00924,0.99061,0.00015
ConfliBERT-2021,current,single,512,125,dev,Peru,2025,3,unchanged,0.05918,0.94038,0.00044
ConfliBERT-2021,current,single,512,125,test,Peru,2025,10,deteriorated,0.00036,0.99954,0.00011
ConfliBERT-2021,current,single,512,125,test,Madagascar,2025,10,deteriorated,0.83946,0.16021,0.00032
ConfliBERT-2021,current,single,512,125,dev,Guinea-Bissau,2025,2,deteriorated,0.00061,0.99927,0.00012
ConfliBERT-2021,current,single,512,125,dev,Guinea-Bissau,2025,2,deteriorated,0.00428,0.99562,0.0001
ConfliBERT-2021,current,single,512,125,dev,Guinea-Bissau,2025,3,unchanged,0.99975,0.00014,0.00011
ConfliBERT-2021,current,single,512,125,test,Guinea-Bissau,2025,12,unchanged,0.99837,0.00016,0.00147
ConfliBERT-2021,current,single,512,125,dev,Guyana,2025,3,unchanged,0.99975,0.00013,0.00012
ConfliBERT-2021,current,single,512,125,dev,Jordan,2025,2,unchanged,0.99947,0.00044,9e-05
ConfliBERT-2021,current,single,512,125,test,Kazakhstan,2026,3,unchanged,0.99938,0.00015,0.00047
ConfliBERT-2021,current,single,512,125,dev,Togo,2025,2,unchanged,0.99979,8e-05,0.00013
ConfliBERT-2021,current,single,512,125,dev,Togo,2025,2,unchanged,0.99978,9e-05,0.00013
ConfliBERT-2021,current,single,512,125,dev,Togo,2025,3,unchanged,0.99893,7e-05,0.001
ConfliBERT-2021,current,single,512,125,test,Togo,2025,7,unchanged,0.99969,0.00015,0.00016
ConfliBERT-2021,current,single,512,125,test,Togo,2025,10,unchanged,0.99975,0.0001,0.00014
ConfliBERT-2021,current,single,512,125,test,Papua New Guinea,2025,10,unchanged,0.99799,8e-05,0.00193
ConfliBERT-2021,current,single,512,125,test,Cambodia,2025,7,unchanged,0.00032,0.00031,0.99937
ConfliBERT-2021,current,single,512,125,test,Cambodia,2025,7,unchanged,0.00032,0.00031,0.99937
ConfliBERT-2021,current,single,512,125,test,Brazil,2025,10,unchanged,0.00037,0.99944,0.00019
ConfliBERT-2021,current,single,512,125,test,Angola,2025,7,deteriorated,0.02546,0.97433,0.00021
ConfliBERT-2021,current,single,512,125,dev,Indonesia,2025,1,unchanged,0.99974,0.0001,0.00016
ConfliBERT-2021,current,single,512,125,dev,Indonesia,2025,2,unchanged,0.9997,0.0002,0.0001
ConfliBERT-2021,current,single,512,125,dev,Indonesia,2025,3,unchanged,0.99932,0.0006,7e-05
ConfliBERT-2021,current,single,512,125,test,Indonesia,2025,6,unchanged,0.99978,8e-05,0.00014
ConfliBERT-2021,current,single,512,125,test,Indonesia,2025,6,unchanged,0.99978,8e-05,0.00014
ConfliBERT-2021,current,single,512,125,test,Indonesia,2025,7,unchanged,0.99973,0.00011,0.00016
ConfliBERT-2021,current,single,512,125,test,Indonesia,2025,7,unchanged,0.99973,0.00011,0.00016
ConfliBERT-2021,current,single,512,125,test,Indonesia,2025,10,unchanged,0.99967,0.00021,0.00011
ConfliBERT-2021,current,single,512,125,test,Indonesia,2025,12,unchanged,0.99976,0.0001,0.00014
ConfliBERT-2021,current,single,512,125,test,Ghana,2025,7,unchanged,0.99924,0.00065,0.00012
ConfliBERT-2021,current,single,512,125,dev,South Africa,2025,1,unchanged,0.99978,0.00011,0.00011
ConfliBERT-2021,current,single,512,125,dev,South Africa,2025,2,unchanged,0.99958,0.0003,0.00012
ConfliBERT-2021,current,single,512,125,dev,South Africa,2025,2,unchanged,0.99958,0.0003,0.00012
ConfliBERT-2021,current,single,512,125,dev,South Africa,2025,3,unchanged,0.99928,0.00064,8e-05
ConfliBERT-2021,current,single,512,125,test,South Africa,2025,7,unchanged,0.99974,0.00014,0.00012
ConfliBERT-2021,current,single,512,125,test,South Africa,2025,10,unchanged,0.99976,8e-05,0.00016
ConfliBERT-2021,current,single,512,125,test,South Africa,2025,12,unchanged,0.99975,0.00012,0.00013
ConfliBERT-2021,current,single,512,125,test,Qatar,2025,6,unchanged,0.00037,0.99947,0.00016
ConfliBERT-2021,current,single,512,125,test,Qatar,2025,6,unchanged,0.00037,0.99947,0.00016
ConfliBERT-2021,current,single,512,125,test,Morocco,2025,10,deteriorated,0.00058,0.9993,0.00012
ConfliBERT-2021,current,single,512,125,dev,Comoros Islands,2025,1,unchanged,0.99972,0.00015,0.00014
ConfliBERT-2021,current,single,512,125,dev,Russia/U.S.,2025,1,unchanged,0.99962,0.00025,0.00013
ConfliBERT-2021,current,single,512,125,dev,Russia/U.S.,2025,2,unchanged,0.99972,8e-05,0.00021
ConfliBERT-2021,current,single,512,125,dev,Amazon,2025,1,unchanged,0.99974,0.00011,0.00015
ConfliBERT-2021,current,single,512,125,dev,Amazon,2025,2,unchanged,0.99976,0.00011,0.00013
ConfliBERT-2021,current,single,512,125,dev,Amazon,2025,3,unchanged,0.99408,0.00547,0.00045
ConfliBERT-2021,current,single,512,125,test,Amazon,2025,7,deteriorated,0.00032,0.99949,0.00019
ConfliBERT-2021,current,single,512,125,test,Amazon,2025,10,unchanged,0.99956,8e-05,0.00037
ConfliBERT-2021,current,single,512,125,test,Amazon,2025,12,unchanged,0.9997,0.00011,0.00019
ConfliBERT-2021,current,single,512,125,test,China-U.S.,2025,6,unchanged,0.99799,7e-05,0.00194
ConfliBERT-2021,current,single,512,125,test,China-U.S.,2025,6,unchanged,0.99799,7e-05,0.00194
ConfliBERT-2021,current,single,512,125,test,China-U.S.,2025,10,improved,0.00049,0.00466,0.99485
ConfliBERT-2021,current,single,512,125,test,China-U.S.,2025,12,unchanged,0.99975,0.00011,0.00014
ConfliBERT-2021,current,single,512,125,dev,Cook Islands,2025,2,unchanged,0.88002,0.1191,0.00088
ConfliBERT-2021,current,single,512,125,dev,Tasman Sea,2025,2,unchanged,0.37358,0.62563,0.00079
ConfliBERT-2021,current,single,512,125,test,New Caledonia,2025,7,improved,0.00035,0.00077,0.99889
ConfliBERT-2021,current,single,512,125,test,New Caledonia,2025,7,improved,0.00035,0.00077,0.99889
ConfliBERT-2021,full,window,512,123,dev,Cameroon,2025,1,unchanged,0.80573,0.1775,0.01677
ConfliBERT-2021,full,window,512,123,dev,Cameroon,2025,2,unchanged,0.78552,0.19861,0.01587
ConfliBERT-2021,full,window,512,123,dev,Cameroon,2025,2,unchanged,0.77683,0.20794,0.01523
ConfliBERT-2021,full,window,512,123,dev,Cameroon,2025,3,unchanged,0.7931,0.19042,0.01648
ConfliBERT-2021,full,window,512,123,test,Cameroon,2025,7,unchanged,0.75329,0.23132,0.01539
ConfliBERT-2021,full,window,512,123,test,Cameroon,2025,12,unchanged,0.84762,0.13451,0.01787
ConfliBERT-2021,full,window,512,123,dev,Chad,2025,1,unchanged,0.57352,0.40989,0.0166
ConfliBERT-2021,full,window,512,123,dev,Chad,2025,2,unchanged,0.55626,0.42762,0.01613
ConfliBERT-2021,full,window,512,123,dev,Chad,2025,2,unchanged,0.51496,0.46929,0.01575
ConfliBERT-2021,full,window,512,123,dev,Chad,2025,3,unchanged,0.55505,0.42846,0.01649
ConfliBERT-2021,full,window,512,123,test,Chad,2025,7,unchanged,0.7596,0.22054,0.01986
ConfliBERT-2021,full,window,512,123,test,Chad,2025,10,deteriorated,0.80558,0.17799,0.01643
ConfliBERT-2021,full,window,512,123,test,Chad,2025,12,unchanged,0.76296,0.22189,0.01515
ConfliBERT-2021,full,window,512,123,dev,Gabon,2025,1,unchanged,0.89958,0.07992,0.02051
ConfliBERT-2021,full,window,512,123,dev,Gabon,2025,3,unchanged,0.83904,0.14354,0.01741
ConfliBERT-2021,full,window,512,123,dev,Kenya,2025,1,unchanged,0.84853,0.1273,0.02417
ConfliBERT-2021,full,window,512,123,dev,Kenya,2025,2,unchanged,0.84266,0.13094,0.02639
ConfliBERT-2021,full,window,512,123,dev,Kenya,2025,2,unchanged,0.81491,0.15604,0.02905
ConfliBERT-2021,full,window,512,123,dev,Kenya,2025,3,unchanged,0.85628,0.11813,0.02558
ConfliBERT-2021,full,window,512,123,test,Kenya,2025,7,deteriorated,0.51442,0.46065,0.02493
ConfliBERT-2021,full,window,512,123,test,Kenya,2025,10,unchanged,0.40543,0.564,0.03057
ConfliBERT-2021,full,window,512,123,test,Kenya,2025,12,unchanged,0.72074,0.24817,0.03109
ConfliBERT-2021,full,window,512,123,dev,Mozambique,2025,1,improved,0.69821,0.24661,0.05518
ConfliBERT-2021,full,window,512,123,dev,Mozambique,2025,2,unchanged,0.53399,0.43216,0.03386
ConfliBERT-2021,full,window,512,123,dev,Mozambique,2025,2,unchanged,0.55951,0.40296,0.03752
ConfliBERT-2021,full,window,512,123,dev,Mozambique,2025,3,improved,0.56047,0.40501,0.03452
ConfliBERT-2021,full,window,512,123,test,Mozambique,2025,7,unchanged,0.61937,0.34013,0.0405
ConfliBERT-2021,full,window,512,123,test,Mozambique,2025,10,unchanged,0.61667,0.34585,0.03748
ConfliBERT-2021,full,window,512,123,test,Mozambique,2025,12,unchanged,0.69017,0.26241,0.04742
ConfliBERT-2021,full,window,512,123,dev,Tanzania,2025,1,unchanged,0.85683,0.11373,0.02943
ConfliBERT-2021,full,window,512,123,dev,Tanzania,2025,2,unchanged,0.84684,0.12196,0.0312
ConfliBERT-2021,full,window,512,123,dev,Tanzania,2025,2,unchanged,0.85369,0.11433,0.03198
ConfliBERT-2021,full,window,512,123,dev,Tanzania,2025,3,unchanged,0.82197,0.14305,0.03497
ConfliBERT-2021,full,window,512,123,test,Tanzania,2025,7,unchanged,0.8404,0.1236,0.036
ConfliBERT-2021,full,window,512,123,test,Tanzania,2025,12,unchanged,0.52244,0.45746,0.0201
ConfliBERT-2021,full,window,512,123,dev,Zimbabwe,2025,1,unchanged,0.90271,0.07721,0.02008
ConfliBERT-2021,full,window,512,123,dev,Zimbabwe,2025,2,unchanged,0.90509,0.07585,0.01905
ConfliBERT-2021,full,window,512,123,dev,Zimbabwe,2025,2,unchanged,0.90607,0.07487,0.01906
ConfliBERT-2021,full,window,512,123,dev,Zimbabwe,2025,3,deteriorated,0.89503,0.0868,0.01817
ConfliBERT-2021,full,window,512,123,test,Zimbabwe,2025,7,unchanged,0.88876,0.09018,0.02106
ConfliBERT-2021,full,window,512,123,test,Zimbabwe,2025,10,unchanged,0.89865,0.07868,0.02267
ConfliBERT-2021,full,window,512,123,test,Zimbabwe,2025,12,unchanged,0.90345,0.07471,0.02184
ConfliBERT-2021,full,window,512,123,test,Burundi,2025,7,unchanged,0.82766,0.15161,0.02072
ConfliBERT-2021,full,window,512,123,test,Burundi,2025,10,unchanged,0.85169,0.13147,0.01684
ConfliBERT-2021,full,window,512,123,test,DR Congo,2025,10,unchanged,0.19134,0.79616,0.0125
ConfliBERT-2021,full,window,512,123,test,DR Congo,2025,12,deteriorated,0.24467,0.74322,0.01211
ConfliBERT-2021,full,window,512,123,dev,Rwanda,2025,2,unchanged,0.77439,0.2036,0.02201
ConfliBERT-2021,full,window,512,123,dev,Rwanda,2025,2,unchanged,0.78649,0.19145,0.02206
ConfliBERT-2021,full,window,512,123,dev,Rwanda,2025,3,unchanged,0.82283,0.15451,0.02265
ConfliBERT-2021,full,window,512,123,test,Rwanda,2025,7,unchanged,0.84441,0.13615,0.01944
ConfliBERT-2021,full,window,512,123,test,Rwanda,2025,10,unchanged,0.87267,0.10949,0.01783
ConfliBERT-2021,full,window,512,123,test,Rwanda,2025,12,unchanged,0.81417,0.16708,0.01875
ConfliBERT-2021,full,window,512,123,dev,Uganda,2025,1,unchanged,0.91226,0.06631,0.02143
ConfliBERT-2021,full,window,512,123,dev,Uganda,2025,2,unchanged,0.90948,0.07065,0.01987
ConfliBERT-2021,full,window,512,123,dev,Uganda,2025,2,unchanged,0.90675,0.07508,0.01817
ConfliBERT-2021,full,window,512,123,dev,Uganda,2025,3,unchanged,0.88381,0.09896,0.01723
ConfliBERT-2021,full,window,512,123,test,Uganda,2025,7,unchanged,0.72322,0.2586,0.01818
ConfliBERT-2021,full,window,512,123,test,Uganda,2025,10,unchanged,0.8204,0.15787,0.02173
ConfliBERT-2021,full,window,512,123,dev,Eritrea,2025,1,unchanged,0.85475,0.11574,0.02951
ConfliBERT-2021,full,window,512,123,dev,Eritrea,2025,2,unchanged,0.83257,0.13553,0.03189
ConfliBERT-2021,full,window,512,123,dev,Eritrea,2025,2,unchanged,0.88522,0.08523,0.02955
ConfliBERT-2021,full,window,512,123,test,Eritrea,2025,7,unchanged,0.89153,0.08489,0.02357
ConfliBERT-2021,full,window,512,123,test,Eritrea,2025,10,unchanged,0.88578,0.08849,0.02572
ConfliBERT-2021,full,window,512,123,test,Eritrea,2025,12,unchanged,0.90109,0.07518,0.02373
ConfliBERT-2021,full,window,512,123,dev,Ethiopia,2025,1,unchanged,0.8348,0.14583,0.01938
ConfliBERT-2021,full,window,512,123,dev,Ethiopia,2025,2,unchanged,0.84684,0.13215,0.02102
ConfliBERT-2021,full,window,512,123,dev,Ethiopia,2025,2,unchanged,0.83214,0.14676,0.0211
ConfliBERT-2021,full,window,512,123,test,Ethiopia,2025,7,unchanged,0.79309,0.18911,0.0178
ConfliBERT-2021,full,window,512,123,test,Ethiopia,2025,10,unchanged,0.7325,0.24994,0.01756
ConfliBERT-2021,full,window,512,123,test,Ethiopia,2025,12,deteriorated,0.70837,0.27425,0.01738
ConfliBERT-2021,full,window,512,123,test,Nile Waters,2025,7,unchanged,0.91368,0.06415,0.02217
ConfliBERT-2021,full,window,512,123,test,Nile Waters,2025,10,unchanged,0.87155,0.1043,0.02415
ConfliBERT-2021,full,window,512,123,test,Nile Waters,2025,12,unchanged,0.89106,0.08501,0.02393
ConfliBERT-2021,full,window,512,123,dev,Somalia,2025,1,unchanged,0.44625,0.5095,0.04424
ConfliBERT-2021,full,window,512,123,dev,Somalia,2025,2,unchanged,0.38309,0.57628,0.04063
ConfliBERT-2021,full,window,512,123,dev,Somalia,2025,2,unchanged,0.34068,0.62345,0.03588
ConfliBERT-2021,full,window,512,123,dev,Somalia,2025,3,unchanged,0.34114,0.61498,0.04388
ConfliBERT-2021,full,window,512,123,test,Somalia,2025,7,deteriorated,0.28678,0.66665,0.04657
ConfliBERT-2021,full,window,512,123,test,Somalia,2025,10,unchanged,0.25586,0.69645,0.04769
ConfliBERT-2021,full,window,512,123,test,Somalia,2025,12,unchanged,0.27891,0.66801,0.05308
ConfliBERT-2021,full,window,512,123,dev,Somaliland,2025,1,unchanged,0.77858,0.18028,0.04114
ConfliBERT-2021,full,window,512,123,dev,Somaliland,2025,2,unchanged,0.65216,0.30665,0.04119
ConfliBERT-2021,full,window,512,123,dev,Somaliland,2025,2,unchanged,0.64928,0.31402,0.03671
ConfliBERT-2021,full,window,512,123,dev,Somaliland,2025,3,unchanged,0.72918,0.23858,0.03224
ConfliBERT-2021,full,window,512,123,test,Somaliland,2025,7,unchanged,0.55163,0.40516,0.04321
ConfliBERT-2021,full,window,512,123,test,Somaliland,2025,10,unchanged,0.8674,0.1028,0.02981
ConfliBERT-2021,full,window,512,123,test,Somaliland,2025,12,unchanged,0.60014,0.37663,0.02322
ConfliBERT-2021,full,window,512,123,dev,South Sudan,2025,1,unchanged,0.81625,0.16116,0.02259
ConfliBERT-2021,full,window,512,123,dev,South Sudan,2025,2,unchanged,0.77762,0.20045,0.02193
ConfliBERT-2021,full,window,512,123,dev,South Sudan,2025,2,unchanged,0.76756,0.21146,0.02098
ConfliBERT-2021,full,window,512,123,test,South Sudan,2025,7,unchanged,0.62225,0.35455,0.0232
ConfliBERT-2021,full,window,512,123,test,South Sudan,2025,10,unchanged,0.74167,0.23326,0.02507
ConfliBERT-2021,full,window,512,123,test,South Sudan,2025,12,unchanged,0.79647,0.17882,0.02472
ConfliBERT-2021,full,window,512,123,dev,Sudan,2025,2,deteriorated,0.43947,0.53795,0.02258
ConfliBERT-2021,full,window,512,123,dev,Sudan,2025,2,deteriorated,0.47113,0.50606,0.02282
ConfliBERT-2021,full,window,512,123,dev,Sudan,2025,3,unchanged,0.56371,0.40853,0.02777
ConfliBERT-2021,full,window,512,123,test,Sudan,2025,7,unchanged,0.65374,0.31617,0.03009
ConfliBERT-2021,full,window,512,123,test,Sudan,2025,12,unchanged,0.63378,0.33924,0.02699
ConfliBERT-2021,full,window,512,123,dev,Burkina Faso,2025,1,unchanged,0.69021,0.29309,0.0167
ConfliBERT-2021,full,window,512,123,dev,Burkina Faso,2025,2,unchanged,0.64677,0.33608,0.01715
ConfliBERT-2021,full,window,512,123,dev,Burkina Faso,2025,2,unchanged,0.57647,0.40826,0.01527
ConfliBERT-2021,full,window,512,123,dev,Burkina Faso,2025,3,deteriorated,0.44228,0.54388,0.01384
ConfliBERT-2021,full,window,512,123,test,Burkina Faso,2025,7,unchanged,0.4407,0.54642,0.01288
ConfliBERT-2021,full,window,512,123,test,Burkina Faso,2025,10,unchanged,0.55594,0.42857,0.01549
ConfliBERT-2021,full,window,512,123,test,Burkina Faso,2025,12,unchanged,0.69757,0.28593,0.01649
ConfliBERT-2021,full,window,512,123,dev,Guinea,2025,1,unchanged,0.82241,0.16585,0.01174
ConfliBERT-2021,full,window,512,123,dev,Guinea,2025,2,unchanged,0.86185,0.12543,0.01272
ConfliBERT-2021,full,window,512,123,dev,Guinea,2025,2,unchanged,0.87495,0.11189,0.01316
ConfliBERT-2021,full,window,512,123,dev,Guinea,2025,3,unchanged,0.87175,0.11466,0.01359
ConfliBERT-2021,full,window,512,123,test,Guinea,2025,7,unchanged,0.8203,0.16237,0.01733
ConfliBERT-2021,full,window,512,123,test,Guinea,2025,10,unchanged,0.77875,0.20591,0.01534
ConfliBERT-2021,full,window,512,123,test,Guinea,2025,12,unchanged,0.76609,0.21918,0.01473
ConfliBERT-2021,full,window,512,123,dev,Nigeria,2025,1,unchanged,0.4206,0.55297,0.02643
ConfliBERT-2021,full,window,512,123,dev,Nigeria,2025,2,unchanged,0.40377,0.56996,0.02627
ConfliBERT-2021,full,window,512,123,dev,Nigeria,2025,2,unchanged,0.41447,0.55884,0.02669
ConfliBERT-2021,full,window,512,123,dev,Nigeria,2025,3,unchanged,0.48756,0.48633,0.02611
ConfliBERT-2021,full,window,512,123,test,Nigeria,2025,7,unchanged,0.44176,0.52995,0.02829
ConfliBERT-2021,full,window,512,123,test,Nigeria,2025,10,unchanged,0.35067,0.62302,0.02631
ConfliBERT-2021,full,window,512,123,test,Nigeria,2025,12,unchanged,0.48909,0.48584,0.02507
ConfliBERT-2021,full,window,512,123,dev,Senegal,2025,2,unchanged,0.84589,0.12471,0.0294
ConfliBERT-2021,full,window,512,123,dev,Senegal,2025,2,unchanged,0.814,0.15857,0.02742
ConfliBERT-2021,full,window,512,123,dev,Kosovo,2025,1,unchanged,0.89631,0.08419,0.01951
ConfliBERT-2021,full,window,512,123,dev,Kosovo,2025,2,unchanged,0.87007,0.10763,0.02229
ConfliBERT-2021,full,window,512,123,dev,Kosovo,2025,3,unchanged,0.86946,0.10844,0.0221
ConfliBERT-2021,full,window,512,123,test,Kosovo,2025,7,unchanged,0.88655,0.09382,0.01963
ConfliBERT-2021,full,window,512,123,test,Kosovo,2025,10,unchanged,0.79864,0.17193,0.02944
ConfliBERT-2021,full,window,512,123,test,Kosovo,2025,12,unchanged,0.70475,0.2531,0.04215
ConfliBERT-2021,full,window,512,123,test,Kosovo,2026,3,unchanged,0.78947,0.17883,0.0317
ConfliBERT-2021,full,window,512,123,dev,Armenia,2025,1,unchanged,0.90505,0.07565,0.0193
ConfliBERT-2021,full,window,512,123,dev,Armenia,2025,2,unchanged,0.91171,0.06735,0.02095
ConfliBERT-2021,full,window,512,123,dev,Armenia,2025,3,unchanged,0.91009,0.06868,0.02123
ConfliBERT-2021,full,window,512,123,test,Armenia,2025,7,unchanged,0.91296,0.06588,0.02116
ConfliBERT-2021,full,window,512,123,test,Armenia,2025,10,unchanged,0.91632,0.06336,0.02032
ConfliBERT-2021,full,window,512,123,test,Armenia,2025,12,unchanged,0.91805,0.06193,0.02002
ConfliBERT-2021,full,window,512,123,test,Armenia,2026,3,unchanged,0.91264,0.06903,0.01834
ConfliBERT-2021,full,window,512,123,dev,Azerbaijan,2025,1,unchanged,0.90649,0.07519,0.01832
ConfliBERT-2021,full,window,512,123,dev,Azerbaijan,2025,2,unchanged,0.90554,0.07265,0.0218
ConfliBERT-2021,full,window,512,123,dev,Azerbaijan,2025,3,unchanged,0.90386,0.0745,0.02164
ConfliBERT-2021,full,window,512,123,test,Azerbaijan,2025,7,unchanged,0.90402,0.07601,0.01997
ConfliBERT-2021,full,window,512,123,test,Azerbaijan,2025,10,unchanged,0.91248,0.06573,0.0218
ConfliBERT-2021,full,window,512,123,test,Azerbaijan,2025,12,unchanged,0.91049,0.0666,0.02291
ConfliBERT-2021,full,window,512,123,test,Azerbaijan,2026,3,unchanged,0.88157,0.0959,0.02254
ConfliBERT-2021,full,window,512,123,dev,Georgia,2025,1,unchanged,0.83733,0.14416,0.01851
ConfliBERT-2021,full,window,512,123,dev,Georgia,2025,2,unchanged,0.83142,0.15005,0.01853
ConfliBERT-2021,full,window,512,123,dev,Georgia,2025,3,unchanged,0.8799,0.10295,0.01715
ConfliBERT-2021,full,window,512,123,test,Georgia,2025,7,unchanged,0.89359,0.08743,0.01898
ConfliBERT-2021,full,window,512,123,test,Georgia,2025,10,unchanged,0.78578,0.19377,0.02046
ConfliBERT-2021,full,window,512,123,test,Georgia,2025,12,unchanged,0.8295,0.15027,0.02022
ConfliBERT-2021,full,window,512,123,test,Georgia,2026,3,unchanged,0.87651,0.10659,0.0169
ConfliBERT-2021,full,window,512,123,dev,Belarus,2025,1,unchanged,0.90216,0.07884,0.01899
ConfliBERT-2021,full,window,512,123,dev,Belarus,2025,2,unchanged,0.82579,0.15329,0.02092
ConfliBERT-2021,full,window,512,123,dev,Belarus,2025,3,unchanged,0.89919,0.08108,0.01973
ConfliBERT-2021,full,window,512,123,test,Belarus,2025,7,unchanged,0.89839,0.08041,0.0212
ConfliBERT-2021,full,window,512,123,test,Belarus,2025,10,unchanged,0.89572,0.08229,0.022
ConfliBERT-2021,full,window,512,123,test,Belarus,2025,12,unchanged,0.89894,0.08104,0.02002
ConfliBERT-2021,full,window,512,123,test,Belarus,2026,3,unchanged,0.89764,0.0814,0.02096
ConfliBERT-2021,full,window,512,123,dev,Ukraine,2025,1,unchanged,0.81965,0.1604,0.01995
ConfliBERT-2021,full,window,512,123,dev,Ukraine,2025,2,unchanged,0.84041,0.13866,0.02093
ConfliBERT-2021,full,window,512,123,dev,Ukraine,2025,3,unchanged,0.8,0.17702,0.02298
ConfliBERT-2021,full,window,512,123,test,Ukraine,2025,12,unchanged,0.73187,0.24515,0.02298
ConfliBERT-2021,full,window,512,123,test,Ukraine,2026,3,unchanged,0.79798,0.18056,0.02146
ConfliBERT-2021,full,window,512,123,dev,Cyprus,2025,1,unchanged,0.90954,0.06744,0.02302
ConfliBERT-2021,full,window,512,123,dev,Cyprus,2025,2,unchanged,0.91223,0.06476,0.02301
ConfliBERT-2021,full,window,512,123,dev,Cyprus,2025,3,unchanged,0.90949,0.06717,0.02334
ConfliBERT-2021,full,window,512,123,test,Cyprus,2025,7,unchanged,0.89111,0.08419,0.02469
ConfliBERT-2021,full,window,512,123,test,Cyprus,2025,10,unchanged,0.91808,0.05951,0.02241
ConfliBERT-2021,full,window,512,123,test,Cyprus,2025,12,unchanged,0.91902,0.05788,0.0231
ConfliBERT-2021,full,window,512,123,test,Cyprus,2026,3,unchanged,0.89872,0.07872,0.02256
ConfliBERT-2021,full,window,512,123,dev,Türkiye,2025,1,unchanged,0.86027,0.1151,0.02463
ConfliBERT-2021,full,window,512,123,dev,Türkiye,2025,3,deteriorated,0.8449,0.12621,0.02889
ConfliBERT-2021,full,window,512,123,test,Türkiye,2025,7,improved,0.88673,0.0901,0.02316
ConfliBERT-2021,full,window,512,123,test,Türkiye,2025,10,unchanged,0.9045,0.0723,0.0232
ConfliBERT-2021,full,window,512,123,test,Türkiye,2025,12,unchanged,0.89945,0.07687,0.02368
ConfliBERT-2021,full,window,512,123,test,Türkiye,2026,3,unchanged,0.89414,0.08609,0.01977
ConfliBERT-2021,full,window,512,123,dev,Kyrgyzstan,2025,1,unchanged,0.88403,0.09198,0.02398
ConfliBERT-2021,full,window,512,123,dev,Kyrgyzstan,2025,2,unchanged,0.91068,0.07071,0.01861
ConfliBERT-2021,full,window,512,123,dev,Kyrgyzstan,2025,3,improved,0.89561,0.08546,0.01893
ConfliBERT-2021,full,window,512,123,test,Kyrgyzstan,2025,7,unchanged,0.90541,0.07644,0.01815
ConfliBERT-2021,full,window,512,123,test,Kyrgyzstan,2025,10,unchanged,0.90865,0.07271,0.01864
ConfliBERT-2021,full,window,512,123,test,Kyrgyzstan,2025,12,unchanged,0.90764,0.07352,0.01884
ConfliBERT-2021,full,window,512,123,test,Kyrgyzstan,2026,3,unchanged,0.91171,0.07023,0.01807
ConfliBERT-2021,full,window,512,123,dev,Tajikistan,2025,1,unchanged,0.87891,0.10307,0.01802
ConfliBERT-2021,full,window,512,123,dev,Tajikistan,2025,2,unchanged,0.9115,0.07045,0.01806
ConfliBERT-2021,full,window,512,123,dev,Tajikistan,2025,3,improved,0.89341,0.08853,0.01806
ConfliBERT-2021,full,window,512,123,test,Tajikistan,2025,7,unchanged,0.90768,0.07516,0.01716
ConfliBERT-2021,full,window,512,123,test,Tajikistan,2025,10,unchanged,0.90592,0.07628,0.0178
ConfliBERT-2021,full,window,512,123,test,Tajikistan,2025,12,unchanged,0.90208,0.08077,0.01715
ConfliBERT-2021,full,window,512,123,test,Tajikistan,2026,3,unchanged,0.87255,0.11159,0.01585
ConfliBERT-2021,full,window,512,123,dev,Uzbekistan,2025,1,unchanged,0.90651,0.07623,0.01726
ConfliBERT-2021,full,window,512,123,dev,Uzbekistan,2025,2,unchanged,0.90483,0.07581,0.01937
ConfliBERT-2021,full,window,512,123,dev,Uzbekistan,2025,3,unchanged,0.91009,0.06884,0.02107
ConfliBERT-2021,full,window,512,123,test,Uzbekistan,2025,7,unchanged,0.91103,0.06703,0.02193
ConfliBERT-2021,full,window,512,123,test,Uzbekistan,2025,10,unchanged,0.89485,0.08275,0.0224
ConfliBERT-2021,full,window,512,123,test,Uzbekistan,2025,12,unchanged,0.90983,0.06975,0.02042
ConfliBERT-2021,full,window,512,123,test,Uzbekistan,2026,3,unchanged,0.87436,0.10751,0.01813
ConfliBERT-2021,full,window,512,123,dev,Lebanon,2025,1,unchanged,0.67636,0.30013,0.02351
ConfliBERT-2021,full,window,512,123,dev,Lebanon,2025,2,unchanged,0.76746,0.20688,0.02566
ConfliBERT-2021,full,window,512,123,dev,Lebanon,2025,3,unchanged,0.69953,0.27631,0.02416
ConfliBERT-2021,full,window,512,123,test,Lebanon,2025,6,unchanged,0.68688,0.28669,0.02643
ConfliBERT-2021,full,window,512,123,test,Lebanon,2025,6,unchanged,0.68065,0.29223,0.02711
ConfliBERT-2021,full,window,512,123,test,Lebanon,2025,7,unchanged,0.65129,0.3193,0.0294
ConfliBERT-2021,full,window,512,123,test,Lebanon,2025,10,unchanged,0.68777,0.28484,0.02739
ConfliBERT-2021,full,window,512,123,test,Lebanon,2025,12,unchanged,0.60448,0.36711,0.02841
ConfliBERT-2021,full,window,512,123,dev,Syria,2025,1,unchanged,0.54542,0.43295,0.02163
ConfliBERT-2021,full,window,512,123,dev,Syria,2025,2,unchanged,0.55783,0.41991,0.02226
ConfliBERT-2021,full,window,512,123,dev,Syria,2025,3,deteriorated,0.67542,0.30024,0.02434
ConfliBERT-2021,full,window,512,123,test,Syria,2025,6,deteriorated,0.65638,0.32187,0.02176
ConfliBERT-2021,full,window,512,123,test,Syria,2025,6,deteriorated,0.65963,0.3196,0.02077
ConfliBERT-2021,full,window,512,123,test,Syria,2025,7,deteriorated,0.60906,0.37105,0.01989
ConfliBERT-2021,full,window,512,123,test,Syria,2025,10,improved,0.64552,0.33247,0.02202
ConfliBERT-2021,full,window,512,123,test,Syria,2025,12,deteriorated,0.6185,0.35975,0.02176
ConfliBERT-2021,full,window,512,123,dev,Iran,2025,1,unchanged,0.87754,0.09513,0.02732
ConfliBERT-2021,full,window,512,123,dev,Iran,2025,2,unchanged,0.8693,0.10301,0.02769
ConfliBERT-2021,full,window,512,123,dev,Iran,2025,3,unchanged,0.87027,0.10221,0.02752
ConfliBERT-2021,full,window,512,123,test,Iran,2025,7,unchanged,0.8108,0.16226,0.02695
ConfliBERT-2021,full,window,512,123,test,Iran,2025,10,unchanged,0.81381,0.15839,0.0278
ConfliBERT-2021,full,window,512,123,test,Iran,2025,12,deteriorated,0.82002,0.157,0.02298
ConfliBERT-2021,full,window,512,123,dev,Iraq,2025,1,unchanged,0.8039,0.17011,0.02599
ConfliBERT-2021,full,window,512,123,dev,Iraq,2025,2,unchanged,0.80635,0.16838,0.02527
ConfliBERT-2021,full,window,512,123,dev,Iraq,2025,3,unchanged,0.82563,0.14891,0.02547
ConfliBERT-2021,full,window,512,123,test,Iraq,2025,6,unchanged,0.83332,0.14157,0.02511
ConfliBERT-2021,full,window,512,123,test,Iraq,2025,6,unchanged,0.83668,0.13737,0.02595
ConfliBERT-2021,full,window,512,123,test,Iraq,2025,7,unchanged,0.83687,0.13953,0.0236
ConfliBERT-2021,full,window,512,123,test,Iraq,2025,10,unchanged,0.80062,0.17368,0.0257
ConfliBERT-2021,full,window,512,123,test,Iraq,2025,12,unchanged,0.83044,0.13971,0.02985
ConfliBERT-2021,full,window,512,123,dev,Saudi Arabia,2025,1,unchanged,0.88389,0.08907,0.02704
ConfliBERT-2021,full,window,512,123,dev,Saudi Arabia,2025,2,unchanged,0.829,0.14033,0.03067
ConfliBERT-2021,full,window,512,123,dev,Saudi Arabia,2025,3,unchanged,0.68003,0.28531,0.03466
ConfliBERT-2021,full,window,512,123,test,Saudi Arabia,2025,6,unchanged,0.69028,0.28304,0.02668
ConfliBERT-2021,full,window,512,123,test,Saudi Arabia,2025,6,unchanged,0.70674,0.26646,0.0268
ConfliBERT-2021,full,window,512,123,test,Saudi Arabia,2025,7,unchanged,0.62193,0.34855,0.02952
ConfliBERT-2021,full,window,512,123,test,Saudi Arabia,2025,10,unchanged,0.70255,0.27164,0.02581
ConfliBERT-2021,full,window,512,123,test,Saudi Arabia,2025,12,unchanged,0.81575,0.15391,0.03035
ConfliBERT-2021,full,window,512,123,test,Yemen,2025,6,unchanged,0.62359,0.34438,0.03203
ConfliBERT-2021,full,window,512,123,test,Yemen,2025,6,unchanged,0.64031,0.32144,0.03824
ConfliBERT-2021,full,window,512,123,test,Yemen,2025,7,deteriorated,0.63948,0.32124,0.03928
ConfliBERT-2021,full,window,512,123,dev,Algeria,2025,1,unchanged,0.90413,0.07359,0.02228
ConfliBERT-2021,full,window,512,123,dev,Algeria,2025,2,unchanged,0.89437,0.0827,0.02293
ConfliBERT-2021,full,window,512,123,dev,Algeria,2025,3,unchanged,0.89691,0.07916,0.02393
ConfliBERT-2021,full,window,512,123,test,Algeria,2025,6,unchanged,0.88821,0.08759,0.0242
ConfliBERT-2021,full,window,512,123,test,Algeria,2025,6,unchanged,0.88735,0.08919,0.02346
ConfliBERT-2021,full,window,512,123,test,Algeria,2025,7,unchanged,0.90406,0.07329,0.02265
ConfliBERT-2021,full,window,512,123,test,Algeria,2025,10,unchanged,0.89169,0.08694,0.02137
ConfliBERT-2021,full,window,512,123,test,Algeria,2025,12,unchanged,0.87331,0.10529,0.0214
ConfliBERT-2021,full,window,512,123,dev,Egypt,2025,1,unchanged,0.87316,0.09716,0.02968
ConfliBERT-2021,full,window,512,123,dev,Egypt,2025,2,unchanged,0.85684,0.11492,0.02825
ConfliBERT-2021,full,window,512,123,dev,Egypt,2025,3,unchanged,0.78397,0.18492,0.03111
ConfliBERT-2021,full,window,512,123,test,Egypt,2025,6,unchanged,0.79802,0.17542,0.02656
ConfliBERT-2021,full,window,512,123,test,Egypt,2025,6,unchanged,0.82251,0.15001,0.02748
ConfliBERT-2021,full,window,512,123,test,Egypt,2025,7,unchanged,0.79981,0.17023,0.02996
ConfliBERT-2021,full,window,512,123,test,Egypt,2025,10,unchanged,0.83554,0.13545,0.02901
ConfliBERT-2021,full,window,512,123,test,Egypt,2025,12,unchanged,0.73447,0.22973,0.0358
ConfliBERT-2021,full,window,512,123,dev,Libya,2025,1,unchanged,0.77049,0.19135,0.03816
ConfliBERT-2021,full,window,512,123,dev,Libya,2025,2,unchanged,0.80382,0.16151,0.03467
ConfliBERT-2021,full,window,512,123,dev,Libya,2025,3,unchanged,0.82238,0.14544,0.03218
ConfliBERT-2021,full,window,512,123,test,Libya,2025,6,unchanged,0.79,0.1779,0.0321
ConfliBERT-2021,full,window,512,123,test,Libya,2025,6,unchanged,0.75363,0.21082,0.03555
ConfliBERT-2021,full,window,512,123,test,Libya,2025,7,unchanged,0.72336,0.2357,0.04093
ConfliBERT-2021,full,window,512,123,test,Libya,2025,10,unchanged,0.65193,0.30496,0.04311
ConfliBERT-2021,full,window,512,123,test,Libya,2025,12,unchanged,0.62356,0.34476,0.03168
ConfliBERT-2021,full,window,512,123,dev,Tunisia,2025,1,unchanged,0.85605,0.12348,0.02047
ConfliBERT-2021,full,window,512,123,dev,Tunisia,2025,2,unchanged,0.85145,0.12921,0.01933
ConfliBERT-2021,full,window,512,123,dev,Tunisia,2025,3,unchanged,0.82826,0.15275,0.01899
ConfliBERT-2021,full,window,512,123,test,Tunisia,2025,6,unchanged,0.8033,0.17532,0.02138
ConfliBERT-2021,full,window,512,123,test,Tunisia,2025,6,unchanged,0.80866,0.16941,0.02193
ConfliBERT-2021,full,window,512,123,test,Tunisia,2025,7,unchanged,0.86251,0.11907,0.01841
ConfliBERT-2021,full,window,512,123,test,Tunisia,2025,10,unchanged,0.854,0.12675,0.01926
ConfliBERT-2021,full,window,512,123,test,Tunisia,2025,12,unchanged,0.83297,0.15008,0.01695
ConfliBERT-2021,full,window,512,123,dev,Western Sahara,2025,1,unchanged,0.83676,0.13191,0.03132
ConfliBERT-2021,full,window,512,123,dev,Western Sahara,2025,2,unchanged,0.86819,0.10171,0.03011
ConfliBERT-2021,full,window,512,123,dev,Western Sahara,2025,3,unchanged,0.87605,0.09625,0.0277
ConfliBERT-2021,full,window,512,123,test,Western Sahara,2025,6,unchanged,0.88844,0.08138,0.03019
ConfliBERT-2021,full,window,512,123,test,Western Sahara,2025,6,unchanged,0.88442,0.08841,0.02717
ConfliBERT-2021,full,window,512,123,test,Western Sahara,2025,7,unchanged,0.86814,0.10119,0.03066
ConfliBERT-2021,full,window,512,123,test,Western Sahara,2025,10,unchanged,0.86307,0.10545,0.03148
ConfliBERT-2021,full,window,512,123,test,Western Sahara,2025,12,unchanged,0.87834,0.09262,0.02904
ConfliBERT-2021,full,window,512,123,dev,Central African Republic,2025,1,unchanged,0.79638,0.18953,0.01409
ConfliBERT-2021,full,window,512,123,dev,Central African Republic,2025,2,unchanged,0.71433,0.27286,0.01281
ConfliBERT-2021,full,window,512,123,dev,Central African Republic,2025,2,unchanged,0.70299,0.2839,0.01311
ConfliBERT-2021,full,window,512,123,dev,Central African Republic,2025,3,unchanged,0.761,0.22334,0.01565
ConfliBERT-2021,full,window,512,123,test,Central African Republic,2025,7,unchanged,0.79301,0.19167,0.01531
ConfliBERT-2021,full,window,512,123,test,Central African Republic,2025,10,unchanged,0.81381,0.17197,0.01422
ConfliBERT-2021,full,window,512,123,dev,Mali,2025,1,unchanged,0.55455,0.42918,0.01627
ConfliBERT-2021,full,window,512,123,dev,Mali,2025,2,unchanged,0.47205,0.51207,0.01588
ConfliBERT-2021,full,window,512,123,dev,Mali,2025,2,unchanged,0.4523,0.53195,0.01574
ConfliBERT-2021,full,window,512,123,dev,Mali,2025,3,unchanged,0.49603,0.49076,0.01322
ConfliBERT-2021,full,window,512,123,test,Mali,2025,7,deteriorated,0.6184,0.36449,0.01711
ConfliBERT-2021,full,window,512,123,test,Mali,2025,12,unchanged,0.63872,0.34863,0.01265
ConfliBERT-2021,full,window,512,123,dev,Niger,2025,1,unchanged,0.77381,0.21042,0.01577
ConfliBERT-2021,full,window,512,123,dev,Niger,2025,2,unchanged,0.71062,0.27433,0.01505
ConfliBERT-2021,full,window,512,123,dev,Niger,2025,2,unchanged,0.72034,0.26581,0.01386
ConfliBERT-2021,full,window,512,123,dev,Niger,2025,3,deteriorated,0.72665,0.25756,0.01579
ConfliBERT-2021,full,window,512,123,test,Niger,2025,7,unchanged,0.76438,0.21911,0.01651
ConfliBERT-2021,full,window,512,123,test,Niger,2025,10,unchanged,0.74392,0.24191,0.01417
ConfliBERT-2021,full,window,512,123,test,Niger,2025,12,unchanged,0.75436,0.23052,0.01512
ConfliBERT-2021,full,window,512,123,dev,Benin,2025,1,deteriorated,0.8321,0.15208,0.01582
ConfliBERT-2021,full,window,512,123,dev,Benin,2025,2,unchanged,0.79544,0.18769,0.01686
ConfliBERT-2021,full,window,512,123,dev,Benin,2025,2,unchanged,0.78316,0.20026,0.01658
ConfliBERT-2021,full,window,512,123,dev,Benin,2025,3,unchanged,0.76624,0.21542,0.01835
ConfliBERT-2021,full,window,512,123,test,Benin,2025,7,unchanged,0.88079,0.0996,0.01961
ConfliBERT-2021,full,window,512,123,test,Benin,2025,10,unchanged,0.85982,0.1265,0.01368
ConfliBERT-2021,full,window,512,123,test,Benin,2025,12,deteriorated,0.61249,0.37316,0.01435
ConfliBERT-2021,full,window,512,123,dev,Moldova,2025,1,deteriorated,0.87834,0.09893,0.02273
ConfliBERT-2021,full,window,512,123,dev,Moldova,2025,2,unchanged,0.88594,0.09267,0.0214
ConfliBERT-2021,full,window,512,123,test,Moldova,2026,3,unchanged,0.858,0.12391,0.01809
ConfliBERT-2021,full,window,512,123,test,Israel/Palestine,2025,12,unchanged,0.37046,0.58281,0.04673
ConfliBERT-2021,full,window,512,123,dev,Colombia,2025,2,unchanged,0.86375,0.07222,0.06403
ConfliBERT-2021,full,window,512,123,dev,Colombia,2025,3,unchanged,0.85353,0.07727,0.0692
ConfliBERT-2021,full,window,512,123,test,Colombia,2025,7,unchanged,0.84717,0.09221,0.06063
ConfliBERT-2021,full,window,512,123,test,Colombia,2025,10,deteriorated,0.83532,0.09955,0.06512
ConfliBERT-2021,full,window,512,123,test,Colombia,2025,12,unchanged,0.82228,0.12217,0.05554
ConfliBERT-2021,full,window,512,123,dev,Ecuador,2025,1,deteriorated,0.79761,0.16291,0.03948
ConfliBERT-2021,full,window,512,123,dev,Ecuador,2025,2,unchanged,0.78874,0.17218,0.03908
ConfliBERT-2021,full,window,512,123,dev,Ecuador,2025,3,unchanged,0.80606,0.15611,0.03784
ConfliBERT-2021,full,window,512,123,test,Ecuador,2025,7,unchanged,0.83162,0.12543,0.04295
ConfliBERT-2021,full,window,512,123,test,Ecuador,2025,10,unchanged,0.67249,0.28576,0.04175
ConfliBERT-2021,full,window,512,123,test,Ecuador,2025,12,unchanged,0.65471,0.3085,0.03678
ConfliBERT-2021,full,window,512,123,dev,Venezuela,2025,1,unchanged,0.83004,0.1409,0.02906
ConfliBERT-2021,full,window,512,123,dev,Venezuela,2025,2,unchanged,0.84111,0.12894,0.02995
ConfliBERT-2021,full,window,512,123,dev,Venezuela,2025,3,unchanged,0.84089,0.1293,0.02981
ConfliBERT-2021,full,window,512,123,test,Venezuela,2025,7,unchanged,0.84297,0.12545,0.03158
ConfliBERT-2021,full,window,512,123,dev,El Salvador,2025,1,unchanged,0.91047,0.04419,0.04533
ConfliBERT-2021,full,window,512,123,dev,El Salvador,2025,2,unchanged,0.90672,0.04505,0.04822
ConfliBERT-2021,full,window,512,123,dev,El Salvador,2025,3,unchanged,0.90559,0.04462,0.04979
ConfliBERT-2021,full,window,512,123,test,El Salvador,2025,7,deteriorated,0.90765,0.0431,0.04925
ConfliBERT-2021,full,window,512,123,test,El Salvador,2025,10,unchanged,0.90138,0.04275,0.05588
ConfliBERT-2021,full,window,512,123,test,El Salvador,2025,12,unchanged,0.90176,0.04482,0.05342
ConfliBERT-2021,full,window,512,123,test,Honduras,2025,12,deteriorated,0.78435,0.18092,0.03473
ConfliBERT-2021,full,window,512,123,dev,Mexico,2025,1,unchanged,0.83204,0.12881,0.03915
ConfliBERT-2021,full,window,512,123,dev,Mexico,2025,2,unchanged,0.82785,0.13257,0.03958
ConfliBERT-2021,full,window,512,123,dev,Mexico,2025,3,unchanged,0.82312,0.13647,0.04041
ConfliBERT-2021,full,window,512,123,test,Mexico,2025,7,unchanged,0.84348,0.11466,0.04186
ConfliBERT-2021,full,window,512,123,test,Mexico,2025,10,unchanged,0.80006,0.15398,0.04597
ConfliBERT-2021,full,window,512,123,test,Mexico,2025,12,unchanged,0.84079,0.11089,0.04832
ConfliBERT-2021,full,window,512,123,dev,Nicaragua,2025,1,unchanged,0.90207,0.06133,0.0366
ConfliBERT-2021,full,window,512,123,dev,Nicaragua,2025,2,deteriorated,0.90347,0.055,0.04153
ConfliBERT-2021,full,window,512,123,dev,Nicaragua,2025,3,unchanged,0.90453,0.05418,0.04128
ConfliBERT-2021,full,window,512,123,test,Nicaragua,2025,7,unchanged,0.89933,0.06997,0.0307
ConfliBERT-2021,full,window,512,123,test,Nicaragua,2025,10,unchanged,0.90681,0.06223,0.03095
ConfliBERT-2021,full,window,512,123,test,Nicaragua,2025,12,unchanged,0.90853,0.06156,0.02991
ConfliBERT-2021,full,window,512,123,dev,Haiti,2025,1,unchanged,0.47854,0.50108,0.02038
ConfliBERT-2021,full,window,512,123,dev,Haiti,2025,2,unchanged,0.48157,0.49865,0.01979
ConfliBERT-2021,full,window,512,123,dev,Haiti,2025,3,deteriorated,0.50459,0.4747,0.02071
ConfliBERT-2021,full,window,512,123,test,Haiti,2025,7,unchanged,0.60977,0.36681,0.02341
ConfliBERT-2021,full,window,512,123,test,Haiti,2025,10,unchanged,0.56998,0.40848,0.02154
ConfliBERT-2021,full,window,512,123,test,Haiti,2025,12,unchanged,0.6038,0.37544,0.02076
ConfliBERT-2021,full,window,512,123,dev,China/Japan,2025,1,unchanged,0.89021,0.08773,0.02206
ConfliBERT-2021,full,window,512,123,dev,China/Japan,2025,2,unchanged,0.88282,0.09485,0.02233
ConfliBERT-2021,full,window,512,123,dev,China/Japan,2025,3,unchanged,0.89038,0.0852,0.02442
ConfliBERT-2021,full,window,512,123,test,China/Japan,2025,6,unchanged,0.87144,0.1052,0.02336
ConfliBERT-2021,full,window,512,123,test,China/Japan,2025,6,unchanged,0.87868,0.09777,0.02355
ConfliBERT-2021,full,window,512,123,test,China/Japan,2025,7,unchanged,0.88701,0.08807,0.02492
ConfliBERT-2021,full,window,512,123,test,China/Japan,2025,7,unchanged,0.88377,0.09204,0.02419
ConfliBERT-2021,full,window,512,123,test,China/Japan,2025,10,unchanged,0.89114,0.08595,0.0229
ConfliBERT-2021,full,window,512,123,test,China/Japan,2025,12,unchanged,0.88721,0.09168,0.02111
ConfliBERT-2021,full,window,512,123,dev,Korean Peninsula,2025,1,unchanged,0.80906,0.16196,0.02897
ConfliBERT-2021,full,window,512,123,dev,Korean Peninsula,2025,2,unchanged,0.83973,0.12981,0.03046
ConfliBERT-2021,full,window,512,123,dev,Korean Peninsula,2025,3,unchanged,0.86347,0.10682,0.02972
ConfliBERT-2021,full,window,512,123,test,Korean Peninsula,2025,6,unchanged,0.83572,0.13347,0.03082
ConfliBERT-2021,full,window,512,123,test,Korean Peninsula,2025,6,unchanged,0.87048,0.10033,0.02919
ConfliBERT-2021,full,window,512,123,test,Korean Peninsula,2025,7,unchanged,0.87208,0.09729,0.03063
ConfliBERT-2021,full,window,512,123,test,Korean Peninsula,2025,7,unchanged,0.8622,0.10792,0.02989
ConfliBERT-2021,full,window,512,123,test,Korean Peninsula,2025,10,unchanged,0.85386,0.1165,0.02963
ConfliBERT-2021,full,window,512,123,test,Korean Peninsula,2025,12,unchanged,0.83988,0.13063,0.02949
ConfliBERT-2021,full,window,512,123,dev,Taiwan Strait,2025,1,unchanged,0.88226,0.09098,0.02676
ConfliBERT-2021,full,window,512,123,dev,Taiwan Strait,2025,2,unchanged,0.88852,0.08725,0.02423
ConfliBERT-2021,full,window,512,123,dev,Taiwan Strait,2025,3,unchanged,0.89244,0.08302,0.02454
ConfliBERT-2021,full,window,512,123,test,Taiwan Strait,2025,6,unchanged,0.88699,0.0882,0.02481
ConfliBERT-2021,full,window,512,123,test,Taiwan Strait,2025,6,unchanged,0.88682,0.08837,0.0248
ConfliBERT-2021,full,window,512,123,test,Taiwan Strait,2025,7,unchanged,0.88619,0.09,0.02381
ConfliBERT-2021,full,window,512,123,test,Taiwan Strait,2025,7,unchanged,0.8864,0.09023,0.02337
ConfliBERT-2021,full,window,512,123,test,Taiwan Strait,2025,10,unchanged,0.88578,0.09082,0.02341
ConfliBERT-2021,full,window,512,123,test,Taiwan Strait,2025,12,deteriorated,0.86856,0.10433,0.02711
ConfliBERT-2021,full,window,512,123,dev,Afghanistan,2025,1,unchanged,0.77575,0.19812,0.02613
ConfliBERT-2021,full,window,512,123,dev,Afghanistan,2025,2,unchanged,0.82541,0.14903,0.02556
ConfliBERT-2021,full,window,512,123,dev,Afghanistan,2025,3,unchanged,0.77518,0.19472,0.03011
ConfliBERT-2021,full,window,512,123,test,Afghanistan,2025,7,unchanged,0.80199,0.16769,0.03032
ConfliBERT-2021,full,window,512,123,test,Afghanistan,2025,7,unchanged,0.80697,0.16476,0.02826
ConfliBERT-2021,full,window,512,123,test,Afghanistan,2025,12,unchanged,0.80619,0.17572,0.01809
ConfliBERT-2021,full,window,512,123,dev,Bangladesh,2025,1,unchanged,0.72245,0.23497,0.04257
ConfliBERT-2021,full,window,512,123,dev,Bangladesh,2025,2,unchanged,0.74799,0.21272,0.03928
ConfliBERT-2021,full,window,512,123,dev,Bangladesh,2025,3,unchanged,0.72415,0.23367,0.04219
ConfliBERT-2021,full,window,512,123,test,Bangladesh,2025,6,unchanged,0.6832,0.26972,0.04708
ConfliBERT-2021,full,window,512,123,test,Bangladesh,2025,6,unchanged,0.69843,0.25574,0.04582
ConfliBERT-2021,full,window,512,123,test,Bangladesh,2025,7,unchanged,0.70753,0.24376,0.0487
ConfliBERT-2021,full,window,512,123,test,Bangladesh,2025,7,unchanged,0.66744,0.28423,0.04833
ConfliBERT-2021,full,window,512,123,test,Bangladesh,2025,10,unchanged,0.6371,0.31837,0.04453
ConfliBERT-2021,full,window,512,123,test,Bangladesh,2025,12,deteriorated,0.63633,0.32467,0.039
ConfliBERT-2021,full,window,512,123,dev,India,2025,1,unchanged,0.73103,0.21814,0.05083
ConfliBERT-2021,full,window,512,123,dev,India,2025,2,unchanged,0.72797,0.21731,0.05473
ConfliBERT-2021,full,window,512,123,dev,India,2025,3,unchanged,0.74033,0.2028,0.05687
ConfliBERT-2021,full,window,512,123,test,India,2025,6,unchanged,0.75155,0.19416,0.05429
ConfliBERT-2021,full,window,512,123,test,India,2025,6,unchanged,0.71513,0.22696,0.05791
ConfliBERT-2021,full,window,512,123,test,India,2025,7,unchanged,0.71302,0.22805,0.05893
ConfliBERT-2021,full,window,512,123,test,India,2025,7,unchanged,0.7088,0.23306,0.05814
ConfliBERT-2021,full,window,512,123,test,India,2025,10,improved,0.70906,0.23209,0.05885
ConfliBERT-2021,full,window,512,123,test,India,2025,12,unchanged,0.7425,0.20745,0.05005
ConfliBERT-2021,full,window,512,123,dev,Pakistan,2025,1,unchanged,0.55694,0.4158,0.02725
ConfliBERT-2021,full,window,512,123,dev,Pakistan,2025,2,unchanged,0.57137,0.4004,0.02824
ConfliBERT-2021,full,window,512,123,dev,Pakistan,2025,3,unchanged,0.5628,0.40982,0.02739
ConfliBERT-2021,full,window,512,123,test,Pakistan,2025,6,unchanged,0.61129,0.35954,0.02918
ConfliBERT-2021,full,window,512,123,test,Pakistan,2025,6,unchanged,0.63012,0.3392,0.03067
ConfliBERT-2021,full,window,512,123,test,Pakistan,2025,7,unchanged,0.66468,0.30783,0.02749
ConfliBERT-2021,full,window,512,123,test,Pakistan,2025,7,unchanged,0.66403,0.30674,0.02923
ConfliBERT-2021,full,window,512,123,test,Pakistan,2025,12,unchanged,0.7478,0.22409,0.0281
ConfliBERT-2021,full,window,512,123,dev,Sri Lanka,2025,1,unchanged,0.894,0.0635,0.04249
ConfliBERT-2021,full,window,512,123,dev,Sri Lanka,2025,2,unchanged,0.90004,0.06216,0.03779
ConfliBERT-2021,full,window,512,123,dev,Sri Lanka,2025,3,unchanged,0.89398,0.06526,0.04076
ConfliBERT-2021,full,window,512,123,test,Sri Lanka,2025,6,unchanged,0.89414,0.06579,0.04007
ConfliBERT-2021,full,window,512,123,test,Sri Lanka,2025,6,unchanged,0.88705,0.07059,0.04236
ConfliBERT-2021,full,window,512,123,test,Sri Lanka,2025,7,unchanged,0.88658,0.07346,0.03996
ConfliBERT-2021,full,window,512,123,test,Sri Lanka,2025,7,unchanged,0.88387,0.07753,0.03859
ConfliBERT-2021,full,window,512,123,test,Sri Lanka,2025,10,unchanged,0.90128,0.06365,0.03508
ConfliBERT-2021,full,window,512,123,test,Sri Lanka,2025,12,unchanged,0.86712,0.09412,0.03876
ConfliBERT-2021,full,window,512,123,dev,Myanmar,2025,1,unchanged,0.72512,0.2307,0.04418
ConfliBERT-2021,full,window,512,123,dev,Myanmar,2025,2,unchanged,0.71854,0.23647,0.045
ConfliBERT-2021,full,window,512,123,dev,Myanmar,2025,3,unchanged,0.69467,0.25535,0.04998
ConfliBERT-2021,full,window,512,123,test,Myanmar,2025,6,unchanged,0.65006,0.29812,0.05181
ConfliBERT-2021,full,window,512,123,test,Myanmar,2025,6,unchanged,0.65595,0.29133,0.05272
ConfliBERT-2021,full,window,512,123,test,Myanmar,2025,7,unchanged,0.65599,0.29213,0.05189
ConfliBERT-2021,full,window,512,123,test,Myanmar,2025,7,unchanged,0.67916,0.26948,0.05136
ConfliBERT-2021,full,window,512,123,test,Myanmar,2025,10,unchanged,0.68509,0.26583,0.04908
ConfliBERT-2021,full,window,512,123,test,Myanmar,2025,12,unchanged,0.72842,0.23121,0.04036
ConfliBERT-2021,full,window,512,123,dev,Philippines,2025,1,unchanged,0.90471,0.03983,0.05546
ConfliBERT-2021,full,window,512,123,dev,Philippines,2025,2,unchanged,0.90568,0.03987,0.05445
ConfliBERT-2021,full,window,512,123,dev,Philippines,2025,3,unchanged,0.9056,0.0408,0.0536
ConfliBERT-2021,full,window,512,123,test,Philippines,2025,6,unchanged,0.90523,0.04169,0.05308
ConfliBERT-2021,full,window,512,123,test,Philippines,2025,6,unchanged,0.90675,0.04108,0.05216
ConfliBERT-2021,full,window,512,123,test,Philippines,2025,7,unchanged,0.90522,0.04212,0.05266
ConfliBERT-2021,full,window,512,123,test,Philippines,2025,7,unchanged,0.90356,0.04255,0.05389
ConfliBERT-2021,full,window,512,123,test,Philippines,2025,10,unchanged,0.90283,0.04295,0.05422
ConfliBERT-2021,full,window,512,123,test,Philippines,2025,12,unchanged,0.89785,0.04241,0.05974
ConfliBERT-2021,full,window,512,123,dev,South China Sea,2025,1,unchanged,0.90421,0.06538,0.03041
ConfliBERT-2021,full,window,512,123,dev,South China Sea,2025,2,unchanged,0.9013,0.06714,0.03156
ConfliBERT-2021,full,window,512,123,dev,South China Sea,2025,3,unchanged,0.8891,0.07751,0.03339
ConfliBERT-2021,full,window,512,123,test,South China Sea,2025,6,unchanged,0.89982,0.0652,0.03497
ConfliBERT-2021,full,window,512,123,test,South China Sea,2025,6,unchanged,0.90202,0.06409,0.03389
ConfliBERT-2021,full,window,512,123,test,South China Sea,2025,7,unchanged,0.90929,0.05799,0.03272
ConfliBERT-2021,full,window,512,123,test,South China Sea,2025,7,unchanged,0.91405,0.05413,0.03182
ConfliBERT-2021,full,window,512,123,test,South China Sea,2025,10,unchanged,0.90965,0.05684,0.0335
ConfliBERT-2021,full,window,512,123,test,South China Sea,2025,12,unchanged,0.90353,0.06457,0.0319
ConfliBERT-2021,full,window,512,123,dev,Thailand,2025,1,unchanged,0.92304,0.05211,0.02485
ConfliBERT-2021,full,window,512,123,dev,Thailand,2025,2,unchanged,0.92613,0.04736,0.02651
ConfliBERT-2021,full,window,512,123,dev,Thailand,2025,3,unchanged,0.92836,0.04474,0.02689
ConfliBERT-2021,full,window,512,123,test,Thailand,2025,6,deteriorated,0.92752,0.0463,0.02618
ConfliBERT-2021,full,window,512,123,test,Thailand,2025,6,deteriorated,0.92861,0.04517,0.02621
ConfliBERT-2021,full,window,512,123,test,Thailand,2025,7,unchanged,0.90973,0.06546,0.0248
ConfliBERT-2021,full,window,512,123,test,Thailand,2025,7,unchanged,0.89833,0.07652,0.02515
ConfliBERT-2021,full,window,512,123,test,Thailand,2025,10,improved,0.91622,0.05819,0.02559
ConfliBERT-2021,full,window,512,123,test,Thailand,2025,12,unchanged,0.92219,0.05204,0.02577
ConfliBERT-2021,full,window,512,123,test,Guatemala,2025,10,unchanged,0.84162,0.12391,0.03447
ConfliBERT-2021,full,window,512,123,dev,Bolivia,2025,1,unchanged,0.63378,0.33168,0.03454
ConfliBERT-2021,full,window,512,123,dev,Bolivia,2025,2,unchanged,0.74214,0.22228,0.03558
ConfliBERT-2021,full,window,512,123,test,Bolivia,2025,10,improved,0.84528,0.11983,0.03489
ConfliBERT-2021,full,window,512,123,test,Bolivia,2025,12,unchanged,0.80724,0.15588,0.03688
ConfliBERT-2021,full,window,512,123,dev,Peru,2025,3,unchanged,0.7276,0.24419,0.02821
ConfliBERT-2021,full,window,512,123,test,Peru,2025,10,deteriorated,0.23341,0.74179,0.02479
ConfliBERT-2021,full,window,512,123,test,Madagascar,2025,10,deteriorated,0.4402,0.53099,0.02881
ConfliBERT-2021,full,window,512,123,dev,Guinea-Bissau,2025,2,deteriorated,0.44951,0.52553,0.02497
ConfliBERT-2021,full,window,512,123,dev,Guinea-Bissau,2025,2,deteriorated,0.65525,0.31934,0.02541
ConfliBERT-2021,full,window,512,123,dev,Guinea-Bissau,2025,3,unchanged,0.69756,0.2749,0.02754
ConfliBERT-2021,full,window,512,123,test,Guinea-Bissau,2025,12,unchanged,0.4939,0.48246,0.02365
ConfliBERT-2021,full,window,512,123,dev,Guyana,2025,3,unchanged,0.8902,0.07886,0.03094
ConfliBERT-2021,full,window,512,123,dev,Jordan,2025,2,unchanged,0.72434,0.24545,0.03022
ConfliBERT-2021,full,window,512,123,test,Kazakhstan,2026,3,unchanged,0.90818,0.07411,0.01771
ConfliBERT-2021,full,window,512,123,dev,Togo,2025,2,unchanged,0.82273,0.16232,0.01495
ConfliBERT-2021,full,window,512,123,dev,Togo,2025,2,unchanged,0.85593,0.12923,0.01484
ConfliBERT-2021,full,window,512,123,dev,Togo,2025,3,unchanged,0.88021,0.10376,0.01603
ConfliBERT-2021,full,window,512,123,test,Togo,2025,7,unchanged,0.58995,0.39851,0.01155
ConfliBERT-2021,full,window,512,123,test,Togo,2025,10,unchanged,0.37381,0.61631,0.00988
ConfliBERT-2021,full,window,512,123,test,Papua New Guinea,2025,10,unchanged,0.92263,0.05391,0.02346
ConfliBERT-2021,full,window,512,123,test,Cambodia,2025,7,unchanged,0.77153,0.20443,0.02404
ConfliBERT-2021,full,window,512,123,test,Cambodia,2025,7,unchanged,0.8406,0.13497,0.02443
ConfliBERT-2021,full,window,512,123,test,Brazil,2025,10,unchanged,0.35638,0.61098,0.03263
ConfliBERT-2021,full,window,512,123,test,Angola,2025,7,deteriorated,0.20793,0.77559,0.01648
ConfliBERT-2021,full,window,512,123,dev,Indonesia,2025,1,unchanged,0.91149,0.05668,0.03182
ConfliBERT-2021,full,window,512,123,dev,Indonesia,2025,2,unchanged,0.90354,0.06634,0.03012
ConfliBERT-2021,full,window,512,123,dev,Indonesia,2025,3,unchanged,0.89511,0.07191,0.03298
ConfliBERT-2021,full,window,512,123,test,Indonesia,2025,6,unchanged,0.87441,0.0912,0.03439
ConfliBERT-2021,full,window,512,123,test,Indonesia,2025,6,unchanged,0.88035,0.0844,0.03525
ConfliBERT-2021,full,window,512,123,test,Indonesia,2025,7,unchanged,0.89633,0.07411,0.02957
ConfliBERT-2021,full,window,512,123,test,Indonesia,2025,7,unchanged,0.92615,0.04615,0.0277
ConfliBERT-2021,full,window,512,123,test,Indonesia,2025,10,unchanged,0.9028,0.06583,0.03138
ConfliBERT-2021,full,window,512,123,test,Indonesia,2025,12,unchanged,0.85145,0.11861,0.02995
ConfliBERT-2021,full,window,512,123,test,Ghana,2025,7,unchanged,0.81323,0.16297,0.0238
ConfliBERT-2021,full,window,512,123,dev,South Africa,2025,1,unchanged,0.88215,0.07799,0.03986
ConfliBERT-2021,full,window,512,123,dev,South Africa,2025,2,unchanged,0.86898,0.09297,0.03805
ConfliBERT-2021,full,window,512,123,dev,South Africa,2025,2,unchanged,0.90965,0.06081,0.02954
ConfliBERT-2021,full,window,512,123,dev,South Africa,2025,3,unchanged,0.90849,0.06143,0.03008
ConfliBERT-2021,full,window,512,123,test,South Africa,2025,7,unchanged,0.90907,0.05842,0.03251
ConfliBERT-2021,full,window,512,123,test,South Africa,2025,10,unchanged,0.89124,0.07022,0.03854
ConfliBERT-2021,full,window,512,123,test,South Africa,2025,12,unchanged,0.87418,0.0912,0.03462
ConfliBERT-2021,full,window,512,123,test,Qatar,2025,6,unchanged,0.57053,0.40299,0.02648
ConfliBERT-2021,full,window,512,123,test,Qatar,2025,6,unchanged,0.65313,0.3203,0.02657
ConfliBERT-2021,full,window,512,123,test,Morocco,2025,10,deteriorated,0.34771,0.63456,0.01772
ConfliBERT-2021,full,window,512,123,dev,Comoros Islands,2025,1,unchanged,0.37099,0.60927,0.01974
ConfliBERT-2021,full,window,512,123,dev,Russia/U.S.,2025,1,unchanged,0.8728,0.09146,0.03574
ConfliBERT-2021,full,window,512,123,dev,Russia/U.S.,2025,2,unchanged,0.90002,0.07302,0.02697
ConfliBERT-2021,full,window,512,123,dev,Amazon,2025,1,unchanged,0.87533,0.09251,0.03215
ConfliBERT-2021,full,window,512,123,dev,Amazon,2025,2,unchanged,0.88268,0.0882,0.02912
ConfliBERT-2021,full,window,512,123,dev,Amazon,2025,3,unchanged,0.87947,0.09317,0.02736
ConfliBERT-2021,full,window,512,123,test,Amazon,2025,7,deteriorated,0.87177,0.09729,0.03095
ConfliBERT-2021,full,window,512,123,test,Amazon,2025,10,unchanged,0.88052,0.08153,0.03795
ConfliBERT-2021,full,window,512,123,test,Amazon,2025,12,unchanged,0.8539,0.10691,0.03919
ConfliBERT-2021,full,window,512,123,test,China-U.S.,2025,6,unchanged,0.89567,0.08138,0.02295
ConfliBERT-2021,full,window,512,123,test,China-U.S.,2025,6,unchanged,0.90075,0.07643,0.02281
ConfliBERT-2021,full,window,512,123,test,China-U.S.,2025,10,improved,0.90646,0.06988,0.02367
ConfliBERT-2021,full,window,512,123,test,China-U.S.,2025,12,unchanged,0.81191,0.16002,0.02807
ConfliBERT-2021,full,window,512,123,dev,Cook Islands,2025,2,unchanged,0.89263,0.07846,0.02892
ConfliBERT-2021,full,window,512,123,dev,Tasman Sea,2025,2,unchanged,0.84587,0.12937,0.02476
ConfliBERT-2021,full,window,512,123,test,New Caledonia,2025,7,improved,0.82407,0.14496,0.03097
ConfliBERT-2021,full,window,512,123,test,New Caledonia,2025,7,improved,0.8023,0.16795,0.02975
ConfliBERT-2021,full,window,512,124,dev,Cameroon,2025,1,unchanged,0.90499,0.05982,0.03519
ConfliBERT-2021,full,window,512,124,dev,Cameroon,2025,2,unchanged,0.89286,0.06893,0.03821
ConfliBERT-2021,full,window,512,124,dev,Cameroon,2025,2,unchanged,0.89062,0.07144,0.03794
ConfliBERT-2021,full,window,512,124,dev,Cameroon,2025,3,unchanged,0.90256,0.06598,0.03146
ConfliBERT-2021,full,window,512,124,test,Cameroon,2025,7,unchanged,0.86308,0.09931,0.0376
ConfliBERT-2021,full,window,512,124,test,Cameroon,2025,12,unchanged,0.91534,0.04832,0.03633
ConfliBERT-2021,full,window,512,124,dev,Chad,2025,1,unchanged,0.69893,0.26482,0.03625
ConfliBERT-2021,full,window,512,124,dev,Chad,2025,2,unchanged,0.59804,0.36918,0.03278
ConfliBERT-2021,full,window,512,124,dev,Chad,2025,2,unchanged,0.46876,0.49742,0.03382
ConfliBERT-2021,full,window,512,124,dev,Chad,2025,3,unchanged,0.50648,0.46068,0.03285
ConfliBERT-2021,full,window,512,124,test,Chad,2025,7,unchanged,0.88594,0.08531,0.02875
ConfliBERT-2021,full,window,512,124,test,Chad,2025,10,deteriorated,0.89332,0.07354,0.03314
ConfliBERT-2021,full,window,512,124,test,Chad,2025,12,unchanged,0.88498,0.07977,0.03525
ConfliBERT-2021,full,window,512,124,dev,Gabon,2025,1,unchanged,0.92688,0.03963,0.0335
ConfliBERT-2021,full,window,512,124,dev,Gabon,2025,3,unchanged,0.91913,0.04523,0.03564
ConfliBERT-2021,full,window,512,124,dev,Kenya,2025,1,unchanged,0.88874,0.07554,0.03572
ConfliBERT-2021,full,window,512,124,dev,Kenya,2025,2,unchanged,0.9078,0.05581,0.03639
ConfliBERT-2021,full,window,512,124,dev,Kenya,2025,2,unchanged,0.91971,0.04312,0.03718
ConfliBERT-2021,full,window,512,124,dev,Kenya,2025,3,unchanged,0.92497,0.03831,0.03673
ConfliBERT-2021,full,window,512,124,test,Kenya,2025,7,deteriorated,0.5288,0.43913,0.03208
ConfliBERT-2021,full,window,512,124,test,Kenya,2025,10,unchanged,0.49796,0.46867,0.03337
ConfliBERT-2021,full,window,512,124,test,Kenya,2025,12,unchanged,0.8427,0.1169,0.0404
ConfliBERT-2021,full,window,512,124,dev,Mozambique,2025,1,improved,0.68192,0.25891,0.05917
ConfliBERT-2021,full,window,512,124,dev,Mozambique,2025,2,unchanged,0.47608,0.47448,0.04944
ConfliBERT-2021,full,window,512,124,dev,Mozambique,2025,2,unchanged,0.59732,0.34955,0.05313
ConfliBERT-2021,full,window,512,124,dev,Mozambique,2025,3,improved,0.63985,0.30205,0.05809
ConfliBERT-2021,full,window,512,124,test,Mozambique,2025,7,unchanged,0.65191,0.30232,0.04577
ConfliBERT-2021,full,window,512,124,test,Mozambique,2025,10,unchanged,0.87327,0.0817,0.04503
ConfliBERT-2021,full,window,512,124,test,Mozambique,2025,12,unchanged,0.6972,0.25968,0.04312
ConfliBERT-2021,full,window,512,124,dev,Tanzania,2025,1,unchanged,0.90333,0.06236,0.03431
ConfliBERT-2021,full,window,512,124,dev,Tanzania,2025,2,unchanged,0.88875,0.07522,0.03603
ConfliBERT-2021,full,window,512,124,dev,Tanzania,2025,2,unchanged,0.91936,0.04852,0.03213
ConfliBERT-2021,full,window,512,124,dev,Tanzania,2025,3,unchanged,0.88498,0.07686,0.03816
ConfliBERT-2021,full,window,512,124,test,Tanzania,2025,7,unchanged,0.90812,0.05693,0.03494
ConfliBERT-2021,full,window,512,124,test,Tanzania,2025,12,unchanged,0.13255,0.84842,0.01904
ConfliBERT-2021,full,window,512,124,dev,Zimbabwe,2025,1,unchanged,0.92076,0.04911,0.03012
ConfliBERT-2021,full,window,512,124,dev,Zimbabwe,2025,2,unchanged,0.91676,0.05001,0.03323
ConfliBERT-2021,full,window,512,124,dev,Zimbabwe,2025,2,unchanged,0.9188,0.0473,0.0339
ConfliBERT-2021,full,window,512,124,dev,Zimbabwe,2025,3,deteriorated,0.89808,0.06704,0.03488
ConfliBERT-2021,full,window,512,124,test,Zimbabwe,2025,7,unchanged,0.89961,0.07178,0.02861
ConfliBERT-2021,full,window,512,124,test,Zimbabwe,2025,10,unchanged,0.9254,0.04009,0.03451
ConfliBERT-2021,full,window,512,124,test,Zimbabwe,2025,12,unchanged,0.92702,0.03959,0.03339
ConfliBERT-2021,full,window,512,124,test,Burundi,2025,7,unchanged,0.80842,0.14907,0.04251
ConfliBERT-2021,full,window,512,124,test,Burundi,2025,10,unchanged,0.66222,0.30107,0.03671
ConfliBERT-2021,full,window,512,124,test,DR Congo,2025,10,unchanged,0.12776,0.8512,0.02104
ConfliBERT-2021,full,window,512,124,test,DR Congo,2025,12,deteriorated,0.09718,0.88279,0.02003
ConfliBERT-2021,full,window,512,124,dev,Rwanda,2025,2,unchanged,0.53819,0.42821,0.0336
ConfliBERT-2021,full,window,512,124,dev,Rwanda,2025,2,unchanged,0.58257,0.37742,0.04001
ConfliBERT-2021,full,window,512,124,dev,Rwanda,2025,3,unchanged,0.39155,0.57228,0.03617
ConfliBERT-2021,full,window,512,124,test,Rwanda,2025,7,unchanged,0.6066,0.35579,0.03761
ConfliBERT-2021,full,window,512,124,test,Rwanda,2025,10,unchanged,0.92654,0.03809,0.03537
ConfliBERT-2021,full,window,512,124,test,Rwanda,2025,12,unchanged,0.60453,0.3604,0.03507
ConfliBERT-2021,full,window,512,124,dev,Uganda,2025,1,unchanged,0.91281,0.05964,0.02754
ConfliBERT-2021,full,window,512,124,dev,Uganda,2025,2,unchanged,0.80812,0.16188,0.03
ConfliBERT-2021,full,window,512,124,dev,Uganda,2025,2,unchanged,0.75767,0.20916,0.03317
ConfliBERT-2021,full,window,512,124,dev,Uganda,2025,3,unchanged,0.73454,0.23372,0.03174
ConfliBERT-2021,full,window,512,124,test,Uganda,2025,7,unchanged,0.81278,0.15218,0.03505
ConfliBERT-2021,full,window,512,124,test,Uganda,2025,10,unchanged,0.86562,0.09879,0.03559
ConfliBERT-2021,full,window,512,124,dev,Eritrea,2025,1,unchanged,0.94151,0.0281,0.03039
ConfliBERT-2021,full,window,512,124,dev,Eritrea,2025,2,unchanged,0.94147,0.02766,0.03086
ConfliBERT-2021,full,window,512,124,dev,Eritrea,2025,2,unchanged,0.93662,0.02723,0.03615
ConfliBERT-2021,full,window,512,124,test,Eritrea,2025,7,unchanged,0.93688,0.03181,0.03132
ConfliBERT-2021,full,window,512,124,test,Eritrea,2025,10,unchanged,0.92039,0.0525,0.02711
ConfliBERT-2021,full,window,512,124,test,Eritrea,2025,12,unchanged,0.93161,0.03651,0.03189
ConfliBERT-2021,full,window,512,124,dev,Ethiopia,2025,1,unchanged,0.89783,0.06653,0.03564
ConfliBERT-2021,full,window,512,124,dev,Ethiopia,2025,2,unchanged,0.89842,0.06539,0.03619
ConfliBERT-2021,full,window,512,124,dev,Ethiopia,2025,2,unchanged,0.90513,0.05939,0.03548
ConfliBERT-2021,full,window,512,124,test,Ethiopia,2025,7,unchanged,0.87759,0.08757,0.03483
ConfliBERT-2021,full,window,512,124,test,Ethiopia,2025,10,unchanged,0.7352,0.22746,0.03735
ConfliBERT-2021,full,window,512,124,test,Ethiopia,2025,12,deteriorated,0.83259,0.1305,0.03691
ConfliBERT-2021,full,window,512,124,test,Nile Waters,2025,7,unchanged,0.93362,0.03468,0.0317
ConfliBERT-2021,full,window,512,124,test,Nile Waters,2025,10,unchanged,0.90103,0.06814,0.03083
ConfliBERT-2021,full,window,512,124,test,Nile Waters,2025,12,unchanged,0.92521,0.04482,0.02997
ConfliBERT-2021,full,window,512,124,dev,Somalia,2025,1,unchanged,0.67169,0.28669,0.04162
ConfliBERT-2021,full,window,512,124,dev,Somalia,2025,2,unchanged,0.55064,0.41025,0.0391
ConfliBERT-2021,full,window,512,124,dev,Somalia,2025,2,unchanged,0.43692,0.52467,0.03841
ConfliBERT-2021,full,window,512,124,dev,Somalia,2025,3,unchanged,0.46938,0.49036,0.04026
ConfliBERT-2021,full,window,512,124,test,Somalia,2025,7,deteriorated,0.37114,0.5879,0.04096
ConfliBERT-2021,full,window,512,124,test,Somalia,2025,10,unchanged,0.2471,0.71686,0.03604
ConfliBERT-2021,full,window,512,124,test,Somalia,2025,12,unchanged,0.18818,0.77964,0.03218
ConfliBERT-2021,full,window,512,124,dev,Somaliland,2025,1,unchanged,0.87352,0.08205,0.04443
ConfliBERT-2021,full,window,512,124,dev,Somaliland,2025,2,unchanged,0.83533,0.12377,0.04089
ConfliBERT-2021,full,window,512,124,dev,Somaliland,2025,2,unchanged,0.87756,0.08245,0.03999
ConfliBERT-2021,full,window,512,124,dev,Somaliland,2025,3,unchanged,0.80865,0.14238,0.04897
ConfliBERT-2021,full,window,512,124,test,Somaliland,2025,7,unchanged,0.8849,0.07436,0.04075
ConfliBERT-2021,full,window,512,124,test,Somaliland,2025,10,unchanged,0.91371,0.0585,0.02779
ConfliBERT-2021,full,window,512,124,test,Somaliland,2025,12,unchanged,0.80159,0.1599,0.03852
ConfliBERT-2021,full,window,512,124,dev,South Sudan,2025,1,unchanged,0.83266,0.13609,0.03126
ConfliBERT-2021,full,window,512,124,dev,South Sudan,2025,2,unchanged,0.7556,0.21161,0.03279
ConfliBERT-2021,full,window,512,124,dev,South Sudan,2025,2,unchanged,0.75988,0.20696,0.03315
ConfliBERT-2021,full,window,512,124,test,South Sudan,2025,7,unchanged,0.84277,0.11688,0.04035
ConfliBERT-2021,full,window,512,124,test,South Sudan,2025,10,unchanged,0.81145,0.15019,0.03836
ConfliBERT-2021,full,window,512,124,test,South Sudan,2025,12,unchanged,0.89091,0.07306,0.03603
ConfliBERT-2021,full,window,512,124,dev,Sudan,2025,2,deteriorated,0.18933,0.78932,0.02135
ConfliBERT-2021,full,window,512,124,dev,Sudan,2025,2,deteriorated,0.23351,0.74302,0.02347
ConfliBERT-2021,full,window,512,124,dev,Sudan,2025,3,unchanged,0.31834,0.65376,0.0279
ConfliBERT-2021,full,window,512,124,test,Sudan,2025,7,unchanged,0.57068,0.38962,0.0397
ConfliBERT-2021,full,window,512,124,test,Sudan,2025,12,unchanged,0.48853,0.4735,0.03797
ConfliBERT-2021,full,window,512,124,dev,Burkina Faso,2025,1,unchanged,0.84406,0.12168,0.03426
ConfliBERT-2021,full,window,512,124,dev,Burkina Faso,2025,2,unchanged,0.73648,0.22985,0.03367
ConfliBERT-2021,full,window,512,124,dev,Burkina Faso,2025,2,unchanged,0.71016,0.25436,0.03548
ConfliBERT-2021,full,window,512,124,dev,Burkina Faso,2025,3,deteriorated,0.62148,0.34564,0.03289
ConfliBERT-2021,full,window,512,124,test,Burkina Faso,2025,7,unchanged,0.56326,0.40735,0.02939
ConfliBERT-2021,full,window,512,124,test,Burkina Faso,2025,10,unchanged,0.74688,0.21521,0.03791
ConfliBERT-2021,full,window,512,124,test,Burkina Faso,2025,12,unchanged,0.80598,0.15776,0.03626
ConfliBERT-2021,full,window,512,124,dev,Guinea,2025,1,unchanged,0.90645,0.05961,0.03394
ConfliBERT-2021,full,window,512,124,dev,Guinea,2025,2,unchanged,0.91595,0.04962,0.03443
ConfliBERT-2021,full,window,512,124,dev,Guinea,2025,2,unchanged,0.92055,0.04424,0.03521
ConfliBERT-2021,full,window,512,124,dev,Guinea,2025,3,unchanged,0.91857,0.04504,0.0364
ConfliBERT-2021,full,window,512,124,test,Guinea,2025,7,unchanged,0.89256,0.07769,0.02975
ConfliBERT-2021,full,window,512,124,test,Guinea,2025,10,unchanged,0.91215,0.05164,0.03621
ConfliBERT-2021,full,window,512,124,test,Guinea,2025,12,unchanged,0.80286,0.15452,0.04262
ConfliBERT-2021,full,window,512,124,dev,Nigeria,2025,1,unchanged,0.69267,0.27173,0.0356
ConfliBERT-2021,full,window,512,124,dev,Nigeria,2025,2,unchanged,0.67835,0.28606,0.03559
ConfliBERT-2021,full,window,512,124,dev,Nigeria,2025,2,unchanged,0.61984,0.34571,0.03444
ConfliBERT-2021,full,window,512,124,dev,Nigeria,2025,3,unchanged,0.72181,0.24285,0.03534
ConfliBERT-2021,full,window,512,124,test,Nigeria,2025,7,unchanged,0.56212,0.40562,0.03226
ConfliBERT-2021,full,window,512,124,test,Nigeria,2025,10,unchanged,0.4669,0.50265,0.03044
ConfliBERT-2021,full,window,512,124,test,Nigeria,2025,12,unchanged,0.50141,0.46911,0.02948
ConfliBERT-2021,full,window,512,124,dev,Senegal,2025,2,unchanged,0.87279,0.07334,0.05387
ConfliBERT-2021,full,window,512,124,dev,Senegal,2025,2,unchanged,0.91567,0.03523,0.0491
ConfliBERT-2021,full,window,512,124,dev,Kosovo,2025,1,unchanged,0.92746,0.03625,0.0363
ConfliBERT-2021,full,window,512,124,dev,Kosovo,2025,2,unchanged,0.91917,0.04267,0.03815
ConfliBERT-2021,full,window,512,124,dev,Kosovo,2025,3,unchanged,0.92835,0.03542,0.03622
ConfliBERT-2021,full,window,512,124,test,Kosovo,2025,7,unchanged,0.91706,0.04627,0.03666
ConfliBERT-2021,full,window,512,124,test,Kosovo,2025,10,unchanged,0.90271,0.05692,0.04037
ConfliBERT-2021,full,window,512,124,test,Kosovo,2025,12,unchanged,0.88589,0.06647,0.04765
ConfliBERT-2021,full,window,512,124,test,Kosovo,2026,3,unchanged,0.88457,0.08072,0.03471
ConfliBERT-2021,full,window,512,124,dev,Armenia,2025,1,unchanged,0.9388,0.02767,0.03352
ConfliBERT-2021,full,window,512,124,dev,Armenia,2025,2,unchanged,0.93971,0.02784,0.03245
ConfliBERT-2021,full,window,512,124,dev,Armenia,2025,3,unchanged,0.93773,0.02931,0.03296
ConfliBERT-2021,full,window,512,124,test,Armenia,2025,7,unchanged,0.93592,0.03142,0.03267
ConfliBERT-2021,full,window,512,124,test,Armenia,2025,10,unchanged,0.93855,0.03044,0.03101
ConfliBERT-2021,full,window,512,124,test,Armenia,2025,12,unchanged,0.93921,0.02927,0.03152
ConfliBERT-2021,full,window,512,124,test,Armenia,2026,3,unchanged,0.93864,0.03023,0.03113
ConfliBERT-2021,full,window,512,124,dev,Azerbaijan,2025,1,unchanged,0.93819,0.0284,0.0334
ConfliBERT-2021,full,window,512,124,dev,Azerbaijan,2025,2,unchanged,0.92684,0.0449,0.02825
ConfliBERT-2021,full,window,512,124,dev,Azerbaijan,2025,3,unchanged,0.91734,0.05626,0.0264
ConfliBERT-2021,full,window,512,124,test,Azerbaijan,2025,7,unchanged,0.93549,0.03182,0.03269
ConfliBERT-2021,full,window,512,124,test,Azerbaijan,2025,10,unchanged,0.94113,0.02766,0.03121
ConfliBERT-2021,full,window,512,124,test,Azerbaijan,2025,12,unchanged,0.94049,0.02843,0.03108
ConfliBERT-2021,full,window,512,124,test,Azerbaijan,2026,3,unchanged,0.93997,0.0304,0.02963
ConfliBERT-2021,full,window,512,124,dev,Georgia,2025,1,unchanged,0.83665,0.12343,0.03992
ConfliBERT-2021,full,window,512,124,dev,Georgia,2025,2,unchanged,0.79161,0.17246,0.03592
ConfliBERT-2021,full,window,512,124,dev,Georgia,2025,3,unchanged,0.88628,0.07603,0.03769
ConfliBERT-2021,full,window,512,124,test,Georgia,2025,7,unchanged,0.91119,0.05373,0.03508
ConfliBERT-2021,full,window,512,124,test,Georgia,2025,10,unchanged,0.84447,0.1208,0.03473
ConfliBERT-2021,full,window,512,124,test,Georgia,2025,12,unchanged,0.83545,0.13106,0.0335
ConfliBERT-2021,full,window,512,124,test,Georgia,2026,3,unchanged,0.88761,0.08332,0.02907
ConfliBERT-2021,full,window,512,124,dev,Belarus,2025,1,unchanged,0.93059,0.04042,0.029
ConfliBERT-2021,full,window,512,124,dev,Belarus,2025,2,unchanged,0.92285,0.04951,0.02764
ConfliBERT-2021,full,window,512,124,dev,Belarus,2025,3,unchanged,0.93845,0.03146,0.03009
ConfliBERT-2021,full,window,512,124,test,Belarus,2025,7,unchanged,0.93909,0.03061,0.03031
ConfliBERT-2021,full,window,512,124,test,Belarus,2025,10,unchanged,0.91875,0.05495,0.0263
ConfliBERT-2021,full,window,512,124,test,Belarus,2025,12,unchanged,0.93859,0.03262,0.02879
ConfliBERT-2021,full,window,512,124,test,Belarus,2026,3,unchanged,0.93979,0.03022,0.02999
ConfliBERT-2021,full,window,512,124,dev,Ukraine,2025,1,unchanged,0.72498,0.24087,0.03414
ConfliBERT-2021,full,window,512,124,dev,Ukraine,2025,2,unchanged,0.72177,0.24657,0.03165
ConfliBERT-2021,full,window,512,124,dev,Ukraine,2025,3,unchanged,0.62751,0.34257,0.02993
ConfliBERT-2021,full,window,512,124,test,Ukraine,2025,12,unchanged,0.53192,0.43245,0.03564
ConfliBERT-2021,full,window,512,124,test,Ukraine,2026,3,unchanged,0.74926,0.21658,0.03416
ConfliBERT-2021,full,window,512,124,dev,Cyprus,2025,1,unchanged,0.92414,0.04717,0.02869
ConfliBERT-2021,full,window,512,124,dev,Cyprus,2025,2,unchanged,0.93701,0.02969,0.0333
ConfliBERT-2021,full,window,512,124,dev,Cyprus,2025,3,unchanged,0.93449,0.03165,0.03386
ConfliBERT-2021,full,window,512,124,test,Cyprus,2025,7,unchanged,0.93161,0.02948,0.03891
ConfliBERT-2021,full,window,512,124,test,Cyprus,2025,10,unchanged,0.93375,0.03195,0.0343
ConfliBERT-2021,full,window,512,124,test,Cyprus,2025,12,unchanged,0.93844,0.02769,0.03386
ConfliBERT-2021,full,window,512,124,test,Cyprus,2026,3,unchanged,0.93097,0.03809,0.03094
ConfliBERT-2021,full,window,512,124,dev,Türkiye,2025,1,unchanged,0.91216,0.0513,0.03655
ConfliBERT-2021,full,window,512,124,dev,Türkiye,2025,3,deteriorated,0.85054,0.10556,0.0439
ConfliBERT-2021,full,window,512,124,test,Türkiye,2025,7,improved,0.89725,0.06347,0.03928
ConfliBERT-2021,full,window,512,124,test,Türkiye,2025,10,unchanged,0.9218,0.04201,0.03619
ConfliBERT-2021,full,window,512,124,test,Türkiye,2025,12,unchanged,0.91489,0.04671,0.0384
ConfliBERT-2021,full,window,512,124,test,Türkiye,2026,3,unchanged,0.91051,0.05474,0.03476
ConfliBERT-2021,full,window,512,124,dev,Kyrgyzstan,2025,1,unchanged,0.93893,0.02759,0.03347
ConfliBERT-2021,full,window,512,124,dev,Kyrgyzstan,2025,2,unchanged,0.93972,0.02774,0.03254
ConfliBERT-2021,full,window,512,124,dev,Kyrgyzstan,2025,3,improved,0.93859,0.02821,0.0332
ConfliBERT-2021,full,window,512,124,test,Kyrgyzstan,2025,7,unchanged,0.92298,0.04861,0.02841
ConfliBERT-2021,full,window,512,124,test,Kyrgyzstan,2025,10,unchanged,0.93846,0.02991,0.03162
ConfliBERT-2021,full,window,512,124,test,Kyrgyzstan,2025,12,unchanged,0.9268,0.04551,0.02769
ConfliBERT-2021,full,window,512,124,test,Kyrgyzstan,2026,3,unchanged,0.93021,0.03906,0.03073
ConfliBERT-2021,full,window,512,124,dev,Tajikistan,2025,1,unchanged,0.93903,0.02858,0.03239
ConfliBERT-2021,full,window,512,124,dev,Tajikistan,2025,2,unchanged,0.93761,0.02979,0.0326
ConfliBERT-2021,full,window,512,124,dev,Tajikistan,2025,3,improved,0.92885,0.04211,0.02904
ConfliBERT-2021,full,window,512,124,test,Tajikistan,2025,7,unchanged,0.91973,0.05252,0.02775
ConfliBERT-2021,full,window,512,124,test,Tajikistan,2025,10,unchanged,0.941,0.02754,0.03145
ConfliBERT-2021,full,window,512,124,test,Tajikistan,2025,12,unchanged,0.93733,0.03085,0.03182
ConfliBERT-2021,full,window,512,124,test,Tajikistan,2026,3,unchanged,0.93632,0.03163,0.03204
ConfliBERT-2021,full,window,512,124,dev,Uzbekistan,2025,1,unchanged,0.9391,0.03007,0.03083
ConfliBERT-2021,full,window,512,124,dev,Uzbekistan,2025,2,unchanged,0.94029,0.02722,0.03249
ConfliBERT-2021,full,window,512,124,dev,Uzbekistan,2025,3,unchanged,0.94227,0.02684,0.03089
ConfliBERT-2021,full,window,512,124,test,Uzbekistan,2025,7,unchanged,0.94171,0.02778,0.03051
ConfliBERT-2021,full,window,512,124,test,Uzbekistan,2025,10,unchanged,0.94077,0.02753,0.03169
ConfliBERT-2021,full,window,512,124,test,Uzbekistan,2025,12,unchanged,0.94242,0.02632,0.03126
ConfliBERT-2021,full,window,512,124,test,Uzbekistan,2026,3,unchanged,0.92109,0.05326,0.02564
ConfliBERT-2021,full,window,512,124,dev,Lebanon,2025,1,unchanged,0.27505,0.67943,0.04552
ConfliBERT-2021,full,window,512,124,dev,Lebanon,2025,2,unchanged,0.60055,0.36566,0.0338
ConfliBERT-2021,full,window,512,124,dev,Lebanon,2025,3,unchanged,0.40303,0.55871,0.03826
ConfliBERT-2021,full,window,512,124,test,Lebanon,2025,6,unchanged,0.4654,0.49112,0.04349
ConfliBERT-2021,full,window,512,124,test,Lebanon,2025,6,unchanged,0.51515,0.44277,0.04208
ConfliBERT-2021,full,window,512,124,test,Lebanon,2025,7,unchanged,0.52391,0.43633,0.03976
ConfliBERT-2021,full,window,512,124,test,Lebanon,2025,10,unchanged,0.62073,0.34132,0.03794
ConfliBERT-2021,full,window,512,124,test,Lebanon,2025,12,unchanged,0.82942,0.13751,0.03307
ConfliBERT-2021,full,window,512,124,dev,Syria,2025,1,unchanged,0.3291,0.63538,0.03552
ConfliBERT-2021,full,window,512,124,dev,Syria,2025,2,unchanged,0.42077,0.53816,0.04107
ConfliBERT-2021,full,window,512,124,dev,Syria,2025,3,deteriorated,0.57904,0.37554,0.04541
ConfliBERT-2021,full,window,512,124,test,Syria,2025,6,deteriorated,0.49485,0.4706,0.03455
ConfliBERT-2021,full,window,512,124,test,Syria,2025,6,deteriorated,0.55031,0.41416,0.03553
ConfliBERT-2021,full,window,512,124,test,Syria,2025,7,deteriorated,0.48471,0.48342,0.03187
ConfliBERT-2021,full,window,512,124,test,Syria,2025,10,improved,0.52945,0.43446,0.03609
ConfliBERT-2021,full,window,512,124,test,Syria,2025,12,deteriorated,0.40508,0.56471,0.03021
ConfliBERT-2021,full,window,512,124,dev,Iran,2025,1,unchanged,0.92627,0.04102,0.03271
ConfliBERT-2021,full,window,512,124,dev,Iran,2025,2,unchanged,0.90203,0.06812,0.02985
ConfliBERT-2021,full,window,512,124,dev,Iran,2025,3,unchanged,0.8891,0.08329,0.0276
ConfliBERT-2021,full,window,512,124,test,Iran,2025,7,unchanged,0.87887,0.08781,0.03332
ConfliBERT-2021,full,window,512,124,test,Iran,2025,10,unchanged,0.90223,0.067,0.03077
ConfliBERT-2021,full,window,512,124,test,Iran,2025,12,deteriorated,0.69369,0.28058,0.02573
ConfliBERT-2021,full,window,512,124,dev,Iraq,2025,1,unchanged,0.85381,0.10705,0.03914
ConfliBERT-2021,full,window,512,124,dev,Iraq,2025,2,unchanged,0.85627,0.10528,0.03845
ConfliBERT-2021,full,window,512,124,dev,Iraq,2025,3,unchanged,0.81435,0.1503,0.03535
ConfliBERT-2021,full,window,512,124,test,Iraq,2025,6,unchanged,0.81922,0.14751,0.03327
ConfliBERT-2021,full,window,512,124,test,Iraq,2025,6,unchanged,0.80284,0.16783,0.02933
ConfliBERT-2021,full,window,512,124,test,Iraq,2025,7,unchanged,0.81761,0.15585,0.02654
ConfliBERT-2021,full,window,512,124,test,Iraq,2025,10,unchanged,0.86064,0.10019,0.03917
ConfliBERT-2021,full,window,512,124,test,Iraq,2025,12,unchanged,0.87217,0.09682,0.031
ConfliBERT-2021,full,window,512,124,dev,Saudi Arabia,2025,1,unchanged,0.93666,0.02957,0.03377
ConfliBERT-2021,full,window,512,124,dev,Saudi Arabia,2025,2,unchanged,0.92117,0.05036,0.02847
ConfliBERT-2021,full,window,512,124,dev,Saudi Arabia,2025,3,unchanged,0.70717,0.26095,0.03188
ConfliBERT-2021,full,window,512,124,test,Saudi Arabia,2025,6,unchanged,0.62822,0.34538,0.02641
ConfliBERT-2021,full,window,512,124,test,Saudi Arabia,2025,6,unchanged,0.73742,0.23796,0.02462
ConfliBERT-2021,full,window,512,124,test,Saudi Arabia,2025,7,unchanged,0.75181,0.22291,0.02528
ConfliBERT-2021,full,window,512,124,test,Saudi Arabia,2025,10,unchanged,0.66435,0.31173,0.02392
ConfliBERT-2021,full,window,512,124,test,Saudi Arabia,2025,12,unchanged,0.75996,0.19832,0.04172
ConfliBERT-2021,full,window,512,124,test,Yemen,2025,6,unchanged,0.19852,0.76698,0.0345
ConfliBERT-2021,full,window,512,124,test,Yemen,2025,6,unchanged,0.26326,0.70376,0.03298
ConfliBERT-2021,full,window,512,124,test,Yemen,2025,7,deteriorated,0.2965,0.67371,0.02979
ConfliBERT-2021,full,window,512,124,dev,Algeria,2025,1,unchanged,0.92931,0.04082,0.02986
ConfliBERT-2021,full,window,512,124,dev,Algeria,2025,2,unchanged,0.92971,0.04053,0.02975
ConfliBERT-2021,full,window,512,124,dev,Algeria,2025,3,unchanged,0.93914,0.02919,0.03167
ConfliBERT-2021,full,window,512,124,test,Algeria,2025,6,unchanged,0.93886,0.03016,0.03098
ConfliBERT-2021,full,window,512,124,test,Algeria,2025,6,unchanged,0.93639,0.02997,0.03364
ConfliBERT-2021,full,window,512,124,test,Algeria,2025,7,unchanged,0.93077,0.03746,0.03177
ConfliBERT-2021,full,window,512,124,test,Algeria,2025,10,unchanged,0.93584,0.02893,0.03523
ConfliBERT-2021,full,window,512,124,test,Algeria,2025,12,unchanged,0.93805,0.02993,0.03202
ConfliBERT-2021,full,window,512,124,dev,Egypt,2025,1,unchanged,0.92064,0.04503,0.03433
ConfliBERT-2021,full,window,512,124,dev,Egypt,2025,2,unchanged,0.90965,0.05512,0.03523
ConfliBERT-2021,full,window,512,124,dev,Egypt,2025,3,unchanged,0.87955,0.0871,0.03336
ConfliBERT-2021,full,window,512,124,test,Egypt,2025,6,unchanged,0.88149,0.08242,0.03608
ConfliBERT-2021,full,window,512,124,test,Egypt,2025,6,unchanged,0.89784,0.06838,0.03378
ConfliBERT-2021,full,window,512,124,test,Egypt,2025,7,unchanged,0.90792,0.05809,0.03399
ConfliBERT-2021,full,window,512,124,test,Egypt,2025,10,unchanged,0.89957,0.06911,0.03132
ConfliBERT-2021,full,window,512,124,test,Egypt,2025,12,unchanged,0.8965,0.06871,0.03479
ConfliBERT-2021,full,window,512,124,dev,Libya,2025,1,unchanged,0.79932,0.16748,0.0332
ConfliBERT-2021,full,window,512,124,dev,Libya,2025,2,unchanged,0.87375,0.09223,0.03402
ConfliBERT-2021,full,window,512,124,dev,Libya,2025,3,unchanged,0.90129,0.06236,0.03635
ConfliBERT-2021,full,window,512,124,test,Libya,2025,6,unchanged,0.90269,0.06266,0.03464
ConfliBERT-2021,full,window,512,124,test,Libya,2025,6,unchanged,0.86549,0.09944,0.03506
ConfliBERT-2021,full,window,512,124,test,Libya,2025,7,unchanged,0.8475,0.11645,0.03605
ConfliBERT-2021,full,window,512,124,test,Libya,2025,10,unchanged,0.72549,0.23962,0.03489
ConfliBERT-2021,full,window,512,124,test,Libya,2025,12,unchanged,0.61609,0.35177,0.03214
ConfliBERT-2021,full,window,512,124,dev,Tunisia,2025,1,unchanged,0.90191,0.0661,0.03199
ConfliBERT-2021,full,window,512,124,dev,Tunisia,2025,2,unchanged,0.90713,0.06215,0.03073
ConfliBERT-2021,full,window,512,124,dev,Tunisia,2025,3,unchanged,0.91552,0.05204,0.03244
ConfliBERT-2021,full,window,512,124,test,Tunisia,2025,6,unchanged,0.91319,0.05471,0.0321
ConfliBERT-2021,full,window,512,124,test,Tunisia,2025,6,unchanged,0.91943,0.04751,0.03306
ConfliBERT-2021,full,window,512,124,test,Tunisia,2025,7,unchanged,0.92561,0.04092,0.03347
ConfliBERT-2021,full,window,512,124,test,Tunisia,2025,10,unchanged,0.92125,0.04718,0.03157
ConfliBERT-2021,full,window,512,124,test,Tunisia,2025,12,unchanged,0.9142,0.05679,0.029
ConfliBERT-2021,full,window,512,124,dev,Western Sahara,2025,1,unchanged,0.89256,0.07515,0.03229
ConfliBERT-2021,full,window,512,124,dev,Western Sahara,2025,2,unchanged,0.91537,0.05346,0.03117
ConfliBERT-2021,full,window,512,124,dev,Western Sahara,2025,3,unchanged,0.92643,0.03557,0.03801
ConfliBERT-2021,full,window,512,124,test,Western Sahara,2025,6,unchanged,0.92833,0.03423,0.03744
ConfliBERT-2021,full,window,512,124,test,Western Sahara,2025,6,unchanged,0.9268,0.03292,0.04028
ConfliBERT-2021,full,window,512,124,test,Western Sahara,2025,7,unchanged,0.87267,0.09109,0.03624
ConfliBERT-2021,full,window,512,124,test,Western Sahara,2025,10,unchanged,0.91224,0.04057,0.0472
ConfliBERT-2021,full,window,512,124,test,Western Sahara,2025,12,unchanged,0.91587,0.03784,0.04629
ConfliBERT-2021,full,window,512,124,dev,Central African Republic,2025,1,unchanged,0.91382,0.05293,0.03325
ConfliBERT-2021,full,window,512,124,dev,Central African Republic,2025,2,unchanged,0.86813,0.09837,0.0335
ConfliBERT-2021,full,window,512,124,dev,Central African Republic,2025,2,unchanged,0.84882,0.11843,0.03276
ConfliBERT-2021,full,window,512,124,dev,Central African Republic,2025,3,unchanged,0.88968,0.07654,0.03378
ConfliBERT-2021,full,window,512,124,test,Central African Republic,2025,7,unchanged,0.80437,0.15864,0.03699
ConfliBERT-2021,full,window,512,124,test,Central African Republic,2025,10,unchanged,0.90118,0.06202,0.03681
ConfliBERT-2021,full,window,512,124,dev,Mali,2025,1,unchanged,0.80349,0.1578,0.03871
ConfliBERT-2021,full,window,512,124,dev,Mali,2025,2,unchanged,0.68588,0.27536,0.03876
ConfliBERT-2021,full,window,512,124,dev,Mali,2025,2,unchanged,0.69888,0.26604,0.03508
ConfliBERT-2021,full,window,512,124,dev,Mali,2025,3,unchanged,0.6036,0.36132,0.03508
ConfliBERT-2021,full,window,512,124,test,Mali,2025,7,deteriorated,0.80386,0.16817,0.02797
ConfliBERT-2021,full,window,512,124,test,Mali,2025,12,unchanged,0.88231,0.08127,0.03642
ConfliBERT-2021,full,window,512,124,dev,Niger,2025,1,unchanged,0.91318,0.05724,0.02958
ConfliBERT-2021,full,window,512,124,dev,Niger,2025,2,unchanged,0.87907,0.09025,0.03068
ConfliBERT-2021,full,window,512,124,dev,Niger,2025,2,unchanged,0.87088,0.0981,0.03102
ConfliBERT-2021,full,window,512,124,dev,Niger,2025,3,deteriorated,0.88815,0.07751,0.03434
ConfliBERT-2021,full,window,512,124,test,Niger,2025,7,unchanged,0.9245,0.04235,0.03315
ConfliBERT-2021,full,window,512,124,test,Niger,2025,10,unchanged,0.91306,0.05395,0.033
ConfliBERT-2021,full,window,512,124,test,Niger,2025,12,unchanged,0.93056,0.03743,0.03201
ConfliBERT-2021,full,window,512,124,dev,Benin,2025,1,deteriorated,0.93717,0.03046,0.03237
ConfliBERT-2021,full,window,512,124,dev,Benin,2025,2,unchanged,0.92375,0.04297,0.03328
ConfliBERT-2021,full,window,512,124,dev,Benin,2025,2,unchanged,0.9315,0.03534,0.03316
ConfliBERT-2021,full,window,512,124,dev,Benin,2025,3,unchanged,0.93385,0.03174,0.03441
ConfliBERT-2021,full,window,512,124,test,Benin,2025,7,unchanged,0.94133,0.02608,0.03259
ConfliBERT-2021,full,window,512,124,test,Benin,2025,10,unchanged,0.93229,0.03531,0.0324
ConfliBERT-2021,full,window,512,124,test,Benin,2025,12,deteriorated,0.737,0.22699,0.03601
ConfliBERT-2021,full,window,512,124,dev,Moldova,2025,1,deteriorated,0.91806,0.05113,0.03081
ConfliBERT-2021,full,window,512,124,dev,Moldova,2025,2,unchanged,0.91536,0.05251,0.03213
ConfliBERT-2021,full,window,512,124,test,Moldova,2026,3,unchanged,0.85965,0.11047,0.02988
ConfliBERT-2021,full,window,512,124,test,Israel/Palestine,2025,12,unchanged,0.3795,0.58321,0.03728
ConfliBERT-2021,full,window,512,124,dev,Colombia,2025,2,unchanged,0.77491,0.1342,0.09089
ConfliBERT-2021,full,window,512,124,dev,Colombia,2025,3,unchanged,0.72616,0.16899,0.10486
ConfliBERT-2021,full,window,512,124,test,Colombia,2025,7,unchanged,0.85432,0.09067,0.05501
ConfliBERT-2021,full,window,512,124,test,Colombia,2025,10,deteriorated,0.79676,0.12056,0.08268
ConfliBERT-2021,full,window,512,124,test,Colombia,2025,12,unchanged,0.71558,0.23213,0.05229
ConfliBERT-2021,full,window,512,124,dev,Ecuador,2025,1,deteriorated,0.73331,0.19672,0.06998
ConfliBERT-2021,full,window,512,124,dev,Ecuador,2025,2,unchanged,0.75516,0.17028,0.07456
ConfliBERT-2021,full,window,512,124,dev,Ecuador,2025,3,unchanged,0.80319,0.13046,0.06636
ConfliBERT-2021,full,window,512,124,test,Ecuador,2025,7,unchanged,0.89402,0.05717,0.04882
ConfliBERT-2021,full,window,512,124,test,Ecuador,2025,10,unchanged,0.56476,0.37786,0.05738
ConfliBERT-2021,full,window,512,124,test,Ecuador,2025,12,unchanged,0.64741,0.2928,0.05979
ConfliBERT-2021,full,window,512,124,dev,Venezuela,2025,1,unchanged,0.86546,0.09868,0.03586
ConfliBERT-2021,full,window,512,124,dev,Venezuela,2025,2,unchanged,0.87496,0.08682,0.03822
ConfliBERT-2021,full,window,512,124,dev,Venezuela,2025,3,unchanged,0.8797,0.08595,0.03435
ConfliBERT-2021,full,window,512,124,test,Venezuela,2025,7,unchanged,0.89007,0.07349,0.03644
ConfliBERT-2021,full,window,512,124,dev,El Salvador,2025,1,unchanged,0.90664,0.04811,0.04525
ConfliBERT-2021,full,window,512,124,dev,El Salvador,2025,2,unchanged,0.90697,0.05665,0.03637
ConfliBERT-2021,full,window,512,124,dev,El Salvador,2025,3,unchanged,0.90406,0.06761,0.02833
ConfliBERT-2021,full,window,512,124,test,El Salvador,2025,7,deteriorated,0.89573,0.07305,0.03122
ConfliBERT-2021,full,window,512,124,test,El Salvador,2025,10,unchanged,0.91262,0.05488,0.0325
ConfliBERT-2021,full,window,512,124,test,El Salvador,2025,12,unchanged,0.91171,0.05562,0.03267
ConfliBERT-2021,full,window,512,124,test,Honduras,2025,12,deteriorated,0.23241,0.70133,0.06626
ConfliBERT-2021,full,window,512,124,dev,Mexico,2025,1,unchanged,0.7987,0.14384,0.05745
ConfliBERT-2021,full,window,512,124,dev,Mexico,2025,2,unchanged,0.84951,0.11021,0.04028
ConfliBERT-2021,full,window,512,124,dev,Mexico,2025,3,unchanged,0.8526,0.1114,0.036
ConfliBERT-2021,full,window,512,124,test,Mexico,2025,7,unchanged,0.8666,0.1012,0.0322
ConfliBERT-2021,full,window,512,124,test,Mexico,2025,10,unchanged,0.74286,0.21851,0.03862
ConfliBERT-2021,full,window,512,124,test,Mexico,2025,12,unchanged,0.8414,0.12646,0.03215
ConfliBERT-2021,full,window,512,124,dev,Nicaragua,2025,1,unchanged,0.89905,0.06412,0.03683
ConfliBERT-2021,full,window,512,124,dev,Nicaragua,2025,2,deteriorated,0.91057,0.05639,0.03303
ConfliBERT-2021,full,window,512,124,dev,Nicaragua,2025,3,unchanged,0.91974,0.04159,0.03866
ConfliBERT-2021,full,window,512,124,test,Nicaragua,2025,7,unchanged,0.90361,0.06599,0.0304
ConfliBERT-2021,full,window,512,124,test,Nicaragua,2025,10,unchanged,0.93272,0.03255,0.03473
ConfliBERT-2021,full,window,512,124,test,Nicaragua,2025,12,unchanged,0.91781,0.05283,0.02936
ConfliBERT-2021,full,window,512,124,dev,Haiti,2025,1,unchanged,0.61385,0.3499,0.03625
ConfliBERT-2021,full,window,512,124,dev,Haiti,2025,2,unchanged,0.53945,0.42373,0.03682
ConfliBERT-2021,full,window,512,124,dev,Haiti,2025,3,deteriorated,0.57039,0.38979,0.03981
ConfliBERT-2021,full,window,512,124,test,Haiti,2025,7,unchanged,0.57888,0.37814,0.04298
ConfliBERT-2021,full,window,512,124,test,Haiti,2025,10,unchanged,0.67788,0.27481,0.04731
ConfliBERT-2021,full,window,512,124,test,Haiti,2025,12,unchanged,0.65257,0.30555,0.04188
ConfliBERT-2021,full,window,512,124,dev,China/Japan,2025,1,unchanged,0.91835,0.05674,0.02492
ConfliBERT-2021,full,window,512,124,dev,China/Japan,2025,2,unchanged,0.92431,0.04715,0.02854
ConfliBERT-2021,full,window,512,124,dev,China/Japan,2025,3,unchanged,0.92853,0.04328,0.02818
ConfliBERT-2021,full,window,512,124,test,China/Japan,2025,6,unchanged,0.93245,0.03716,0.03039
ConfliBERT-2021,full,window,512,124,test,China/Japan,2025,6,unchanged,0.92098,0.05038,0.02864
ConfliBERT-2021,full,window,512,124,test,China/Japan,2025,7,unchanged,0.92184,0.05058,0.02758
ConfliBERT-2021,full,window,512,124,test,China/Japan,2025,7,unchanged,0.92559,0.04693,0.02748
ConfliBERT-2021,full,window,512,124,test,China/Japan,2025,10,unchanged,0.9321,0.03575,0.03215
ConfliBERT-2021,full,window,512,124,test,China/Japan,2025,12,unchanged,0.91941,0.04759,0.033
ConfliBERT-2021,full,window,512,124,dev,Korean Peninsula,2025,1,unchanged,0.72275,0.24809,0.02916
ConfliBERT-2021,full,window,512,124,dev,Korean Peninsula,2025,2,unchanged,0.75762,0.22099,0.02139
ConfliBERT-2021,full,window,512,124,dev,Korean Peninsula,2025,3,unchanged,0.84118,0.13824,0.02058
ConfliBERT-2021,full,window,512,124,test,Korean Peninsula,2025,6,unchanged,0.84659,0.13284,0.02057
ConfliBERT-2021,full,window,512,124,test,Korean Peninsula,2025,6,unchanged,0.87645,0.09976,0.02379
ConfliBERT-2021,full,window,512,124,test,Korean Peninsula,2025,7,unchanged,0.87774,0.10137,0.02089
ConfliBERT-2021,full,window,512,124,test,Korean Peninsula,2025,7,unchanged,0.87008,0.10794,0.02198
ConfliBERT-2021,full,window,512,124,test,Korean Peninsula,2025,10,unchanged,0.89441,0.07733,0.02826
ConfliBERT-2021,full,window,512,124,test,Korean Peninsula,2025,12,unchanged,0.90371,0.06912,0.02717
ConfliBERT-2021,full,window,512,124,dev,Taiwan Strait,2025,1,unchanged,0.92079,0.0497,0.02951
ConfliBERT-2021,full,window,512,124,dev,Taiwan Strait,2025,2,unchanged,0.90512,0.06761,0.02727
ConfliBERT-2021,full,window,512,124,dev,Taiwan Strait,2025,3,unchanged,0.9137,0.06071,0.02558
ConfliBERT-2021,full,window,512,124,test,Taiwan Strait,2025,6,unchanged,0.92209,0.05046,0.02746
ConfliBERT-2021,full,window,512,124,test,Taiwan Strait,2025,6,unchanged,0.92301,0.04863,0.02836
ConfliBERT-2021,full,window,512,124,test,Taiwan Strait,2025,7,unchanged,0.92463,0.04695,0.02842
ConfliBERT-2021,full,window,512,124,test,Taiwan Strait,2025,7,unchanged,0.91618,0.05652,0.0273
ConfliBERT-2021,full,window,512,124,test,Taiwan Strait,2025,10,unchanged,0.90597,0.06623,0.02781
ConfliBERT-2021,full,window,512,124,test,Taiwan Strait,2025,12,deteriorated,0.90346,0.06915,0.02738
ConfliBERT-2021,full,window,512,124,dev,Afghanistan,2025,1,unchanged,0.82378,0.1418,0.03442
ConfliBERT-2021,full,window,512,124,dev,Afghanistan,2025,2,unchanged,0.8577,0.1085,0.0338
ConfliBERT-2021,full,window,512,124,dev,Afghanistan,2025,3,unchanged,0.839,0.12939,0.03161
ConfliBERT-2021,full,window,512,124,test,Afghanistan,2025,7,unchanged,0.91337,0.05214,0.03449
ConfliBERT-2021,full,window,512,124,test,Afghanistan,2025,7,unchanged,0.89021,0.07529,0.0345
ConfliBERT-2021,full,window,512,124,test,Afghanistan,2025,12,unchanged,0.8923,0.07469,0.03301
ConfliBERT-2021,full,window,512,124,dev,Bangladesh,2025,1,unchanged,0.83047,0.12046,0.04907
ConfliBERT-2021,full,window,512,124,dev,Bangladesh,2025,2,unchanged,0.77896,0.17553,0.0455
ConfliBERT-2021,full,window,512,124,dev,Bangladesh,2025,3,unchanged,0.79441,0.15698,0.04861
ConfliBERT-2021,full,window,512,124,test,Bangladesh,2025,6,unchanged,0.80314,0.15571,0.04115
ConfliBERT-2021,full,window,512,124,test,Bangladesh,2025,6,unchanged,0.81199,0.14483,0.04318
ConfliBERT-2021,full,window,512,124,test,Bangladesh,2025,7,unchanged,0.8479,0.10279,0.04931
ConfliBERT-2021,full,window,512,124,test,Bangladesh,2025,7,unchanged,0.86837,0.08351,0.04812
ConfliBERT-2021,full,window,512,124,test,Bangladesh,2025,10,unchanged,0.81124,0.13491,0.05385
ConfliBERT-2021,full,window,512,124,test,Bangladesh,2025,12,deteriorated,0.68921,0.26424,0.04655
ConfliBERT-2021,full,window,512,124,dev,India,2025,1,unchanged,0.85042,0.09406,0.05552
ConfliBERT-2021,full,window,512,124,dev,India,2025,2,unchanged,0.8592,0.08511,0.0557
ConfliBERT-2021,full,window,512,124,dev,India,2025,3,unchanged,0.86872,0.07819,0.05309
ConfliBERT-2021,full,window,512,124,test,India,2025,6,unchanged,0.88106,0.0685,0.05044
ConfliBERT-2021,full,window,512,124,test,India,2025,6,unchanged,0.86896,0.07802,0.05302
ConfliBERT-2021,full,window,512,124,test,India,2025,7,unchanged,0.87488,0.07336,0.05176
ConfliBERT-2021,full,window,512,124,test,India,2025,7,unchanged,0.87892,0.06977,0.05131
ConfliBERT-2021,full,window,512,124,test,India,2025,10,improved,0.85377,0.08864,0.05759
ConfliBERT-2021,full,window,512,124,test,India,2025,12,unchanged,0.84066,0.10095,0.05839
ConfliBERT-2021,full,window,512,124,dev,Pakistan,2025,1,unchanged,0.50908,0.44746,0.04345
ConfliBERT-2021,full,window,512,124,dev,Pakistan,2025,2,unchanged,0.49594,0.46013,0.04393
ConfliBERT-2021,full,window,512,124,dev,Pakistan,2025,3,unchanged,0.48964,0.46629,0.04407
ConfliBERT-2021,full,window,512,124,test,Pakistan,2025,6,unchanged,0.73413,0.22399,0.04188
ConfliBERT-2021,full,window,512,124,test,Pakistan,2025,6,unchanged,0.77413,0.18467,0.04121
ConfliBERT-2021,full,window,512,124,test,Pakistan,2025,7,unchanged,0.79592,0.16228,0.0418
ConfliBERT-2021,full,window,512,124,test,Pakistan,2025,7,unchanged,0.78865,0.16963,0.04172
ConfliBERT-2021,full,window,512,124,test,Pakistan,2025,12,unchanged,0.75437,0.19853,0.04711
ConfliBERT-2021,full,window,512,124,dev,Sri Lanka,2025,1,unchanged,0.9204,0.04203,0.03757
ConfliBERT-2021,full,window,512,124,dev,Sri Lanka,2025,2,unchanged,0.91913,0.04375,0.03712
ConfliBERT-2021,full,window,512,124,dev,Sri Lanka,2025,3,unchanged,0.92159,0.042,0.03642
ConfliBERT-2021,full,window,512,124,test,Sri Lanka,2025,6,unchanged,0.91946,0.0442,0.03634
ConfliBERT-2021,full,window,512,124,test,Sri Lanka,2025,6,unchanged,0.91788,0.04527,0.03685
ConfliBERT-2021,full,window,512,124,test,Sri Lanka,2025,7,unchanged,0.92414,0.03995,0.03591
ConfliBERT-2021,full,window,512,124,test,Sri Lanka,2025,7,unchanged,0.92482,0.03863,0.03655
ConfliBERT-2021,full,window,512,124,test,Sri Lanka,2025,10,unchanged,0.92401,0.0405,0.0355
ConfliBERT-2021,full,window,512,124,test,Sri Lanka,2025,12,unchanged,0.88087,0.07816,0.04096
ConfliBERT-2021,full,window,512,124,dev,Myanmar,2025,1,unchanged,0.82046,0.13321,0.04633
ConfliBERT-2021,full,window,512,124,dev,Myanmar,2025,2,unchanged,0.86276,0.09424,0.04299
ConfliBERT-2021,full,window,512,124,dev,Myanmar,2025,3,unchanged,0.86428,0.09303,0.04269
ConfliBERT-2021,full,window,512,124,test,Myanmar,2025,6,unchanged,0.85512,0.10594,0.03894
ConfliBERT-2021,full,window,512,124,test,Myanmar,2025,6,unchanged,0.87413,0.08621,0.03966
ConfliBERT-2021,full,window,512,124,test,Myanmar,2025,7,unchanged,0.85387,0.10407,0.04205
ConfliBERT-2021,full,window,512,124,test,Myanmar,2025,7,unchanged,0.84334,0.1183,0.03836
ConfliBERT-2021,full,window,512,124,test,Myanmar,2025,10,unchanged,0.78071,0.17525,0.04404
ConfliBERT-2021,full,window,512,124,test,Myanmar,2025,12,unchanged,0.75117,0.21219,0.03664
ConfliBERT-2021,full,window,512,124,dev,Philippines,2025,1,unchanged,0.88504,0.06002,0.05495
ConfliBERT-2021,full,window,512,124,dev,Philippines,2025,2,unchanged,0.88848,0.05737,0.05415
ConfliBERT-2021,full,window,512,124,dev,Philippines,2025,3,unchanged,0.89418,0.05366,0.05215
ConfliBERT-2021,full,window,512,124,test,Philippines,2025,6,unchanged,0.89776,0.05106,0.05118
ConfliBERT-2021,full,window,512,124,test,Philippines,2025,6,unchanged,0.89846,0.0501,0.05144
ConfliBERT-2021,full,window,512,124,test,Philippines,2025,7,unchanged,0.90006,0.04987,0.05007
ConfliBERT-2021,full,window,512,124,test,Philippines,2025,7,unchanged,0.90222,0.0557,0.04209
ConfliBERT-2021,full,window,512,124,test,Philippines,2025,10,unchanged,0.89128,0.07324,0.03547
ConfliBERT-2021,full,window,512,124,test,Philippines,2025,12,unchanged,0.88535,0.05744,0.05721
ConfliBERT-2021,full,window,512,124,dev,South China Sea,2025,1,unchanged,0.91705,0.05102,0.03193
ConfliBERT-2021,full,window,512,124,dev,South China Sea,2025,2,unchanged,0.90466,0.06688,0.02846
ConfliBERT-2021,full,window,512,124,dev,South China Sea,2025,3,unchanged,0.91164,0.06214,0.02622
ConfliBERT-2021,full,window,512,124,test,South China Sea,2025,6,unchanged,0.9154,0.05601,0.02858
ConfliBERT-2021,full,window,512,124,test,South China Sea,2025,6,unchanged,0.90707,0.06651,0.02642
ConfliBERT-2021,full,window,512,124,test,South China Sea,2025,7,unchanged,0.89968,0.07714,0.02318
ConfliBERT-2021,full,window,512,124,test,South China Sea,2025,7,unchanged,0.89518,0.08522,0.01959
ConfliBERT-2021,full,window,512,124,test,South China Sea,2025,10,unchanged,0.89352,0.08307,0.02341
ConfliBERT-2021,full,window,512,124,test,South China Sea,2025,12,unchanged,0.89233,0.08119,0.02648
ConfliBERT-2021,full,window,512,124,dev,Thailand,2025,1,unchanged,0.91866,0.0434,0.03794
ConfliBERT-2021,full,window,512,124,dev,Thailand,2025,2,unchanged,0.9162,0.04974,0.03405
ConfliBERT-2021,full,window,512,124,dev,Thailand,2025,3,unchanged,0.91935,0.04835,0.03231
ConfliBERT-2021,full,window,512,124,test,Thailand,2025,6,deteriorated,0.92268,0.04224,0.03508
ConfliBERT-2021,full,window,512,124,test,Thailand,2025,6,deteriorated,0.92774,0.03838,0.03389
ConfliBERT-2021,full,window,512,124,test,Thailand,2025,7,unchanged,0.89735,0.06525,0.0374
ConfliBERT-2021,full,window,512,124,test,Thailand,2025,7,unchanged,0.89149,0.06958,0.03893
ConfliBERT-2021,full,window,512,124,test,Thailand,2025,10,improved,0.91451,0.04726,0.03823
ConfliBERT-2021,full,window,512,124,test,Thailand,2025,12,unchanged,0.90069,0.05664,0.04268
ConfliBERT-2021,full,window,512,124,test,Guatemala,2025,10,unchanged,0.68065,0.23963,0.07972
ConfliBERT-2021,full,window,512,124,dev,Bolivia,2025,1,unchanged,0.30933,0.60614,0.08453
ConfliBERT-2021,full,window,512,124,dev,Bolivia,2025,2,unchanged,0.59481,0.33315,0.07204
ConfliBERT-2021,full,window,512,124,test,Bolivia,2025,10,improved,0.87503,0.06566,0.05931
ConfliBERT-2021,full,window,512,124,test,Bolivia,2025,12,unchanged,0.81448,0.12321,0.06232
ConfliBERT-2021,full,window,512,124,dev,Peru,2025,3,unchanged,0.54622,0.36033,0.09345
ConfliBERT-2021,full,window,512,124,test,Peru,2025,10,deteriorated,0.08864,0.85091,0.06045
ConfliBERT-2021,full,window,512,124,test,Madagascar,2025,10,deteriorated,0.09593,0.88042,0.02365
ConfliBERT-2021,full,window,512,124,dev,Guinea-Bissau,2025,2,deteriorated,0.13781,0.82644,0.03575
ConfliBERT-2021,full,window,512,124,dev,Guinea-Bissau,2025,2,deteriorated,0.88803,0.06284,0.04913
ConfliBERT-2021,full,window,512,124,dev,Guinea-Bissau,2025,3,unchanged,0.71337,0.24317,0.04346
ConfliBERT-2021,full,window,512,124,test,Guinea-Bissau,2025,12,unchanged,0.38113,0.56769,0.05118
ConfliBERT-2021,full,window,512,124,dev,Guyana,2025,3,unchanged,0.91266,0.0525,0.03484
ConfliBERT-2021,full,window,512,124,dev,Jordan,2025,2,unchanged,0.88107,0.08991,0.02902
ConfliBERT-2021,full,window,512,124,test,Kazakhstan,2026,3,unchanged,0.8973,0.06202,0.04068
ConfliBERT-2021,full,window,512,124,dev,Togo,2025,2,unchanged,0.87456,0.09308,0.03236
ConfliBERT-2021,full,window,512,124,dev,Togo,2025,2,unchanged,0.91671,0.04441,0.03889
ConfliBERT-2021,full,window,512,124,dev,Togo,2025,3,unchanged,0.9131,0.05608,0.03082
ConfliBERT-2021,full,window,512,124,test,Togo,2025,7,unchanged,0.74799,0.21002,0.04199
ConfliBERT-2021,full,window,512,124,test,Togo,2025,10,unchanged,0.54903,0.4112,0.03977
ConfliBERT-2021,full,window,512,124,test,Papua New Guinea,2025,10,unchanged,0.93586,0.03032,0.03382
ConfliBERT-2021,full,window,512,124,test,Cambodia,2025,7,unchanged,0.44366,0.50866,0.04768
ConfliBERT-2021,full,window,512,124,test,Cambodia,2025,7,unchanged,0.66539,0.30366,0.03096
ConfliBERT-2021,full,window,512,124,test,Brazil,2025,10,unchanged,0.11167,0.8365,0.05183
ConfliBERT-2021,full,window,512,124,test,Angola,2025,7,deteriorated,0.0659,0.90967,0.02443
ConfliBERT-2021,full,window,512,124,dev,Indonesia,2025,1,unchanged,0.92457,0.03928,0.03615
ConfliBERT-2021,full,window,512,124,dev,Indonesia,2025,2,unchanged,0.92401,0.04083,0.03516
ConfliBERT-2021,full,window,512,124,dev,Indonesia,2025,3,unchanged,0.91836,0.04957,0.03207
ConfliBERT-2021,full,window,512,124,test,Indonesia,2025,6,unchanged,0.92071,0.04504,0.03426
ConfliBERT-2021,full,window,512,124,test,Indonesia,2025,6,unchanged,0.92545,0.04037,0.03418
ConfliBERT-2021,full,window,512,124,test,Indonesia,2025,7,unchanged,0.9239,0.04109,0.03501
ConfliBERT-2021,full,window,512,124,test,Indonesia,2025,7,unchanged,0.93729,0.02805,0.03466
ConfliBERT-2021,full,window,512,124,test,Indonesia,2025,10,unchanged,0.92109,0.04378,0.03513
ConfliBERT-2021,full,window,512,124,test,Indonesia,2025,12,unchanged,0.90548,0.05916,0.03536
ConfliBERT-2021,full,window,512,124,test,Ghana,2025,7,unchanged,0.86925,0.11093,0.01981
ConfliBERT-2021,full,window,512,124,dev,South Africa,2025,1,unchanged,0.81594,0.14773,0.03634
ConfliBERT-2021,full,window,512,124,dev,South Africa,2025,2,unchanged,0.84961,0.11526,0.03513
ConfliBERT-2021,full,window,512,124,dev,South Africa,2025,2,unchanged,0.87666,0.09176,0.03158
ConfliBERT-2021,full,window,512,124,dev,South Africa,2025,3,unchanged,0.8906,0.0858,0.02359
ConfliBERT-2021,full,window,512,124,test,South Africa,2025,7,unchanged,0.92662,0.03936,0.03402
ConfliBERT-2021,full,window,512,124,test,South Africa,2025,10,unchanged,0.90929,0.0632,0.02751
ConfliBERT-2021,full,window,512,124,test,South Africa,2025,12,unchanged,0.88336,0.08741,0.02923
ConfliBERT-2021,full,window,512,124,test,Qatar,2025,6,unchanged,0.3069,0.67034,0.02276
ConfliBERT-2021,full,window,512,124,test,Qatar,2025,6,unchanged,0.71091,0.26576,0.02333
ConfliBERT-2021,full,window,512,124,test,Morocco,2025,10,deteriorated,0.18095,0.77231,0.04674
ConfliBERT-2021,full,window,512,124,dev,Comoros Islands,2025,1,unchanged,0.23064,0.72797,0.04139
ConfliBERT-2021,full,window,512,124,dev,Russia/U.S.,2025,1,unchanged,0.89765,0.08236,0.01999
ConfliBERT-2021,full,window,512,124,dev,Russia/U.S.,2025,2,unchanged,0.8726,0.10915,0.01825
ConfliBERT-2021,full,window,512,124,dev,Amazon,2025,1,unchanged,0.87286,0.08095,0.04618
ConfliBERT-2021,full,window,512,124,dev,Amazon,2025,2,unchanged,0.89528,0.06361,0.04111
ConfliBERT-2021,full,window,512,124,dev,Amazon,2025,3,unchanged,0.88679,0.07069,0.04252
ConfliBERT-2021,full,window,512,124,test,Amazon,2025,7,deteriorated,0.89437,0.05951,0.04611
ConfliBERT-2021,full,window,512,124,test,Amazon,2025,10,unchanged,0.8981,0.05621,0.04569
ConfliBERT-2021,full,window,512,124,test,Amazon,2025,12,unchanged,0.89203,0.06451,0.04347
ConfliBERT-2021,full,window,512,124,test,China-U.S.,2025,6,unchanged,0.8899,0.09302,0.01708
ConfliBERT-2021,full,window,512,124,test,China-U.S.,2025,6,unchanged,0.91216,0.06831,0.01953
ConfliBERT-2021,full,window,512,124,test,China-U.S.,2025,10,improved,0.90991,0.07046,0.01963
ConfliBERT-2021,full,window,512,124,test,China-U.S.,2025,12,unchanged,0.88973,0.09179,0.01847
ConfliBERT-2021,full,window,512,124,dev,Cook Islands,2025,2,unchanged,0.93133,0.03527,0.0334
ConfliBERT-2021,full,window,512,124,dev,Tasman Sea,2025,2,unchanged,0.8614,0.10698,0.03162
ConfliBERT-2021,full,window,512,124,test,New Caledonia,2025,7,improved,0.9064,0.05154,0.04206
ConfliBERT-2021,full,window,512,124,test,New Caledonia,2025,7,improved,0.89683,0.06671,0.03646
ConfliBERT-2021,full,window,512,125,dev,Cameroon,2025,1,unchanged,0.9603,0.03131,0.00839
ConfliBERT-2021,full,window,512,125,dev,Cameroon,2025,2,unchanged,0.96216,0.02959,0.00825
ConfliBERT-2021,full,window,512,125,dev,Cameroon,2025,2,unchanged,0.93946,0.05153,0.00901
ConfliBERT-2021,full,window,512,125,dev,Cameroon,2025,3,unchanged,0.81131,0.18148,0.00721
ConfliBERT-2021,full,window,512,125,test,Cameroon,2025,7,unchanged,0.63497,0.3446,0.02043
ConfliBERT-2021,full,window,512,125,test,Cameroon,2025,12,unchanged,0.97057,0.01999,0.00944
ConfliBERT-2021,full,window,512,125,dev,Chad,2025,1,unchanged,0.79251,0.19783,0.00966
ConfliBERT-2021,full,window,512,125,dev,Chad,2025,2,unchanged,0.9143,0.07568,0.01002
ConfliBERT-2021,full,window,512,125,dev,Chad,2025,2,unchanged,0.73441,0.25723,0.00837
ConfliBERT-2021,full,window,512,125,dev,Chad,2025,3,unchanged,0.88468,0.10619,0.00913
ConfliBERT-2021,full,window,512,125,test,Chad,2025,7,unchanged,0.89669,0.06932,0.03399
ConfliBERT-2021,full,window,512,125,test,Chad,2025,10,deteriorated,0.91854,0.07102,0.01043
ConfliBERT-2021,full,window,512,125,test,Chad,2025,12,unchanged,0.72347,0.26789,0.00864
ConfliBERT-2021,full,window,512,125,dev,Gabon,2025,1,unchanged,0.9709,0.01697,0.01213
ConfliBERT-2021,full,window,512,125,dev,Gabon,2025,3,unchanged,0.97493,0.0105,0.01457
ConfliBERT-2021,full,window,512,125,dev,Kenya,2025,1,unchanged,0.95158,0.03992,0.00851
ConfliBERT-2021,full,window,512,125,dev,Kenya,2025,2,unchanged,0.9729,0.01896,0.00814
ConfliBERT-2021,full,window,512,125,dev,Kenya,2025,2,unchanged,0.97655,0.01484,0.0086
ConfliBERT-2021,full,window,512,125,dev,Kenya,2025,3,unchanged,0.97847,0.01318,0.00835
ConfliBERT-2021,full,window,512,125,test,Kenya,2025,7,deteriorated,0.07367,0.92301,0.00332
ConfliBERT-2021,full,window,512,125,test,Kenya,2025,10,unchanged,0.46097,0.52444,0.01459
ConfliBERT-2021,full,window,512,125,test,Kenya,2025,12,unchanged,0.64172,0.34661,0.01167
ConfliBERT-2021,full,window,512,125,dev,Mozambique,2025,1,improved,0.9684,0.01535,0.01624
ConfliBERT-2021,full,window,512,125,dev,Mozambique,2025,2,unchanged,0.95263,0.03426,0.01311
ConfliBERT-2021,full,window,512,125,dev,Mozambique,2025,2,unchanged,0.9449,0.04232,0.01277
ConfliBERT-2021,full,window,512,125,dev,Mozambique,2025,3,improved,0.96188,0.02554,0.01257
ConfliBERT-2021,full,window,512,125,test,Mozambique,2025,7,unchanged,0.93498,0.03557,0.02945
ConfliBERT-2021,full,window,512,125,test,Mozambique,2025,10,unchanged,0.97945,0.0118,0.00874
ConfliBERT-2021,full,window,512,125,test,Mozambique,2025,12,unchanged,0.91974,0.0577,0.02256
ConfliBERT-2021,full,window,512,125,dev,Tanzania,2025,1,unchanged,0.95019,0.04013,0.00968
ConfliBERT-2021,full,window,512,125,dev,Tanzania,2025,2,unchanged,0.96359,0.02815,0.00825
ConfliBERT-2021,full,window,512,125,dev,Tanzania,2025,2,unchanged,0.97263,0.01802,0.00935
ConfliBERT-2021,full,window,512,125,dev,Tanzania,2025,3,unchanged,0.96729,0.02426,0.00845
ConfliBERT-2021,full,window,512,125,test,Tanzania,2025,7,unchanged,0.97471,0.01664,0.00865
ConfliBERT-2021,full,window,512,125,test,Tanzania,2025,12,unchanged,0.95469,0.03241,0.01289
ConfliBERT-2021,full,window,512,125,dev,Zimbabwe,2025,1,unchanged,0.97643,0.01445,0.00912
ConfliBERT-2021,full,window,512,125,dev,Zimbabwe,2025,2,unchanged,0.95983,0.0308,0.00937
ConfliBERT-2021,full,window,512,125,dev,Zimbabwe,2025,2,unchanged,0.95394,0.03182,0.01424
ConfliBERT-2021,full,window,512,125,dev,Zimbabwe,2025,3,deteriorated,0.85213,0.13807,0.00979
ConfliBERT-2021,full,window,512,125,test,Zimbabwe,2025,7,unchanged,0.70008,0.29052,0.0094
ConfliBERT-2021,full,window,512,125,test,Zimbabwe,2025,10,unchanged,0.97902,0.01112,0.00986
ConfliBERT-2021,full,window,512,125,test,Zimbabwe,2025,12,unchanged,0.97956,0.01084,0.0096
ConfliBERT-2021,full,window,512,125,test,Burundi,2025,7,unchanged,0.88001,0.10009,0.0199
ConfliBERT-2021,full,window,512,125,test,Burundi,2025,10,unchanged,0.88267,0.10623,0.0111
ConfliBERT-2021,full,window,512,125,test,DR Congo,2025,10,unchanged,0.40263,0.58029,0.01708
ConfliBERT-2021,full,window,512,125,test,DR Congo,2025,12,deteriorated,0.20386,0.78723,0.00891
ConfliBERT-2021,full,window,512,125,dev,Rwanda,2025,2,unchanged,0.57367,0.41583,0.0105
ConfliBERT-2021,full,window,512,125,dev,Rwanda,2025,2,unchanged,0.62448,0.36445,0.01107
ConfliBERT-2021,full,window,512,125,dev,Rwanda,2025,3,unchanged,0.50666,0.482,0.01134
ConfliBERT-2021,full,window,512,125,test,Rwanda,2025,7,unchanged,0.78509,0.20106,0.01386
ConfliBERT-2021,full,window,512,125,test,Rwanda,2025,10,unchanged,0.94687,0.04064,0.01249
ConfliBERT-2021,full,window,512,125,test,Rwanda,2025,12,unchanged,0.52872,0.45763,0.01365
ConfliBERT-2021,full,window,512,125,dev,Uganda,2025,1,unchanged,0.92049,0.072,0.00751
ConfliBERT-2021,full,window,512,125,dev,Uganda,2025,2,unchanged,0.95022,0.04153,0.00825
ConfliBERT-2021,full,window,512,125,dev,Uganda,2025,2,unchanged,0.93571,0.05616,0.00813
ConfliBERT-2021,full,window,512,125,dev,Uganda,2025,3,unchanged,0.73631,0.25626,0.00743
ConfliBERT-2021,full,window,512,125,test,Uganda,2025,7,unchanged,0.56082,0.42001,0.01917
ConfliBERT-2021,full,window,512,125,test,Uganda,2025,10,unchanged,0.43163,0.56191,0.00646
ConfliBERT-2021,full,window,512,125,dev,Eritrea,2025,1,unchanged,0.97599,0.0144,0.00961
ConfliBERT-2021,full,window,512,125,dev,Eritrea,2025,2,unchanged,0.98196,0.00753,0.01051
ConfliBERT-2021,full,window,512,125,dev,Eritrea,2025,2,unchanged,0.98115,0.00845,0.0104
ConfliBERT-2021,full,window,512,125,test,Eritrea,2025,7,unchanged,0.97195,0.01837,0.00968
ConfliBERT-2021,full,window,512,125,test,Eritrea,2025,10,unchanged,0.97569,0.01299,0.01132
ConfliBERT-2021,full,window,512,125,test,Eritrea,2025,12,unchanged,0.97867,0.00842,0.01291
ConfliBERT-2021,full,window,512,125,dev,Ethiopia,2025,1,unchanged,0.95809,0.03165,0.01026
ConfliBERT-2021,full,window,512,125,dev,Ethiopia,2025,2,unchanged,0.97026,0.01542,0.01432
ConfliBERT-2021,full,window,512,125,dev,Ethiopia,2025,2,unchanged,0.96913,0.01466,0.01621
ConfliBERT-2021,full,window,512,125,test,Ethiopia,2025,7,unchanged,0.90696,0.08531,0.00773
ConfliBERT-2021,full,window,512,125,test,Ethiopia,2025,10,unchanged,0.95598,0.03001,0.01402
ConfliBERT-2021,full,window,512,125,test,Ethiopia,2025,12,deteriorated,0.80672,0.17953,0.01375
ConfliBERT-2021,full,window,512,125,test,Nile Waters,2025,7,unchanged,0.97501,0.01042,0.01458
ConfliBERT-2021,full,window,512,125,test,Nile Waters,2025,10,unchanged,0.95925,0.03157,0.00919
ConfliBERT-2021,full,window,512,125,test,Nile Waters,2025,12,unchanged,0.93521,0.05683,0.00797
ConfliBERT-2021,full,window,512,125,dev,Somalia,2025,1,unchanged,0.61628,0.36484,0.01887
ConfliBERT-2021,full,window,512,125,dev,Somalia,2025,2,unchanged,0.63947,0.33946,0.02107
ConfliBERT-2021,full,window,512,125,dev,Somalia,2025,2,unchanged,0.734,0.2427,0.0233
ConfliBERT-2021,full,window,512,125,dev,Somalia,2025,3,unchanged,0.83689,0.13981,0.0233
ConfliBERT-2021,full,window,512,125,test,Somalia,2025,7,deteriorated,0.6946,0.27767,0.02773
ConfliBERT-2021,full,window,512,125,test,Somalia,2025,10,unchanged,0.36947,0.58831,0.04222
ConfliBERT-2021,full,window,512,125,test,Somalia,2025,12,unchanged,0.70226,0.2626,0.03514
ConfliBERT-2021,full,window,512,125,dev,Somaliland,2025,1,unchanged,0.96272,0.02296,0.01432
ConfliBERT-2021,full,window,512,125,dev,Somaliland,2025,2,unchanged,0.97605,0.00991,0.01404
ConfliBERT-2021,full,window,512,125,dev,Somaliland,2025,2,unchanged,0.97729,0.00761,0.0151
ConfliBERT-2021,full,window,512,125,dev,Somaliland,2025,3,unchanged,0.52285,0.44337,0.03378
ConfliBERT-2021,full,window,512,125,test,Somaliland,2025,7,unchanged,0.93345,0.05551,0.01104
ConfliBERT-2021,full,window,512,125,test,Somaliland,2025,10,unchanged,0.97356,0.00793,0.01851
ConfliBERT-2021,full,window,512,125,test,Somaliland,2025,12,unchanged,0.83559,0.14914,0.01527
ConfliBERT-2021,full,window,512,125,dev,South Sudan,2025,1,unchanged,0.90284,0.08662,0.01055
ConfliBERT-2021,full,window,512,125,dev,South Sudan,2025,2,unchanged,0.7452,0.24588,0.00891
ConfliBERT-2021,full,window,512,125,dev,South Sudan,2025,2,unchanged,0.71106,0.27996,0.00899
ConfliBERT-2021,full,window,512,125,test,South Sudan,2025,7,unchanged,0.81601,0.17647,0.00752
ConfliBERT-2021,full,window,512,125,test,South Sudan,2025,10,unchanged,0.66001,0.33082,0.00917
ConfliBERT-2021,full,window,512,125,test,South Sudan,2025,12,unchanged,0.93129,0.05875,0.00996
ConfliBERT-2021,full,window,512,125,dev,Sudan,2025,2,deteriorated,0.42457,0.56807,0.00736
ConfliBERT-2021,full,window,512,125,dev,Sudan,2025,2,deteriorated,0.34688,0.64535,0.00776
ConfliBERT-2021,full,window,512,125,dev,Sudan,2025,3,unchanged,0.58233,0.40732,0.01035
ConfliBERT-2021,full,window,512,125,test,Sudan,2025,7,unchanged,0.88959,0.09512,0.01529
ConfliBERT-2021,full,window,512,125,test,Sudan,2025,12,unchanged,0.85098,0.1365,0.01252
ConfliBERT-2021,full,window,512,125,dev,Burkina Faso,2025,1,unchanged,0.91715,0.07581,0.00704
ConfliBERT-2021,full,window,512,125,dev,Burkina Faso,2025,2,unchanged,0.77015,0.22214,0.00771
ConfliBERT-2021,full,window,512,125,dev,Burkina Faso,2025,2,unchanged,0.79831,0.19449,0.00721
ConfliBERT-2021,full,window,512,125,dev,Burkina Faso,2025,3,deteriorated,0.72751,0.26523,0.00725
ConfliBERT-2021,full,window,512,125,test,Burkina Faso,2025,7,unchanged,0.65522,0.33721,0.00758
ConfliBERT-2021,full,window,512,125,test,Burkina Faso,2025,10,unchanged,0.73193,0.25503,0.01303
ConfliBERT-2021,full,window,512,125,test,Burkina Faso,2025,12,unchanged,0.83219,0.14983,0.01797
ConfliBERT-2021,full,window,512,125,dev,Guinea,2025,1,unchanged,0.94768,0.04227,0.01005
ConfliBERT-2021,full,window,512,125,dev,Guinea,2025,2,unchanged,0.87682,0.11329,0.00989
ConfliBERT-2021,full,window,512,125,dev,Guinea,2025,2,unchanged,0.89918,0.09033,0.01049
ConfliBERT-2021,full,window,512,125,dev,Guinea,2025,3,unchanged,0.97308,0.01709,0.00983
ConfliBERT-2021,full,window,512,125,test,Guinea,2025,7,unchanged,0.90938,0.0675,0.02312
ConfliBERT-2021,full,window,512,125,test,Guinea,2025,10,unchanged,0.92818,0.05756,0.01427
ConfliBERT-2021,full,window,512,125,test,Guinea,2025,12,unchanged,0.89935,0.07724,0.0234
ConfliBERT-2021,full,window,512,125,dev,Nigeria,2025,1,unchanged,0.91676,0.07329,0.00995
ConfliBERT-2021,full,window,512,125,dev,Nigeria,2025,2,unchanged,0.88851,0.10236,0.00913
ConfliBERT-2021,full,window,512,125,dev,Nigeria,2025,2,unchanged,0.8515,0.13937,0.00913
ConfliBERT-2021,full,window,512,125,dev,Nigeria,2025,3,unchanged,0.77007,0.22193,0.008
ConfliBERT-2021,full,window,512,125,test,Nigeria,2025,7,unchanged,0.46657,0.52404,0.00939
ConfliBERT-2021,full,window,512,125,test,Nigeria,2025,10,unchanged,0.4283,0.56226,0.00944
ConfliBERT-2021,full,window,512,125,test,Nigeria,2025,12,unchanged,0.42371,0.56198,0.01431
ConfliBERT-2021,full,window,512,125,dev,Senegal,2025,2,unchanged,0.96481,0.01141,0.02378
ConfliBERT-2021,full,window,512,125,dev,Senegal,2025,2,unchanged,0.97563,0.00678,0.01759
ConfliBERT-2021,full,window,512,125,dev,Kosovo,2025,1,unchanged,0.95466,0.0341,0.01124
ConfliBERT-2021,full,window,512,125,dev,Kosovo,2025,2,unchanged,0.94024,0.04356,0.0162
ConfliBERT-2021,full,window,512,125,dev,Kosovo,2025,3,unchanged,0.96002,0.02786,0.01212
ConfliBERT-2021,full,window,512,125,test,Kosovo,2025,7,unchanged,0.91801,0.06738,0.01461
ConfliBERT-2021,full,window,512,125,test,Kosovo,2025,10,unchanged,0.74358,0.19363,0.06279
ConfliBERT-2021,full,window,512,125,test,Kosovo,2025,12,unchanged,0.90543,0.05226,0.04231
ConfliBERT-2021,full,window,512,125,test,Kosovo,2026,3,unchanged,0.82195,0.12009,0.05795
ConfliBERT-2021,full,window,512,125,dev,Armenia,2025,1,unchanged,0.98312,0.00682,0.01006
ConfliBERT-2021,full,window,512,125,dev,Armenia,2025,2,unchanged,0.98316,0.00643,0.0104
ConfliBERT-2021,full,window,512,125,dev,Armenia,2025,3,unchanged,0.96745,0.00984,0.02271
ConfliBERT-2021,full,window,512,125,test,Armenia,2025,7,unchanged,0.96473,0.00777,0.0275
ConfliBERT-2021,full,window,512,125,test,Armenia,2025,10,unchanged,0.97577,0.00758,0.01665
ConfliBERT-2021,full,window,512,125,test,Armenia,2025,12,unchanged,0.9811,0.00723,0.01167
ConfliBERT-2021,full,window,512,125,test,Armenia,2026,3,unchanged,0.97693,0.01261,0.01046
ConfliBERT-2021,full,window,512,125,dev,Azerbaijan,2025,1,unchanged,0.98211,0.00694,0.01095
ConfliBERT-2021,full,window,512,125,dev,Azerbaijan,2025,2,unchanged,0.98166,0.01024,0.0081
ConfliBERT-2021,full,window,512,125,dev,Azerbaijan,2025,3,unchanged,0.97853,0.01121,0.01026
ConfliBERT-2021,full,window,512,125,test,Azerbaijan,2025,7,unchanged,0.96426,0.01208,0.02367
ConfliBERT-2021,full,window,512,125,test,Azerbaijan,2025,10,unchanged,0.97005,0.00905,0.0209
ConfliBERT-2021,full,window,512,125,test,Azerbaijan,2025,12,unchanged,0.98006,0.00664,0.0133
ConfliBERT-2021,full,window,512,125,test,Azerbaijan,2026,3,unchanged,0.97862,0.00843,0.01294
ConfliBERT-2021,full,window,512,125,dev,Georgia,2025,1,unchanged,0.9533,0.03702,0.00968
ConfliBERT-2021,full,window,512,125,dev,Georgia,2025,2,unchanged,0.95,0.03875,0.01125
ConfliBERT-2021,full,window,512,125,dev,Georgia,2025,3,unchanged,0.96785,0.02097,0.01117
ConfliBERT-2021,full,window,512,125,test,Georgia,2025,7,unchanged,0.92553,0.06606,0.00842
ConfliBERT-2021,full,window,512,125,test,Georgia,2025,10,unchanged,0.85983,0.12706,0.01311
ConfliBERT-2021,full,window,512,125,test,Georgia,2025,12,unchanged,0.95125,0.03978,0.00897
ConfliBERT-2021,full,window,512,125,test,Georgia,2026,3,unchanged,0.96866,0.02252,0.00882
ConfliBERT-2021,full,window,512,125,dev,Belarus,2025,1,unchanged,0.93868,0.05349,0.00782
ConfliBERT-2021,full,window,512,125,dev,Belarus,2025,2,unchanged,0.96836,0.02079,0.01085
ConfliBERT-2021,full,window,512,125,dev,Belarus,2025,3,unchanged,0.9715,0.01971,0.00879
ConfliBERT-2021,full,window,512,125,test,Belarus,2025,7,unchanged,0.97953,0.01077,0.00969
ConfliBERT-2021,full,window,512,125,test,Belarus,2025,10,unchanged,0.9558,0.02321,0.02099
ConfliBERT-2021,full,window,512,125,test,Belarus,2025,12,unchanged,0.97355,0.00969,0.01675
ConfliBERT-2021,full,window,512,125,test,Belarus,2026,3,unchanged,0.96871,0.00911,0.02218
ConfliBERT-2021,full,window,512,125,dev,Ukraine,2025,1,unchanged,0.96919,0.0235,0.00731
ConfliBERT-2021,full,window,512,125,dev,Ukraine,2025,2,unchanged,0.96752,0.02434,0.00813
ConfliBERT-2021,full,window,512,125,dev,Ukraine,2025,3,unchanged,0.95545,0.02994,0.01461
ConfliBERT-2021,full,window,512,125,test,Ukraine,2025,12,unchanged,0.97355,0.01467,0.01179
ConfliBERT-2021,full,window,512,125,test,Ukraine,2026,3,unchanged,0.9603,0.02785,0.01185
ConfliBERT-2021,full,window,512,125,dev,Cyprus,2025,1,unchanged,0.98102,0.00954,0.00944
ConfliBERT-2021,full,window,512,125,dev,Cyprus,2025,2,unchanged,0.97971,0.00781,0.01248
ConfliBERT-2021,full,window,512,125,dev,Cyprus,2025,3,unchanged,0.97581,0.00901,0.01518
ConfliBERT-2021,full,window,512,125,test,Cyprus,2025,7,unchanged,0.97618,0.00608,0.01774
ConfliBERT-2021,full,window,512,125,test,Cyprus,2025,10,unchanged,0.97434,0.00982,0.01584
ConfliBERT-2021,full,window,512,125,test,Cyprus,2025,12,unchanged,0.98151,0.00706,0.01143
ConfliBERT-2021,full,window,512,125,test,Cyprus,2026,3,unchanged,0.97,0.02318,0.00682
ConfliBERT-2021,full,window,512,125,dev,Türkiye,2025,1,unchanged,0.97514,0.01068,0.01419
ConfliBERT-2021,full,window,512,125,dev,Türkiye,2025,3,deteriorated,0.97191,0.01471,0.01338
ConfliBERT-2021,full,window,512,125,test,Türkiye,2025,7,improved,0.96682,0.0226,0.01059
ConfliBERT-2021,full,window,512,125,test,Türkiye,2025,10,unchanged,0.97867,0.01227,0.00906
ConfliBERT-2021,full,window,512,125,test,Türkiye,2025,12,unchanged,0.97822,0.01001,0.01177
ConfliBERT-2021,full,window,512,125,test,Türkiye,2026,3,unchanged,0.97631,0.01534,0.00835
ConfliBERT-2021,full,window,512,125,dev,Kyrgyzstan,2025,1,unchanged,0.97678,0.00618,0.01703
ConfliBERT-2021,full,window,512,125,dev,Kyrgyzstan,2025,2,unchanged,0.97739,0.0068,0.01581
ConfliBERT-2021,full,window,512,125,dev,Kyrgyzstan,2025,3,improved,0.96474,0.00897,0.02629
ConfliBERT-2021,full,window,512,125,test,Kyrgyzstan,2025,7,unchanged,0.97482,0.01405,0.01113
ConfliBERT-2021,full,window,512,125,test,Kyrgyzstan,2025,10,unchanged,0.96388,0.02086,0.01526
ConfliBERT-2021,full,window,512,125,test,Kyrgyzstan,2025,12,unchanged,0.95574,0.03049,0.01376
ConfliBERT-2021,full,window,512,125,test,Kyrgyzstan,2026,3,unchanged,0.89248,0.07594,0.03157
ConfliBERT-2021,full,window,512,125,dev,Tajikistan,2025,1,unchanged,0.97394,0.00733,0.01873
ConfliBERT-2021,full,window,512,125,dev,Tajikistan,2025,2,unchanged,0.97896,0.00784,0.0132
ConfliBERT-2021,full,window,512,125,dev,Tajikistan,2025,3,improved,0.97131,0.00965,0.01904
ConfliBERT-2021,full,window,512,125,test,Tajikistan,2025,7,unchanged,0.92215,0.05138,0.02647
ConfliBERT-2021,full,window,512,125,test,Tajikistan,2025,10,unchanged,0.97007,0.00729,0.02264
ConfliBERT-2021,full,window,512,125,test,Tajikistan,2025,12,unchanged,0.97414,0.00882,0.01704
ConfliBERT-2021,full,window,512,125,test,Tajikistan,2026,3,unchanged,0.97703,0.00743,0.01554
ConfliBERT-2021,full,window,512,125,dev,Uzbekistan,2025,1,unchanged,0.9712,0.00788,0.02092
ConfliBERT-2021,full,window,512,125,dev,Uzbekistan,2025,2,unchanged,0.95436,0.01457,0.03108
ConfliBERT-2021,full,window,512,125,dev,Uzbekistan,2025,3,unchanged,0.97029,0.00846,0.02125
ConfliBERT-2021,full,window,512,125,test,Uzbekistan,2025,7,unchanged,0.96777,0.00837,0.02385
ConfliBERT-2021,full,window,512,125,test,Uzbekistan,2025,10,unchanged,0.97348,0.00911,0.01742
ConfliBERT-2021,full,window,512,125,test,Uzbekistan,2025,12,unchanged,0.97652,0.00757,0.01591
ConfliBERT-2021,full,window,512,125,test,Uzbekistan,2026,3,unchanged,0.96052,0.02437,0.01512
ConfliBERT-2021,full,window,512,125,dev,Lebanon,2025,1,unchanged,0.84204,0.14155,0.01642
ConfliBERT-2021,full,window,512,125,dev,Lebanon,2025,2,unchanged,0.94204,0.03609,0.02187
ConfliBERT-2021,full,window,512,125,dev,Lebanon,2025,3,unchanged,0.6312,0.34314,0.02566
ConfliBERT-2021,full,window,512,125,test,Lebanon,2025,6,unchanged,0.47641,0.51449,0.0091
ConfliBERT-2021,full,window,512,125,test,Lebanon,2025,6,unchanged,0.57163,0.41859,0.00978
ConfliBERT-2021,full,window,512,125,test,Lebanon,2025,7,unchanged,0.82812,0.15988,0.01201
ConfliBERT-2021,full,window,512,125,test,Lebanon,2025,10,unchanged,0.93631,0.04933,0.01436
ConfliBERT-2021,full,window,512,125,test,Lebanon,2025,12,unchanged,0.95701,0.03579,0.00721
ConfliBERT-2021,full,window,512,125,dev,Syria,2025,1,unchanged,0.55613,0.42065,0.02322
ConfliBERT-2021,full,window,512,125,dev,Syria,2025,2,unchanged,0.76465,0.22718,0.00818
ConfliBERT-2021,full,window,512,125,dev,Syria,2025,3,deteriorated,0.94853,0.03965,0.01182
ConfliBERT-2021,full,window,512,125,test,Syria,2025,6,deteriorated,0.89912,0.08799,0.0129
ConfliBERT-2021,full,window,512,125,test,Syria,2025,6,deteriorated,0.80718,0.1809,0.01192
ConfliBERT-2021,full,window,512,125,test,Syria,2025,7,deteriorated,0.63775,0.34848,0.01377
ConfliBERT-2021,full,window,512,125,test,Syria,2025,10,improved,0.44504,0.54337,0.01159
ConfliBERT-2021,full,window,512,125,test,Syria,2025,12,deteriorated,0.54909,0.43514,0.01577
ConfliBERT-2021,full,window,512,125,dev,Iran,2025,1,unchanged,0.96727,0.02348,0.00925
ConfliBERT-2021,full,window,512,125,dev,Iran,2025,2,unchanged,0.9651,0.02563,0.00926
ConfliBERT-2021,full,window,512,125,dev,Iran,2025,3,unchanged,0.90241,0.08856,0.00903
ConfliBERT-2021,full,window,512,125,test,Iran,2025,7,unchanged,0.66344,0.32754,0.00902
ConfliBERT-2021,full,window,512,125,test,Iran,2025,10,unchanged,0.93392,0.05649,0.00959
ConfliBERT-2021,full,window,512,125,test,Iran,2025,12,deteriorated,0.46974,0.51771,0.01254
ConfliBERT-2021,full,window,512,125,dev,Iraq,2025,1,unchanged,0.96985,0.0189,0.01126
ConfliBERT-2021,full,window,512,125,dev,Iraq,2025,2,unchanged,0.96427,0.02135,0.01438
ConfliBERT-2021,full,window,512,125,dev,Iraq,2025,3,unchanged,0.94574,0.04262,0.01163
ConfliBERT-2021,full,window,512,125,test,Iraq,2025,6,unchanged,0.90445,0.0849,0.01064
ConfliBERT-2021,full,window,512,125,test,Iraq,2025,6,unchanged,0.8912,0.09893,0.00987
ConfliBERT-2021,full,window,512,125,test,Iraq,2025,7,unchanged,0.78793,0.20274,0.00933
ConfliBERT-2021,full,window,512,125,test,Iraq,2025,10,unchanged,0.8413,0.14783,0.01088
ConfliBERT-2021,full,window,512,125,test,Iraq,2025,12,unchanged,0.93651,0.05096,0.01253
ConfliBERT-2021,full,window,512,125,dev,Saudi Arabia,2025,1,unchanged,0.97608,0.00622,0.0177
ConfliBERT-2021,full,window,512,125,dev,Saudi Arabia,2025,2,unchanged,0.97863,0.00692,0.01444
ConfliBERT-2021,full,window,512,125,dev,Saudi Arabia,2025,3,unchanged,0.94488,0.04026,0.01486
ConfliBERT-2021,full,window,512,125,test,Saudi Arabia,2025,6,unchanged,0.69375,0.29296,0.01329
ConfliBERT-2021,full,window,512,125,test,Saudi Arabia,2025,6,unchanged,0.75069,0.23601,0.0133
ConfliBERT-2021,full,window,512,125,test,Saudi Arabia,2025,7,unchanged,0.91112,0.07542,0.01345
ConfliBERT-2021,full,window,512,125,test,Saudi Arabia,2025,10,unchanged,0.85129,0.13668,0.01203
ConfliBERT-2021,full,window,512,125,test,Saudi Arabia,2025,12,unchanged,0.89826,0.08914,0.01261
ConfliBERT-2021,full,window,512,125,test,Yemen,2025,6,unchanged,0.93191,0.05116,0.01694
ConfliBERT-2021,full,window,512,125,test,Yemen,2025,6,unchanged,0.94376,0.03553,0.02071
ConfliBERT-2021,full,window,512,125,test,Yemen,2025,7,deteriorated,0.94602,0.03922,0.01475
ConfliBERT-2021,full,window,512,125,dev,Algeria,2025,1,unchanged,0.9476,0.0415,0.0109
ConfliBERT-2021,full,window,512,125,dev,Algeria,2025,2,unchanged,0.88844,0.0999,0.01166
ConfliBERT-2021,full,window,512,125,dev,Algeria,2025,3,unchanged,0.8971,0.09241,0.01049
ConfliBERT-2021,full,window,512,125,test,Algeria,2025,6,unchanged,0.96771,0.02426,0.00803
ConfliBERT-2021,full,window,512,125,test,Algeria,2025,6,unchanged,0.96838,0.02156,0.01007
ConfliBERT-2021,full,window,512,125,test,Algeria,2025,7,unchanged,0.97889,0.01229,0.00881
ConfliBERT-2021,full,window,512,125,test,Algeria,2025,10,unchanged,0.9592,0.0258,0.015
ConfliBERT-2021,full,window,512,125,test,Algeria,2025,12,unchanged,0.96307,0.02771,0.00922
ConfliBERT-2021,full,window,512,125,dev,Egypt,2025,1,unchanged,0.97975,0.00813,0.01212
ConfliBERT-2021,full,window,512,125,dev,Egypt,2025,2,unchanged,0.9796,0.01084,0.00956
ConfliBERT-2021,full,window,512,125,dev,Egypt,2025,3,unchanged,0.97769,0.0111,0.0112
ConfliBERT-2021,full,window,512,125,test,Egypt,2025,6,unchanged,0.97763,0.01453,0.00785
ConfliBERT-2021,full,window,512,125,test,Egypt,2025,6,unchanged,0.97891,0.01202,0.00907
ConfliBERT-2021,full,window,512,125,test,Egypt,2025,7,unchanged,0.98048,0.01138,0.00814
ConfliBERT-2021,full,window,512,125,test,Egypt,2025,10,unchanged,0.97911,0.01162,0.00927
ConfliBERT-2021,full,window,512,125,test,Egypt,2025,12,unchanged,0.97927,0.00845,0.01228
ConfliBERT-2021,full,window,512,125,dev,Libya,2025,1,unchanged,0.92211,0.06408,0.01381
ConfliBERT-2021,full,window,512,125,dev,Libya,2025,2,unchanged,0.96095,0.02756,0.01149
ConfliBERT-2021,full,window,512,125,dev,Libya,2025,3,unchanged,0.95411,0.03549,0.0104
ConfliBERT-2021,full,window,512,125,test,Libya,2025,6,unchanged,0.96092,0.0297,0.00939
ConfliBERT-2021,full,window,512,125,test,Libya,2025,6,unchanged,0.80945,0.18141,0.00915
ConfliBERT-2021,full,window,512,125,test,Libya,2025,7,unchanged,0.95959,0.02863,0.01179
ConfliBERT-2021,full,window,512,125,test,Libya,2025,10,unchanged,0.80255,0.18037,0.01708
ConfliBERT-2021,full,window,512,125,test,Libya,2025,12,unchanged,0.79843,0.17665,0.02492
ConfliBERT-2021,full,window,512,125,dev,Tunisia,2025,1,unchanged,0.97522,0.01383,0.01096
ConfliBERT-2021,full,window,512,125,dev,Tunisia,2025,2,unchanged,0.95462,0.03607,0.00931
ConfliBERT-2021,full,window,512,125,dev,Tunisia,2025,3,unchanged,0.95493,0.03576,0.00932
ConfliBERT-2021,full,window,512,125,test,Tunisia,2025,6,unchanged,0.95933,0.03229,0.00837
ConfliBERT-2021,full,window,512,125,test,Tunisia,2025,6,unchanged,0.96589,0.02589,0.00822
ConfliBERT-2021,full,window,512,125,test,Tunisia,2025,7,unchanged,0.97004,0.02126,0.0087
ConfliBERT-2021,full,window,512,125,test,Tunisia,2025,10,unchanged,0.96398,0.02772,0.00831
ConfliBERT-2021,full,window,512,125,test,Tunisia,2025,12,unchanged,0.9264,0.06625,0.00735
ConfliBERT-2021,full,window,512,125,dev,Western Sahara,2025,1,unchanged,0.8559,0.12923,0.01487
ConfliBERT-2021,full,window,512,125,dev,Western Sahara,2025,2,unchanged,0.97337,0.0162,0.01043
ConfliBERT-2021,full,window,512,125,dev,Western Sahara,2025,3,unchanged,0.9758,0.01512,0.00908
ConfliBERT-2021,full,window,512,125,test,Western Sahara,2025,6,unchanged,0.98143,0.00887,0.00971
ConfliBERT-2021,full,window,512,125,test,Western Sahara,2025,6,unchanged,0.98005,0.01037,0.00958
ConfliBERT-2021,full,window,512,125,test,Western Sahara,2025,7,unchanged,0.86357,0.12402,0.0124
ConfliBERT-2021,full,window,512,125,test,Western Sahara,2025,10,unchanged,0.97308,0.01511,0.01181
ConfliBERT-2021,full,window,512,125,test,Western Sahara,2025,12,unchanged,0.94967,0.02931,0.02103
ConfliBERT-2021,full,window,512,125,dev,Central African Republic,2025,1,unchanged,0.90087,0.07254,0.02659
ConfliBERT-2021,full,window,512,125,dev,Central African Republic,2025,2,unchanged,0.97522,0.01665,0.00814
ConfliBERT-2021,full,window,512,125,dev,Central African Republic,2025,2,unchanged,0.93025,0.03982,0.02994
ConfliBERT-2021,full,window,512,125,dev,Central African Republic,2025,3,unchanged,0.9628,0.02931,0.00789
ConfliBERT-2021,full,window,512,125,test,Central African Republic,2025,7,unchanged,0.47063,0.52065,0.00872
ConfliBERT-2021,full,window,512,125,test,Central African Republic,2025,10,unchanged,0.8601,0.12529,0.01461
ConfliBERT-2021,full,window,512,125,dev,Mali,2025,1,unchanged,0.94828,0.04387,0.00785
ConfliBERT-2021,full,window,512,125,dev,Mali,2025,2,unchanged,0.94388,0.04776,0.00836
ConfliBERT-2021,full,window,512,125,dev,Mali,2025,2,unchanged,0.95187,0.03936,0.00878
ConfliBERT-2021,full,window,512,125,dev,Mali,2025,3,unchanged,0.9285,0.06314,0.00836
ConfliBERT-2021,full,window,512,125,test,Mali,2025,7,deteriorated,0.94908,0.03921,0.01171
ConfliBERT-2021,full,window,512,125,test,Mali,2025,12,unchanged,0.9545,0.02718,0.01832
ConfliBERT-2021,full,window,512,125,dev,Niger,2025,1,unchanged,0.96426,0.02805,0.00769
ConfliBERT-2021,full,window,512,125,dev,Niger,2025,2,unchanged,0.8976,0.09487,0.00753
ConfliBERT-2021,full,window,512,125,dev,Niger,2025,2,unchanged,0.8844,0.10684,0.00876
ConfliBERT-2021,full,window,512,125,dev,Niger,2025,3,deteriorated,0.8952,0.09607,0.00873
ConfliBERT-2021,full,window,512,125,test,Niger,2025,7,unchanged,0.97283,0.0158,0.01136
ConfliBERT-2021,full,window,512,125,test,Niger,2025,10,unchanged,0.97521,0.01717,0.00762
ConfliBERT-2021,full,window,512,125,test,Niger,2025,12,unchanged,0.97211,0.02058,0.00731
ConfliBERT-2021,full,window,512,125,dev,Benin,2025,1,deteriorated,0.95764,0.03271,0.00964
ConfliBERT-2021,full,window,512,125,dev,Benin,2025,2,unchanged,0.90803,0.08395,0.00802
ConfliBERT-2021,full,window,512,125,dev,Benin,2025,2,unchanged,0.97877,0.01274,0.00849
ConfliBERT-2021,full,window,512,125,dev,Benin,2025,3,unchanged,0.97337,0.01934,0.00729
ConfliBERT-2021,full,window,512,125,test,Benin,2025,7,unchanged,0.98184,0.01025,0.00792
ConfliBERT-2021,full,window,512,125,test,Benin,2025,10,unchanged,0.9565,0.03716,0.00634
ConfliBERT-2021,full,window,512,125,test,Benin,2025,12,deteriorated,0.54351,0.44873,0.00776
ConfliBERT-2021,full,window,512,125,dev,Moldova,2025,1,deteriorated,0.91266,0.06896,0.01837
ConfliBERT-2021,full,window,512,125,dev,Moldova,2025,2,unchanged,0.77987,0.19785,0.02228
ConfliBERT-2021,full,window,512,125,test,Moldova,2026,3,unchanged,0.95198,0.03808,0.00993
ConfliBERT-2021,full,window,512,125,test,Israel/Palestine,2025,12,unchanged,0.93608,0.05556,0.00836
ConfliBERT-2021,full,window,512,125,dev,Colombia,2025,2,unchanged,0.92575,0.05022,0.02403
ConfliBERT-2021,full,window,512,125,dev,Colombia,2025,3,unchanged,0.86795,0.10728,0.02478
ConfliBERT-2021,full,window,512,125,test,Colombia,2025,7,unchanged,0.96606,0.01457,0.01937
ConfliBERT-2021,full,window,512,125,test,Colombia,2025,10,deteriorated,0.77503,0.20189,0.02308
ConfliBERT-2021,full,window,512,125,test,Colombia,2025,12,unchanged,0.5822,0.40289,0.01491
ConfliBERT-2021,full,window,512,125,dev,Ecuador,2025,1,deteriorated,0.95891,0.0301,0.011
ConfliBERT-2021,full,window,512,125,dev,Ecuador,2025,2,unchanged,0.9389,0.04037,0.02073
ConfliBERT-2021,full,window,512,125,dev,Ecuador,2025,3,unchanged,0.93344,0.04947,0.01709
ConfliBERT-2021,full,window,512,125,test,Ecuador,2025,7,unchanged,0.97447,0.01288,0.01265
ConfliBERT-2021,full,window,512,125,test,Ecuador,2025,10,unchanged,0.96018,0.02809,0.01173
ConfliBERT-2021,full,window,512,125,test,Ecuador,2025,12,unchanged,0.95266,0.03502,0.01233
ConfliBERT-2021,full,window,512,125,dev,Venezuela,2025,1,unchanged,0.79362,0.19539,0.01099
ConfliBERT-2021,full,window,512,125,dev,Venezuela,2025,2,unchanged,0.91646,0.07122,0.01232
ConfliBERT-2021,full,window,512,125,dev,Venezuela,2025,3,unchanged,0.93812,0.04909,0.01279
ConfliBERT-2021,full,window,512,125,test,Venezuela,2025,7,unchanged,0.95081,0.02683,0.02236
ConfliBERT-2021,full,window,512,125,dev,El Salvador,2025,1,unchanged,0.97632,0.01294,0.01074
ConfliBERT-2021,full,window,512,125,dev,El Salvador,2025,2,unchanged,0.9763,0.01378,0.00992
ConfliBERT-2021,full,window,512,125,dev,El Salvador,2025,3,unchanged,0.97933,0.00892,0.01174
ConfliBERT-2021,full,window,512,125,test,El Salvador,2025,7,deteriorated,0.97463,0.01628,0.00909
ConfliBERT-2021,full,window,512,125,test,El Salvador,2025,10,unchanged,0.97892,0.01075,0.01033
ConfliBERT-2021,full,window,512,125,test,El Salvador,2025,12,unchanged,0.97776,0.00861,0.01363
ConfliBERT-2021,full,window,512,125,test,Honduras,2025,12,deteriorated,0.02492,0.96846,0.00663
ConfliBERT-2021,full,window,512,125,dev,Mexico,2025,1,unchanged,0.78558,0.16701,0.04741
ConfliBERT-2021,full,window,512,125,dev,Mexico,2025,2,unchanged,0.92549,0.05617,0.01834
ConfliBERT-2021,full,window,512,125,dev,Mexico,2025,3,unchanged,0.91936,0.0595,0.02114
ConfliBERT-2021,full,window,512,125,test,Mexico,2025,7,unchanged,0.96826,0.01806,0.01369
ConfliBERT-2021,full,window,512,125,test,Mexico,2025,10,unchanged,0.86232,0.12032,0.01735
ConfliBERT-2021,full,window,512,125,test,Mexico,2025,12,unchanged,0.95785,0.02807,0.01408
ConfliBERT-2021,full,window,512,125,dev,Nicaragua,2025,1,unchanged,0.96823,0.02145,0.01031
ConfliBERT-2021,full,window,512,125,dev,Nicaragua,2025,2,deteriorated,0.94142,0.04557,0.01301
ConfliBERT-2021,full,window,512,125,dev,Nicaragua,2025,3,unchanged,0.95285,0.03718,0.00997
ConfliBERT-2021,full,window,512,125,test,Nicaragua,2025,7,unchanged,0.91961,0.06733,0.01306
ConfliBERT-2021,full,window,512,125,test,Nicaragua,2025,10,unchanged,0.97649,0.01622,0.00729
ConfliBERT-2021,full,window,512,125,test,Nicaragua,2025,12,unchanged,0.97812,0.01281,0.00907
ConfliBERT-2021,full,window,512,125,dev,Haiti,2025,1,unchanged,0.90113,0.08704,0.01183
ConfliBERT-2021,full,window,512,125,dev,Haiti,2025,2,unchanged,0.86004,0.13036,0.0096
ConfliBERT-2021,full,window,512,125,dev,Haiti,2025,3,deteriorated,0.77282,0.218,0.00917
ConfliBERT-2021,full,window,512,125,test,Haiti,2025,7,unchanged,0.9299,0.05528,0.01482
ConfliBERT-2021,full,window,512,125,test,Haiti,2025,10,unchanged,0.95744,0.0297,0.01286
ConfliBERT-2021,full,window,512,125,test,Haiti,2025,12,unchanged,0.83487,0.14533,0.0198
ConfliBERT-2021,full,window,512,125,dev,China/Japan,2025,1,unchanged,0.97597,0.01361,0.01042
ConfliBERT-2021,full,window,512,125,dev,China/Japan,2025,2,unchanged,0.98188,0.00825,0.00987
ConfliBERT-2021,full,window,512,125,dev,China/Japan,2025,3,unchanged,0.98011,0.00915,0.01074
ConfliBERT-2021,full,window,512,125,test,China/Japan,2025,6,unchanged,0.97837,0.01332,0.0083
ConfliBERT-2021,full,window,512,125,test,China/Japan,2025,6,unchanged,0.9415,0.04175,0.01675
ConfliBERT-2021,full,window,512,125,test,China/Japan,2025,7,unchanged,0.97262,0.02027,0.00711
ConfliBERT-2021,full,window,512,125,test,China/Japan,2025,7,unchanged,0.96529,0.0279,0.00681
ConfliBERT-2021,full,window,512,125,test,China/Japan,2025,10,unchanged,0.97163,0.01833,0.01004
ConfliBERT-2021,full,window,512,125,test,China/Japan,2025,12,unchanged,0.96942,0.02372,0.00686
ConfliBERT-2021,full,window,512,125,dev,Korean Peninsula,2025,1,unchanged,0.90513,0.08349,0.01138
ConfliBERT-2021,full,window,512,125,dev,Korean Peninsula,2025,2,unchanged,0.9117,0.07688,0.01142
ConfliBERT-2021,full,window,512,125,dev,Korean Peninsula,2025,3,unchanged,0.93993,0.05018,0.00989
ConfliBERT-2021,full,window,512,125,test,Korean Peninsula,2025,6,unchanged,0.93075,0.05568,0.01356
ConfliBERT-2021,full,window,512,125,test,Korean Peninsula,2025,6,unchanged,0.94756,0.04238,0.01006
ConfliBERT-2021,full,window,512,125,test,Korean Peninsula,2025,7,unchanged,0.97136,0.01947,0.00917
ConfliBERT-2021,full,window,512,125,test,Korean Peninsula,2025,7,unchanged,0.96091,0.02826,0.01083
ConfliBERT-2021,full,window,512,125,test,Korean Peninsula,2025,10,unchanged,0.95715,0.03104,0.0118
ConfliBERT-2021,full,window,512,125,test,Korean Peninsula,2025,12,unchanged,0.94898,0.04149,0.00953
ConfliBERT-2021,full,window,512,125,dev,Taiwan Strait,2025,1,unchanged,0.97482,0.01497,0.01021
ConfliBERT-2021,full,window,512,125,dev,Taiwan Strait,2025,2,unchanged,0.97285,0.01862,0.00853
ConfliBERT-2021,full,window,512,125,dev,Taiwan Strait,2025,3,unchanged,0.97687,0.01515,0.00798
ConfliBERT-2021,full,window,512,125,test,Taiwan Strait,2025,6,unchanged,0.98198,0.01129,0.00673
ConfliBERT-2021,full,window,512,125,test,Taiwan Strait,2025,6,unchanged,0.98245,0.01116,0.00638
ConfliBERT-2021,full,window,512,125,test,Taiwan Strait,2025,7,unchanged,0.9763,0.01769,0.00601
ConfliBERT-2021,full,window,512,125,test,Taiwan Strait,2025,7,unchanged,0.97808,0.01589,0.00604
ConfliBERT-2021,full,window,512,125,test,Taiwan Strait,2025,10,unchanged,0.97533,0.01791,0.00676
ConfliBERT-2021,full,window,512,125,test,Taiwan Strait,2025,12,deteriorated,0.95686,0.03386,0.00928
ConfliBERT-2021,full,window,512,125,dev,Afghanistan,2025,1,unchanged,0.92521,0.06239,0.0124
ConfliBERT-2021,full,window,512,125,dev,Afghanistan,2025,2,unchanged,0.9496,0.03941,0.01099
ConfliBERT-2021,full,window,512,125,dev,Afghanistan,2025,3,unchanged,0.90242,0.08262,0.01496
ConfliBERT-2021,full,window,512,125,test,Afghanistan,2025,7,unchanged,0.945,0.04418,0.01082
ConfliBERT-2021,full,window,512,125,test,Afghanistan,2025,7,unchanged,0.95491,0.03642,0.00866
ConfliBERT-2021,full,window,512,125,test,Afghanistan,2025,12,unchanged,0.77723,0.21001,0.01276
ConfliBERT-2021,full,window,512,125,dev,Bangladesh,2025,1,unchanged,0.94803,0.04164,0.01033
ConfliBERT-2021,full,window,512,125,dev,Bangladesh,2025,2,unchanged,0.959,0.02947,0.01153
ConfliBERT-2021,full,window,512,125,dev,Bangladesh,2025,3,unchanged,0.8419,0.14686,0.01124
ConfliBERT-2021,full,window,512,125,test,Bangladesh,2025,6,unchanged,0.95701,0.03066,0.01233
ConfliBERT-2021,full,window,512,125,test,Bangladesh,2025,6,unchanged,0.96077,0.02571,0.01352
ConfliBERT-2021,full,window,512,125,test,Bangladesh,2025,7,unchanged,0.95973,0.02695,0.01333
ConfliBERT-2021,full,window,512,125,test,Bangladesh,2025,7,unchanged,0.95654,0.02977,0.01369
ConfliBERT-2021,full,window,512,125,test,Bangladesh,2025,10,unchanged,0.94086,0.04691,0.01223
ConfliBERT-2021,full,window,512,125,test,Bangladesh,2025,12,deteriorated,0.93833,0.03327,0.02839
ConfliBERT-2021,full,window,512,125,dev,India,2025,1,unchanged,0.90895,0.07647,0.01458
ConfliBERT-2021,full,window,512,125,dev,India,2025,2,unchanged,0.95145,0.03414,0.01441
ConfliBERT-2021,full,window,512,125,dev,India,2025,3,unchanged,0.90642,0.0596,0.03398
ConfliBERT-2021,full,window,512,125,test,India,2025,6,unchanged,0.96659,0.01459,0.01882
ConfliBERT-2021,full,window,512,125,test,India,2025,6,unchanged,0.94296,0.04172,0.01532
ConfliBERT-2021,full,window,512,125,test,India,2025,7,unchanged,0.96014,0.02244,0.01742
ConfliBERT-2021,full,window,512,125,test,India,2025,7,unchanged,0.93843,0.04533,0.01624
ConfliBERT-2021,full,window,512,125,test,India,2025,10,improved,0.93941,0.0401,0.02048
ConfliBERT-2021,full,window,512,125,test,India,2025,12,unchanged,0.94322,0.035,0.02178
ConfliBERT-2021,full,window,512,125,dev,Pakistan,2025,1,unchanged,0.73826,0.22597,0.03578
ConfliBERT-2021,full,window,512,125,dev,Pakistan,2025,2,unchanged,0.67147,0.31516,0.01338
ConfliBERT-2021,full,window,512,125,dev,Pakistan,2025,3,unchanged,0.55507,0.43365,0.01128
ConfliBERT-2021,full,window,512,125,test,Pakistan,2025,6,unchanged,0.79948,0.18845,0.01207
ConfliBERT-2021,full,window,512,125,test,Pakistan,2025,6,unchanged,0.83669,0.15216,0.01115
ConfliBERT-2021,full,window,512,125,test,Pakistan,2025,7,unchanged,0.8537,0.13561,0.01069
ConfliBERT-2021,full,window,512,125,test,Pakistan,2025,7,unchanged,0.89726,0.09019,0.01255
ConfliBERT-2021,full,window,512,125,test,Pakistan,2025,12,unchanged,0.81969,0.16915,0.01116
ConfliBERT-2021,full,window,512,125,dev,Sri Lanka,2025,1,unchanged,0.97406,0.00856,0.01738
ConfliBERT-2021,full,window,512,125,dev,Sri Lanka,2025,2,unchanged,0.97784,0.0082,0.01396
ConfliBERT-2021,full,window,512,125,dev,Sri Lanka,2025,3,unchanged,0.97828,0.01025,0.01147
ConfliBERT-2021,full,window,512,125,test,Sri Lanka,2025,6,unchanged,0.98039,0.00945,0.01016
ConfliBERT-2021,full,window,512,125,test,Sri Lanka,2025,6,unchanged,0.97957,0.00922,0.01121
ConfliBERT-2021,full,window,512,125,test,Sri Lanka,2025,7,unchanged,0.982,0.00713,0.01087
ConfliBERT-2021,full,window,512,125,test,Sri Lanka,2025,7,unchanged,0.98155,0.00729,0.01116
ConfliBERT-2021,full,window,512,125,test,Sri Lanka,2025,10,unchanged,0.97578,0.01404,0.01018
ConfliBERT-2021,full,window,512,125,test,Sri Lanka,2025,12,unchanged,0.96159,0.02833,0.01008
ConfliBERT-2021,full,window,512,125,dev,Myanmar,2025,1,unchanged,0.94658,0.04018,0.01324
ConfliBERT-2021,full,window,512,125,dev,Myanmar,2025,2,unchanged,0.87037,0.11802,0.01161
ConfliBERT-2021,full,window,512,125,dev,Myanmar,2025,3,unchanged,0.94985,0.03865,0.0115
ConfliBERT-2021,full,window,512,125,test,Myanmar,2025,6,unchanged,0.96595,0.02153,0.01253
ConfliBERT-2021,full,window,512,125,test,Myanmar,2025,6,unchanged,0.9682,0.02003,0.01177
ConfliBERT-2021,full,window,512,125,test,Myanmar,2025,7,unchanged,0.9323,0.05236,0.01534
ConfliBERT-2021,full,window,512,125,test,Myanmar,2025,7,unchanged,0.95865,0.02711,0.01424
ConfliBERT-2021,full,window,512,125,test,Myanmar,2025,10,unchanged,0.91204,0.07505,0.01291
ConfliBERT-2021,full,window,512,125,test,Myanmar,2025,12,unchanged,0.93401,0.05257,0.01342
ConfliBERT-2021,full,window,512,125,dev,Philippines,2025,1,unchanged,0.96895,0.01348,0.01757
ConfliBERT-2021,full,window,512,125,dev,Philippines,2025,2,unchanged,0.97052,0.01185,0.01763
ConfliBERT-2021,full,window,512,125,dev,Philippines,2025,3,unchanged,0.97267,0.01096,0.01637
ConfliBERT-2021,full,window,512,125,test,Philippines,2025,6,unchanged,0.9722,0.01141,0.01638
ConfliBERT-2021,full,window,512,125,test,Philippines,2025,6,unchanged,0.97281,0.01075,0.01644
ConfliBERT-2021,full,window,512,125,test,Philippines,2025,7,unchanged,0.94162,0.0284,0.02999
ConfliBERT-2021,full,window,512,125,test,Philippines,2025,7,unchanged,0.96172,0.01596,0.02232
ConfliBERT-2021,full,window,512,125,test,Philippines,2025,10,unchanged,0.97548,0.01088,0.01364
ConfliBERT-2021,full,window,512,125,test,Philippines,2025,12,unchanged,0.95596,0.02304,0.02101
ConfliBERT-2021,full,window,512,125,dev,South China Sea,2025,1,unchanged,0.919,0.07341,0.00758
ConfliBERT-2021,full,window,512,125,dev,South China Sea,2025,2,unchanged,0.96092,0.03084,0.00824
ConfliBERT-2021,full,window,512,125,dev,South China Sea,2025,3,unchanged,0.96805,0.02626,0.00569
ConfliBERT-2021,full,window,512,125,test,South China Sea,2025,6,unchanged,0.96163,0.033,0.00537
ConfliBERT-2021,full,window,512,125,test,South China Sea,2025,6,unchanged,0.96653,0.02715,0.00632
ConfliBERT-2021,full,window,512,125,test,South China Sea,2025,7,unchanged,0.97238,0.02064,0.00697
ConfliBERT-2021,full,window,512,125,test,South China Sea,2025,7,unchanged,0.96949,0.02123,0.00927
ConfliBERT-2021,full,window,512,125,test,South China Sea,2025,10,unchanged,0.9399,0.05401,0.00609
ConfliBERT-2021,full,window,512,125,test,South China Sea,2025,12,unchanged,0.89475,0.09901,0.00625
ConfliBERT-2021,full,window,512,125,dev,Thailand,2025,1,unchanged,0.97814,0.0113,0.01056
ConfliBERT-2021,full,window,512,125,dev,Thailand,2025,2,unchanged,0.97567,0.01428,0.01004
ConfliBERT-2021,full,window,512,125,dev,Thailand,2025,3,unchanged,0.98084,0.00844,0.01072
ConfliBERT-2021,full,window,512,125,test,Thailand,2025,6,deteriorated,0.96963,0.0208,0.00957
ConfliBERT-2021,full,window,512,125,test,Thailand,2025,6,deteriorated,0.9458,0.04497,0.00923
ConfliBERT-2021,full,window,512,125,test,Thailand,2025,7,unchanged,0.6426,0.35001,0.00739
ConfliBERT-2021,full,window,512,125,test,Thailand,2025,7,unchanged,0.7131,0.27904,0.00786
ConfliBERT-2021,full,window,512,125,test,Thailand,2025,10,improved,0.88775,0.09916,0.01309
ConfliBERT-2021,full,window,512,125,test,Thailand,2025,12,unchanged,0.97178,0.0168,0.01142
ConfliBERT-2021,full,window,512,125,test,Guatemala,2025,10,unchanged,0.96672,0.02022,0.01306
ConfliBERT-2021,full,window,512,125,dev,Bolivia,2025,1,unchanged,0.52593,0.45818,0.01589
ConfliBERT-2021,full,window,512,125,dev,Bolivia,2025,2,unchanged,0.62088,0.3648,0.01432
ConfliBERT-2021,full,window,512,125,test,Bolivia,2025,10,improved,0.84277,0.04295,0.11428
ConfliBERT-2021,full,window,512,125,test,Bolivia,2025,12,unchanged,0.94209,0.02715,0.03076
ConfliBERT-2021,full,window,512,125,dev,Peru,2025,3,unchanged,0.88274,0.10486,0.0124
ConfliBERT-2021,full,window,512,125,test,Peru,2025,10,deteriorated,0.4407,0.53576,0.02354
ConfliBERT-2021,full,window,512,125,test,Madagascar,2025,10,deteriorated,0.34501,0.64457,0.01042
ConfliBERT-2021,full,window,512,125,dev,Guinea-Bissau,2025,2,deteriorated,0.03241,0.96205,0.00554
ConfliBERT-2021,full,window,512,125,dev,Guinea-Bissau,2025,2,deteriorated,0.81634,0.1652,0.01846
ConfliBERT-2021,full,window,512,125,dev,Guinea-Bissau,2025,3,unchanged,0.94798,0.03633,0.01569
ConfliBERT-2021,full,window,512,125,test,Guinea-Bissau,2025,12,unchanged,0.56928,0.40685,0.02387
ConfliBERT-2021,full,window,512,125,dev,Guyana,2025,3,unchanged,0.97868,0.01062,0.0107
ConfliBERT-2021,full,window,512,125,dev,Jordan,2025,2,unchanged,0.96854,0.01952,0.01194
ConfliBERT-2021,full,window,512,125,test,Kazakhstan,2026,3,unchanged,0.96395,0.01475,0.0213
ConfliBERT-2021,full,window,512,125,dev,Togo,2025,2,unchanged,0.94285,0.04676,0.01039
ConfliBERT-2021,full,window,512,125,dev,Togo,2025,2,unchanged,0.96892,0.02166,0.00943
ConfliBERT-2021,full,window,512,125,dev,Togo,2025,3,unchanged,0.97406,0.00979,0.01616
ConfliBERT-2021,full,window,512,125,test,Togo,2025,7,unchanged,0.90387,0.06497,0.03116
ConfliBERT-2021,full,window,512,125,test,Togo,2025,10,unchanged,0.87345,0.10711,0.01945
ConfliBERT-2021,full,window,512,125,test,Papua New Guinea,2025,10,unchanged,0.96928,0.01137,0.01935
ConfliBERT-2021,full,window,512,125,test,Cambodia,2025,7,unchanged,0.79835,0.19111,0.01053
ConfliBERT-2021,full,window,512,125,test,Cambodia,2025,7,unchanged,0.72862,0.23482,0.03656
ConfliBERT-2021,full,window,512,125,test,Brazil,2025,10,unchanged,0.01151,0.98499,0.0035
ConfliBERT-2021,full,window,512,125,test,Angola,2025,7,deteriorated,0.07165,0.91616,0.01218
ConfliBERT-2021,full,window,512,125,dev,Indonesia,2025,1,unchanged,0.98247,0.00727,0.01026
ConfliBERT-2021,full,window,512,125,dev,Indonesia,2025,2,unchanged,0.98168,0.00952,0.0088
ConfliBERT-2021,full,window,512,125,dev,Indonesia,2025,3,unchanged,0.97504,0.01637,0.00859
ConfliBERT-2021,full,window,512,125,test,Indonesia,2025,6,unchanged,0.97361,0.01802,0.00836
ConfliBERT-2021,full,window,512,125,test,Indonesia,2025,6,unchanged,0.97408,0.0152,0.01072
ConfliBERT-2021,full,window,512,125,test,Indonesia,2025,7,unchanged,0.97689,0.0118,0.0113
ConfliBERT-2021,full,window,512,125,test,Indonesia,2025,7,unchanged,0.97918,0.0075,0.01331
ConfliBERT-2021,full,window,512,125,test,Indonesia,2025,10,unchanged,0.97931,0.01021,0.01048
ConfliBERT-2021,full,window,512,125,test,Indonesia,2025,12,unchanged,0.98024,0.01188,0.00788
ConfliBERT-2021,full,window,512,125,test,Ghana,2025,7,unchanged,0.9728,0.01824,0.00896
ConfliBERT-2021,full,window,512,125,dev,South Africa,2025,1,unchanged,0.97222,0.01826,0.00952
ConfliBERT-2021,full,window,512,125,dev,South Africa,2025,2,unchanged,0.96822,0.02319,0.00858
ConfliBERT-2021,full,window,512,125,dev,South Africa,2025,2,unchanged,0.95853,0.03294,0.00853
ConfliBERT-2021,full,window,512,125,dev,South Africa,2025,3,unchanged,0.94392,0.04718,0.0089
ConfliBERT-2021,full,window,512,125,test,South Africa,2025,7,unchanged,0.97302,0.01712,0.00986
ConfliBERT-2021,full,window,512,125,test,South Africa,2025,10,unchanged,0.98249,0.00717,0.01034
ConfliBERT-2021,full,window,512,125,test,South Africa,2025,12,unchanged,0.9762,0.01203,0.01177
ConfliBERT-2021,full,window,512,125,test,Qatar,2025,6,unchanged,0.06823,0.92727,0.0045
ConfliBERT-2021,full,window,512,125,test,Qatar,2025,6,unchanged,0.5949,0.39151,0.01359
ConfliBERT-2021,full,window,512,125,test,Morocco,2025,10,deteriorated,0.12734,0.86682,0.00584
ConfliBERT-2021,full,window,512,125,dev,Comoros Islands,2025,1,unchanged,0.71957,0.25657,0.02386
ConfliBERT-2021,full,window,512,125,dev,Russia/U.S.,2025,1,unchanged,0.9788,0.01312,0.00808
ConfliBERT-2021,full,window,512,125,dev,Russia/U.S.,2025,2,unchanged,0.9773,0.0132,0.00951
ConfliBERT-2021,full,window,512,125,dev,Amazon,2025,1,unchanged,0.96228,0.02603,0.01169
ConfliBERT-2021,full,window,512,125,dev,Amazon,2025,2,unchanged,0.87643,0.10252,0.02105
ConfliBERT-2021,full,window,512,125,dev,Amazon,2025,3,unchanged,0.97241,0.0182,0.0094
ConfliBERT-2021,full,window,512,125,test,Amazon,2025,7,deteriorated,0.91025,0.08128,0.00847
ConfliBERT-2021,full,window,512,125,test,Amazon,2025,10,unchanged,0.97409,0.0131,0.01282
ConfliBERT-2021,full,window,512,125,test,Amazon,2025,12,unchanged,0.97487,0.01422,0.0109
ConfliBERT-2021,full,window,512,125,test,China-U.S.,2025,6,unchanged,0.97672,0.0106,0.01269
ConfliBERT-2021,full,window,512,125,test,China-U.S.,2025,6,unchanged,0.96891,0.00878,0.02231
ConfliBERT-2021,full,window,512,125,test,China-U.S.,2025,10,improved,0.9419,0.02346,0.03464
ConfliBERT-2021,full,window,512,125,test,China-U.S.,2025,12,unchanged,0.84071,0.12201,0.03728
ConfliBERT-2021,full,window,512,125,dev,Cook Islands,2025,2,unchanged,0.97416,0.01423,0.01161
ConfliBERT-2021,full,window,512,125,dev,Tasman Sea,2025,2,unchanged,0.89725,0.09072,0.01202
ConfliBERT-2021,full,window,512,125,test,New Caledonia,2025,7,improved,0.96237,0.01138,0.02625
ConfliBERT-2021,full,window,512,125,test,New Caledonia,2025,7,improved,0.95202,0.02637,0.0216
ConfliBERT-v2,full,single,2048,123,dev,Cameroon,2025,1,unchanged,0.97077,0.01095,0.01827
ConfliBERT-v2,full,single,2048,123,dev,Cameroon,2025,2,unchanged,0.95473,0.02013,0.02515
ConfliBERT-v2,full,single,2048,123,dev,Cameroon,2025,2,unchanged,0.94846,0.02356,0.02798
ConfliBERT-v2,full,single,2048,123,dev,Cameroon,2025,3,unchanged,0.92199,0.04363,0.03438
ConfliBERT-v2,full,single,2048,123,test,Cameroon,2025,7,unchanged,0.84627,0.09569,0.05804
ConfliBERT-v2,full,single,2048,123,test,Cameroon,2025,12,unchanged,0.98035,0.00583,0.01382
ConfliBERT-v2,full,single,2048,123,dev,Chad,2025,1,unchanged,0.21321,0.77686,0.00993
ConfliBERT-v2,full,single,2048,123,dev,Chad,2025,2,unchanged,0.41182,0.5607,0.02748
ConfliBERT-v2,full,single,2048,123,dev,Chad,2025,2,unchanged,0.7459,0.19382,0.06028
ConfliBERT-v2,full,single,2048,123,dev,Chad,2025,3,unchanged,0.69684,0.25648,0.04669
ConfliBERT-v2,full,single,2048,123,test,Chad,2025,7,unchanged,0.91489,0.04147,0.04363
ConfliBERT-v2,full,single,2048,123,test,Chad,2025,10,deteriorated,0.91504,0.04364,0.04132
ConfliBERT-v2,full,single,2048,123,test,Chad,2025,12,unchanged,0.88375,0.06085,0.0554
ConfliBERT-v2,full,single,2048,123,dev,Gabon,2025,1,unchanged,0.97946,0.00601,0.01453
ConfliBERT-v2,full,single,2048,123,dev,Gabon,2025,3,unchanged,0.97476,0.0071,0.01813
ConfliBERT-v2,full,single,2048,123,dev,Kenya,2025,1,unchanged,0.92853,0.0333,0.03818
ConfliBERT-v2,full,single,2048,123,dev,Kenya,2025,2,unchanged,0.9152,0.03959,0.04521
ConfliBERT-v2,full,single,2048,123,dev,Kenya,2025,2,unchanged,0.96078,0.01517,0.02405
ConfliBERT-v2,full,single,2048,123,dev,Kenya,2025,3,unchanged,0.96175,0.01555,0.02271
ConfliBERT-v2,full,single,2048,123,test,Kenya,2025,7,deteriorated,0.43222,0.55282,0.01496
ConfliBERT-v2,full,single,2048,123,test,Kenya,2025,10,unchanged,0.11067,0.88462,0.00472
ConfliBERT-v2,full,single,2048,123,test,Kenya,2025,12,unchanged,0.73657,0.19805,0.06537
ConfliBERT-v2,full,single,2048,123,dev,Mozambique,2025,1,improved,0.96435,0.01376,0.0219
ConfliBERT-v2,full,single,2048,123,dev,Mozambique,2025,2,unchanged,0.72957,0.21461,0.05582
ConfliBERT-v2,full,single,2048,123,dev,Mozambique,2025,2,unchanged,0.70842,0.23822,0.05336
ConfliBERT-v2,full,single,2048,123,dev,Mozambique,2025,3,improved,0.76052,0.17406,0.06542
ConfliBERT-v2,full,single,2048,123,test,Mozambique,2025,7,unchanged,0.92244,0.03181,0.04575
ConfliBERT-v2,full,single,2048,123,test,Mozambique,2025,10,unchanged,0.96957,0.01077,0.01966
ConfliBERT-v2,full,single,2048,123,test,Mozambique,2025,12,unchanged,0.94745,0.02372,0.02883
ConfliBERT-v2,full,single,2048,123,dev,Tanzania,2025,1,unchanged,0.97688,0.00752,0.01561
ConfliBERT-v2,full,single,2048,123,dev,Tanzania,2025,2,unchanged,0.9779,0.00701,0.01508
ConfliBERT-v2,full,single,2048,123,dev,Tanzania,2025,2,unchanged,0.97819,0.00696,0.01485
ConfliBERT-v2,full,single,2048,123,dev,Tanzania,2025,3,unchanged,0.97903,0.00639,0.01458
ConfliBERT-v2,full,single,2048,123,test,Tanzania,2025,7,unchanged,0.98115,0.0054,0.01346
ConfliBERT-v2,full,single,2048,123,test,Tanzania,2025,12,unchanged,0.06398,0.93291,0.00311
ConfliBERT-v2,full,single,2048,123,dev,Zimbabwe,2025,1,unchanged,0.98752,0.00269,0.0098
ConfliBERT-v2,full,single,2048,123,dev,Zimbabwe,2025,2,unchanged,0.98523,0.00361,0.01116
ConfliBERT-v2,full,single,2048,123,dev,Zimbabwe,2025,2,unchanged,0.98786,0.00257,0.00957
ConfliBERT-v2,full,single,2048,123,dev,Zimbabwe,2025,3,deteriorated,0.97835,0.00691,0.01474
ConfliBERT-v2,full,single,2048,123,test,Zimbabwe,2025,7,unchanged,0.9847,0.00384,0.01146
ConfliBERT-v2,full,single,2048,123,test,Zimbabwe,2025,10,unchanged,0.98831,0.00237,0.00932
ConfliBERT-v2,full,single,2048,123,test,Zimbabwe,2025,12,unchanged,0.98805,0.00249,0.00946
ConfliBERT-v2,full,single,2048,123,test,Burundi,2025,7,unchanged,0.94661,0.01904,0.03435
ConfliBERT-v2,full,single,2048,123,test,Burundi,2025,10,unchanged,0.95448,0.01681,0.02871
ConfliBERT-v2,full,single,2048,123,test,DR Congo,2025,10,unchanged,0.86552,0.08603,0.04845
ConfliBERT-v2,full,single,2048,123,test,DR Congo,2025,12,deteriorated,0.03463,0.96385,0.00152
ConfliBERT-v2,full,single,2048,123,dev,Rwanda,2025,2,unchanged,0.87908,0.06294,0.05798
ConfliBERT-v2,full,single,2048,123,dev,Rwanda,2025,2,unchanged,0.91412,0.03893,0.04696
ConfliBERT-v2,full,single,2048,123,dev,Rwanda,2025,3,unchanged,0.85363,0.08962,0.05674
ConfliBERT-v2,full,single,2048,123,test,Rwanda,2025,7,unchanged,0.91913,0.03564,0.04523
ConfliBERT-v2,full,single,2048,123,test,Rwanda,2025,10,unchanged,0.98139,0.00515,0.01346
ConfliBERT-v2,full,single,2048,123,test,Rwanda,2025,12,unchanged,0.03076,0.96814,0.0011
ConfliBERT-v2,full,single,2048,123,dev,Uganda,2025,1,unchanged,0.96961,0.01156,0.01883
ConfliBERT-v2,full,single,2048,123,dev,Uganda,2025,2,unchanged,0.94173,0.028,0.03027
ConfliBERT-v2,full,single,2048,123,dev,Uganda,2025,2,unchanged,0.92393,0.04107,0.03499
ConfliBERT-v2,full,single,2048,123,dev,Uganda,2025,3,unchanged,0.25523,0.73565,0.00912
ConfliBERT-v2,full,single,2048,123,test,Uganda,2025,7,unchanged,0.01797,0.98132,0.00071
ConfliBERT-v2,full,single,2048,123,test,Uganda,2025,10,unchanged,0.7537,0.18633,0.05996
ConfliBERT-v2,full,single,2048,123,dev,Eritrea,2025,1,unchanged,0.98602,0.00324,0.01074
ConfliBERT-v2,full,single,2048,123,dev,Eritrea,2025,2,unchanged,0.98323,0.00459,0.01219
ConfliBERT-v2,full,single,2048,123,dev,Eritrea,2025,2,unchanged,0.98701,0.00293,0.01006
ConfliBERT-v2,full,single,2048,123,test,Eritrea,2025,7,unchanged,0.97896,0.00582,0.01522
ConfliBERT-v2,full,single,2048,123,test,Eritrea,2025,10,unchanged,0.97123,0.01006,0.01872
ConfliBERT-v2,full,single,2048,123,test,Eritrea,2025,12,unchanged,0.96668,0.01179,0.02152
ConfliBERT-v2,full,single,2048,123,dev,Ethiopia,2025,1,unchanged,0.91583,0.04217,0.04201
ConfliBERT-v2,full,single,2048,123,dev,Ethiopia,2025,2,unchanged,0.94323,0.02399,0.03278
ConfliBERT-v2,full,single,2048,123,dev,Ethiopia,2025,2,unchanged,0.96455,0.01355,0.0219
ConfliBERT-v2,full,single,2048,123,test,Ethiopia,2025,7,unchanged,0.21591,0.77449,0.0096
ConfliBERT-v2,full,single,2048,123,test,Ethiopia,2025,10,unchanged,0.72905,0.21646,0.05449
ConfliBERT-v2,full,single,2048,123,test,Ethiopia,2025,12,deteriorated,0.92091,0.03831,0.04078
ConfliBERT-v2,full,single,2048,123,test,Nile Waters,2025,7,unchanged,0.98254,0.00414,0.01332
ConfliBERT-v2,full,single,2048,123,test,Nile Waters,2025,10,unchanged,0.95238,0.02154,0.02608
ConfliBERT-v2,full,single,2048,123,test,Nile Waters,2025,12,unchanged,0.96499,0.01443,0.02058
ConfliBERT-v2,full,single,2048,123,dev,Somalia,2025,1,unchanged,0.31924,0.66535,0.01541
ConfliBERT-v2,full,single,2048,123,dev,Somalia,2025,2,unchanged,0.79172,0.14278,0.0655
ConfliBERT-v2,full,single,2048,123,dev,Somalia,2025,2,unchanged,0.46165,0.51501,0.02335
ConfliBERT-v2,full,single,2048,123,dev,Somalia,2025,3,unchanged,0.9021,0.04818,0.04971
ConfliBERT-v2,full,single,2048,123,test,Somalia,2025,7,deteriorated,0.80586,0.13053,0.06361
ConfliBERT-v2,full,single,2048,123,test,Somalia,2025,10,unchanged,0.63749,0.30767,0.05484
ConfliBERT-v2,full,single,2048,123,test,Somalia,2025,12,unchanged,0.78255,0.13813,0.07932
ConfliBERT-v2,full,single,2048,123,dev,Somaliland,2025,1,unchanged,0.96347,0.01396,0.02257
ConfliBERT-v2,full,single,2048,123,dev,Somaliland,2025,2,unchanged,0.95827,0.01649,0.02524
ConfliBERT-v2,full,single,2048,123,dev,Somaliland,2025,2,unchanged,0.95935,0.01625,0.0244
ConfliBERT-v2,full,single,2048,123,dev,Somaliland,2025,3,unchanged,0.36688,0.62165,0.01148
ConfliBERT-v2,full,single,2048,123,test,Somaliland,2025,7,unchanged,0.92779,0.03815,0.03406
ConfliBERT-v2,full,single,2048,123,test,Somaliland,2025,10,unchanged,0.98266,0.00462,0.01271
ConfliBERT-v2,full,single,2048,123,test,Somaliland,2025,12,unchanged,0.89491,0.06019,0.0449
ConfliBERT-v2,full,single,2048,123,dev,South Sudan,2025,1,unchanged,0.3455,0.64046,0.01404
ConfliBERT-v2,full,single,2048,123,dev,South Sudan,2025,2,unchanged,0.35131,0.63367,0.01502
ConfliBERT-v2,full,single,2048,123,dev,South Sudan,2025,2,unchanged,0.8235,0.13004,0.04646
ConfliBERT-v2,full,single,2048,123,test,South Sudan,2025,7,unchanged,0.95272,0.02189,0.02539
ConfliBERT-v2,full,single,2048,123,test,South Sudan,2025,10,unchanged,0.9145,0.045,0.0405
ConfliBERT-v2,full,single,2048,123,test,South Sudan,2025,12,unchanged,0.94715,0.02193,0.03093
ConfliBERT-v2,full,single,2048,123,dev,Sudan,2025,2,deteriorated,0.0785,0.91787,0.00364
ConfliBERT-v2,full,single,2048,123,dev,Sudan,2025,2,deteriorated,0.43973,0.53249,0.02778
ConfliBERT-v2,full,single,2048,123,dev,Sudan,2025,3,unchanged,0.74342,0.19507,0.0615
ConfliBERT-v2,full,single,2048,123,test,Sudan,2025,7,unchanged,0.0284,0.97039,0.00121
ConfliBERT-v2,full,single,2048,123,test,Sudan,2025,12,unchanged,0.76109,0.18113,0.05778
ConfliBERT-v2,full,single,2048,123,dev,Burkina Faso,2025,1,unchanged,0.96363,0.01353,0.02284
ConfliBERT-v2,full,single,2048,123,dev,Burkina Faso,2025,2,unchanged,0.96126,0.01542,0.02332
ConfliBERT-v2,full,single,2048,123,dev,Burkina Faso,2025,2,unchanged,0.96665,0.01305,0.0203
ConfliBERT-v2,full,single,2048,123,dev,Burkina Faso,2025,3,deteriorated,0.21861,0.77504,0.00635
ConfliBERT-v2,full,single,2048,123,test,Burkina Faso,2025,7,unchanged,0.43939,0.54046,0.02015
ConfliBERT-v2,full,single,2048,123,test,Burkina Faso,2025,10,unchanged,0.87719,0.06607,0.05674
ConfliBERT-v2,full,single,2048,123,test,Burkina Faso,2025,12,unchanged,0.93163,0.02791,0.04046
ConfliBERT-v2,full,single,2048,123,dev,Guinea,2025,1,unchanged,0.96416,0.01386,0.02198
ConfliBERT-v2,full,single,2048,123,dev,Guinea,2025,2,unchanged,0.97846,0.0068,0.01474
ConfliBERT-v2,full,single,2048,123,dev,Guinea,2025,2,unchanged,0.98242,0.00492,0.01266
ConfliBERT-v2,full,single,2048,123,dev,Guinea,2025,3,unchanged,0.97115,0.01013,0.01871
ConfliBERT-v2,full,single,2048,123,test,Guinea,2025,7,unchanged,0.97632,0.0074,0.01628
ConfliBERT-v2,full,single,2048,123,test,Guinea,2025,10,unchanged,0.98302,0.00455,0.01242
ConfliBERT-v2,full,single,2048,123,test,Guinea,2025,12,unchanged,0.94919,0.0197,0.03111
ConfliBERT-v2,full,single,2048,123,dev,Nigeria,2025,1,unchanged,0.9635,0.01521,0.02129
ConfliBERT-v2,full,single,2048,123,dev,Nigeria,2025,2,unchanged,0.95859,0.01869,0.02272
ConfliBERT-v2,full,single,2048,123,dev,Nigeria,2025,2,unchanged,0.95401,0.02192,0.02407
ConfliBERT-v2,full,single,2048,123,dev,Nigeria,2025,3,unchanged,0.92009,0.05191,0.028
ConfliBERT-v2,full,single,2048,123,test,Nigeria,2025,7,unchanged,0.64788,0.32833,0.02378
ConfliBERT-v2,full,single,2048,123,test,Nigeria,2025,10,unchanged,0.95076,0.02289,0.02635
ConfliBERT-v2,full,single,2048,123,test,Nigeria,2025,12,unchanged,0.92854,0.03893,0.03253
ConfliBERT-v2,full,single,2048,123,dev,Senegal,2025,2,unchanged,0.86075,0.06433,0.07492
ConfliBERT-v2,full,single,2048,123,dev,Senegal,2025,2,unchanged,0.94911,0.02097,0.02992
ConfliBERT-v2,full,single,2048,123,dev,Kosovo,2025,1,unchanged,0.92932,0.03762,0.03307
ConfliBERT-v2,full,single,2048,123,dev,Kosovo,2025,2,unchanged,0.89695,0.06574,0.03731
ConfliBERT-v2,full,single,2048,123,dev,Kosovo,2025,3,unchanged,0.93803,0.02767,0.0343
ConfliBERT-v2,full,single,2048,123,test,Kosovo,2025,7,unchanged,0.94761,0.02229,0.03011
ConfliBERT-v2,full,single,2048,123,test,Kosovo,2025,10,unchanged,0.9603,0.01528,0.02442
ConfliBERT-v2,full,single,2048,123,test,Kosovo,2025,12,unchanged,0.13918,0.85506,0.00576
ConfliBERT-v2,full,single,2048,123,test,Kosovo,2026,3,unchanged,0.11409,0.88034,0.00557
ConfliBERT-v2,full,single,2048,123,dev,Armenia,2025,1,unchanged,0.98326,0.0047,0.01204
ConfliBERT-v2,full,single,2048,123,dev,Armenia,2025,2,unchanged,0.98033,0.00601,0.01366
ConfliBERT-v2,full,single,2048,123,dev,Armenia,2025,3,unchanged,0.97215,0.00983,0.01802
ConfliBERT-v2,full,single,2048,123,test,Armenia,2025,7,unchanged,0.97453,0.0087,0.01677
ConfliBERT-v2,full,single,2048,123,test,Armenia,2025,10,unchanged,0.98303,0.0047,0.01228
ConfliBERT-v2,full,single,2048,123,test,Armenia,2025,12,unchanged,0.97841,0.00696,0.01463
ConfliBERT-v2,full,single,2048,123,test,Armenia,2026,3,unchanged,0.9171,0.04323,0.03967
ConfliBERT-v2,full,single,2048,123,dev,Azerbaijan,2025,1,unchanged,0.98049,0.00606,0.01345
ConfliBERT-v2,full,single,2048,123,dev,Azerbaijan,2025,2,unchanged,0.98252,0.00516,0.01232
ConfliBERT-v2,full,single,2048,123,dev,Azerbaijan,2025,3,unchanged,0.97413,0.00904,0.01683
ConfliBERT-v2,full,single,2048,123,test,Azerbaijan,2025,7,unchanged,0.97083,0.01054,0.01863
ConfliBERT-v2,full,single,2048,123,test,Azerbaijan,2025,10,unchanged,0.98355,0.00445,0.012
ConfliBERT-v2,full,single,2048,123,test,Azerbaijan,2025,12,unchanged,0.98657,0.00309,0.01034
ConfliBERT-v2,full,single,2048,123,test,Azerbaijan,2026,3,unchanged,0.92797,0.04077,0.03126
ConfliBERT-v2,full,single,2048,123,dev,Georgia,2025,1,unchanged,0.81003,0.11579,0.07418
ConfliBERT-v2,full,single,2048,123,dev,Georgia,2025,2,unchanged,0.90555,0.04336,0.05109
ConfliBERT-v2,full,single,2048,123,dev,Georgia,2025,3,unchanged,0.96545,0.01314,0.02141
ConfliBERT-v2,full,single,2048,123,test,Georgia,2025,7,unchanged,0.94086,0.02567,0.03348
ConfliBERT-v2,full,single,2048,123,test,Georgia,2025,10,unchanged,0.00614,0.99354,0.00031
ConfliBERT-v2,full,single,2048,123,test,Georgia,2025,12,unchanged,0.54648,0.43061,0.02291
ConfliBERT-v2,full,single,2048,123,test,Georgia,2026,3,unchanged,0.95329,0.01859,0.02812
ConfliBERT-v2,full,single,2048,123,dev,Belarus,2025,1,unchanged,0.93811,0.02877,0.03312
ConfliBERT-v2,full,single,2048,123,dev,Belarus,2025,2,unchanged,0.94626,0.02332,0.03042
ConfliBERT-v2,full,single,2048,123,dev,Belarus,2025,3,unchanged,0.9709,0.01054,0.01856
ConfliBERT-v2,full,single,2048,123,test,Belarus,2025,7,unchanged,0.97711,0.00758,0.01531
ConfliBERT-v2,full,single,2048,123,test,Belarus,2025,10,unchanged,0.98059,0.00602,0.0134
ConfliBERT-v2,full,single,2048,123,test,Belarus,2025,12,unchanged,0.97603,0.00831,0.01565
ConfliBERT-v2,full,single,2048,123,test,Belarus,2026,3,unchanged,0.97086,0.01087,0.01827
ConfliBERT-v2,full,single,2048,123,dev,Ukraine,2025,1,unchanged,0.93845,0.02993,0.03161
ConfliBERT-v2,full,single,2048,123,dev,Ukraine,2025,2,unchanged,0.95337,0.02041,0.02621
ConfliBERT-v2,full,single,2048,123,dev,Ukraine,2025,3,unchanged,0.92034,0.04107,0.03859
ConfliBERT-v2,full,single,2048,123,test,Ukraine,2025,12,unchanged,0.17632,0.81688,0.0068
ConfliBERT-v2,full,single,2048,123,test,Ukraine,2026,3,unchanged,0.86516,0.07953,0.05531
ConfliBERT-v2,full,single,2048,123,dev,Cyprus,2025,1,unchanged,0.98067,0.00588,0.01345
ConfliBERT-v2,full,single,2048,123,dev,Cyprus,2025,2,unchanged,0.98485,0.00399,0.01116
ConfliBERT-v2,full,single,2048,123,dev,Cyprus,2025,3,unchanged,0.98104,0.00561,0.01335
ConfliBERT-v2,full,single,2048,123,test,Cyprus,2025,7,unchanged,0.98386,0.00418,0.01196
ConfliBERT-v2,full,single,2048,123,test,Cyprus,2025,10,unchanged,0.97745,0.00712,0.01543
ConfliBERT-v2,full,single,2048,123,test,Cyprus,2025,12,unchanged,0.98347,0.00448,0.01205
ConfliBERT-v2,full,single,2048,123,test,Cyprus,2026,3,unchanged,0.95113,0.02272,0.02615
ConfliBERT-v2,full,single,2048,123,dev,Türkiye,2025,1,unchanged,0.97302,0.01023,0.01674
ConfliBERT-v2,full,single,2048,123,dev,Türkiye,2025,3,deteriorated,0.96185,0.01579,0.02236
ConfliBERT-v2,full,single,2048,123,test,Türkiye,2025,7,improved,0.94666,0.02407,0.02926
ConfliBERT-v2,full,single,2048,123,test,Türkiye,2025,10,unchanged,0.97803,0.00718,0.01479
ConfliBERT-v2,full,single,2048,123,test,Türkiye,2025,12,unchanged,0.97797,0.00741,0.01462
ConfliBERT-v2,full,single,2048,123,test,Türkiye,2026,3,unchanged,0.9631,0.01451,0.02239
ConfliBERT-v2,full,single,2048,123,dev,Kyrgyzstan,2025,1,unchanged,0.97504,0.00744,0.01751
ConfliBERT-v2,full,single,2048,123,dev,Kyrgyzstan,2025,2,unchanged,0.98032,0.00548,0.0142
ConfliBERT-v2,full,single,2048,123,dev,Kyrgyzstan,2025,3,improved,0.98199,0.0048,0.01321
ConfliBERT-v2,full,single,2048,123,test,Kyrgyzstan,2025,7,unchanged,0.98647,0.0029,0.01062
ConfliBERT-v2,full,single,2048,123,test,Kyrgyzstan,2025,10,unchanged,0.98542,0.00329,0.01129
ConfliBERT-v2,full,single,2048,123,test,Kyrgyzstan,2025,12,unchanged,0.98365,0.00412,0.01224
ConfliBERT-v2,full,single,2048,123,test,Kyrgyzstan,2026,3,unchanged,0.97064,0.01029,0.01907
ConfliBERT-v2,full,single,2048,123,dev,Tajikistan,2025,1,unchanged,0.97483,0.00786,0.01731
ConfliBERT-v2,full,single,2048,123,dev,Tajikistan,2025,2,unchanged,0.94377,0.02185,0.03438
ConfliBERT-v2,full,single,2048,123,dev,Tajikistan,2025,3,improved,0.95671,0.01583,0.02746
ConfliBERT-v2,full,single,2048,123,test,Tajikistan,2025,7,unchanged,0.97919,0.00634,0.01447
ConfliBERT-v2,full,single,2048,123,test,Tajikistan,2025,10,unchanged,0.97978,0.00592,0.01431
ConfliBERT-v2,full,single,2048,123,test,Tajikistan,2025,12,unchanged,0.93351,0.03648,0.03001
ConfliBERT-v2,full,single,2048,123,test,Tajikistan,2026,3,unchanged,0.94661,0.02503,0.02836
ConfliBERT-v2,full,single,2048,123,dev,Uzbekistan,2025,1,unchanged,0.98052,0.00561,0.01388
ConfliBERT-v2,full,single,2048,123,dev,Uzbekistan,2025,2,unchanged,0.98078,0.00561,0.01361
ConfliBERT-v2,full,single,2048,123,dev,Uzbekistan,2025,3,unchanged,0.98416,0.00402,0.01182
ConfliBERT-v2,full,single,2048,123,test,Uzbekistan,2025,7,unchanged,0.98668,0.00282,0.0105
ConfliBERT-v2,full,single,2048,123,test,Uzbekistan,2025,10,unchanged,0.98647,0.00295,0.01058
ConfliBERT-v2,full,single,2048,123,test,Uzbekistan,2025,12,unchanged,0.989,0.00206,0.00893
ConfliBERT-v2,full,single,2048,123,test,Uzbekistan,2026,3,unchanged,0.97812,0.00691,0.01497
ConfliBERT-v2,full,single,2048,123,dev,Lebanon,2025,1,unchanged,0.90176,0.0495,0.04873
ConfliBERT-v2,full,single,2048,123,dev,Lebanon,2025,2,unchanged,0.93575,0.02696,0.03729
ConfliBERT-v2,full,single,2048,123,dev,Lebanon,2025,3,unchanged,0.07029,0.92726,0.00245
ConfliBERT-v2,full,single,2048,123,test,Lebanon,2025,6,unchanged,0.88847,0.06589,0.04564
ConfliBERT-v2,full,single,2048,123,test,Lebanon,2025,6,unchanged,0.94942,0.02322,0.02736
ConfliBERT-v2,full,single,2048,123,test,Lebanon,2025,7,unchanged,0.90844,0.05226,0.0393
ConfliBERT-v2,full,single,2048,123,test,Lebanon,2025,10,unchanged,0.90606,0.05505,0.03889
ConfliBERT-v2,full,single,2048,123,test,Lebanon,2025,12,unchanged,0.92448,0.03585,0.03968
ConfliBERT-v2,full,single,2048,123,dev,Syria,2025,1,unchanged,0.01608,0.98325,0.00067
ConfliBERT-v2,full,single,2048,123,dev,Syria,2025,2,unchanged,0.38766,0.59342,0.01893
ConfliBERT-v2,full,single,2048,123,dev,Syria,2025,3,deteriorated,0.11975,0.87625,0.00399
ConfliBERT-v2,full,single,2048,123,test,Syria,2025,6,deteriorated,0.07691,0.92038,0.00271
ConfliBERT-v2,full,single,2048,123,test,Syria,2025,6,deteriorated,0.09441,0.90233,0.00325
ConfliBERT-v2,full,single,2048,123,test,Syria,2025,7,deteriorated,0.00781,0.99184,0.00035
ConfliBERT-v2,full,single,2048,123,test,Syria,2025,10,improved,0.00624,0.99346,0.0003
ConfliBERT-v2,full,single,2048,123,test,Syria,2025,12,deteriorated,0.00215,0.9977,0.00015
ConfliBERT-v2,full,single,2048,123,dev,Iran,2025,1,unchanged,0.95649,0.01822,0.02529
ConfliBERT-v2,full,single,2048,123,dev,Iran,2025,2,unchanged,0.9029,0.05215,0.04495
ConfliBERT-v2,full,single,2048,123,dev,Iran,2025,3,unchanged,0.81883,0.13604,0.04513
ConfliBERT-v2,full,single,2048,123,test,Iran,2025,7,unchanged,0.87006,0.08382,0.04611
ConfliBERT-v2,full,single,2048,123,test,Iran,2025,10,unchanged,0.97205,0.01014,0.0178
ConfliBERT-v2,full,single,2048,123,test,Iran,2025,12,deteriorated,0.86814,0.09061,0.04124
ConfliBERT-v2,full,single,2048,123,dev,Iraq,2025,1,unchanged,0.9487,0.02375,0.02755
ConfliBERT-v2,full,single,2048,123,dev,Iraq,2025,2,unchanged,0.95349,0.0209,0.02561
ConfliBERT-v2,full,single,2048,123,dev,Iraq,2025,3,unchanged,0.95764,0.01838,0.02397
ConfliBERT-v2,full,single,2048,123,test,Iraq,2025,6,unchanged,0.93847,0.0304,0.03112
ConfliBERT-v2,full,single,2048,123,test,Iraq,2025,6,unchanged,0.95044,0.02218,0.02739
ConfliBERT-v2,full,single,2048,123,test,Iraq,2025,7,unchanged,0.95143,0.02169,0.02688
ConfliBERT-v2,full,single,2048,123,test,Iraq,2025,10,unchanged,0.93135,0.03392,0.03473
ConfliBERT-v2,full,single,2048,123,test,Iraq,2025,12,unchanged,0.96919,0.01146,0.01934
ConfliBERT-v2,full,single,2048,123,dev,Saudi Arabia,2025,1,unchanged,0.9803,0.00587,0.01382
ConfliBERT-v2,full,single,2048,123,dev,Saudi Arabia,2025,2,unchanged,0.97464,0.00898,0.01638
ConfliBERT-v2,full,single,2048,123,dev,Saudi Arabia,2025,3,unchanged,0.97508,0.00891,0.01601
ConfliBERT-v2,full,single,2048,123,test,Saudi Arabia,2025,6,unchanged,0.9448,0.02518,0.03002
ConfliBERT-v2,full,single,2048,123,test,Saudi Arabia,2025,6,unchanged,0.96178,0.01542,0.0228
ConfliBERT-v2,full,single,2048,123,test,Saudi Arabia,2025,7,unchanged,0.96735,0.01218,0.02047
ConfliBERT-v2,full,single,2048,123,test,Saudi Arabia,2025,10,unchanged,0.95935,0.01587,0.02478
ConfliBERT-v2,full,single,2048,123,test,Saudi Arabia,2025,12,unchanged,0.02496,0.97408,0.00096
ConfliBERT-v2,full,single,2048,123,test,Yemen,2025,6,unchanged,0.74937,0.18617,0.06446
ConfliBERT-v2,full,single,2048,123,test,Yemen,2025,6,unchanged,0.88804,0.06186,0.0501
ConfliBERT-v2,full,single,2048,123,test,Yemen,2025,7,deteriorated,0.53636,0.43266,0.03098
ConfliBERT-v2,full,single,2048,123,dev,Algeria,2025,1,unchanged,0.98536,0.00353,0.01112
ConfliBERT-v2,full,single,2048,123,dev,Algeria,2025,2,unchanged,0.98345,0.00455,0.012
ConfliBERT-v2,full,single,2048,123,dev,Algeria,2025,3,unchanged,0.98562,0.00355,0.01082
ConfliBERT-v2,full,single,2048,123,test,Algeria,2025,6,unchanged,0.98751,0.00277,0.00972
ConfliBERT-v2,full,single,2048,123,test,Algeria,2025,6,unchanged,0.98838,0.00245,0.00917
ConfliBERT-v2,full,single,2048,123,test,Algeria,2025,7,unchanged,0.98827,0.00241,0.00932
ConfliBERT-v2,full,single,2048,123,test,Algeria,2025,10,unchanged,0.98566,0.00347,0.01086
ConfliBERT-v2,full,single,2048,123,test,Algeria,2025,12,unchanged,0.98588,0.00334,0.01078
ConfliBERT-v2,full,single,2048,123,dev,Egypt,2025,1,unchanged,0.98467,0.00387,0.01146
ConfliBERT-v2,full,single,2048,123,dev,Egypt,2025,2,unchanged,0.97947,0.00645,0.01408
ConfliBERT-v2,full,single,2048,123,dev,Egypt,2025,3,unchanged,0.97796,0.00707,0.01497
ConfliBERT-v2,full,single,2048,123,test,Egypt,2025,6,unchanged,0.97948,0.00655,0.01397
ConfliBERT-v2,full,single,2048,123,test,Egypt,2025,6,unchanged,0.98538,0.00375,0.01086
ConfliBERT-v2,full,single,2048,123,test,Egypt,2025,7,unchanged,0.98319,0.00477,0.01204
ConfliBERT-v2,full,single,2048,123,test,Egypt,2025,10,unchanged,0.98128,0.00557,0.01315
ConfliBERT-v2,full,single,2048,123,test,Egypt,2025,12,unchanged,0.98105,0.00565,0.0133
ConfliBERT-v2,full,single,2048,123,dev,Libya,2025,1,unchanged,0.97057,0.01029,0.01915
ConfliBERT-v2,full,single,2048,123,dev,Libya,2025,2,unchanged,0.96506,0.01345,0.02149
ConfliBERT-v2,full,single,2048,123,dev,Libya,2025,3,unchanged,0.96932,0.01111,0.01957
ConfliBERT-v2,full,single,2048,123,test,Libya,2025,6,unchanged,0.9684,0.01182,0.01979
ConfliBERT-v2,full,single,2048,123,test,Libya,2025,6,unchanged,0.96395,0.01408,0.02197
ConfliBERT-v2,full,single,2048,123,test,Libya,2025,7,unchanged,0.97536,0.00831,0.01633
ConfliBERT-v2,full,single,2048,123,test,Libya,2025,10,unchanged,0.93698,0.02942,0.0336
ConfliBERT-v2,full,single,2048,123,test,Libya,2025,12,unchanged,0.37535,0.59746,0.02719
ConfliBERT-v2,full,single,2048,123,dev,Tunisia,2025,1,unchanged,0.97517,0.00811,0.01671
ConfliBERT-v2,full,single,2048,123,dev,Tunisia,2025,2,unchanged,0.95553,0.0182,0.02627
ConfliBERT-v2,full,single,2048,123,dev,Tunisia,2025,3,unchanged,0.964,0.01333,0.02267
ConfliBERT-v2,full,single,2048,123,test,Tunisia,2025,6,unchanged,0.97365,0.0094,0.01695
ConfliBERT-v2,full,single,2048,123,test,Tunisia,2025,6,unchanged,0.97953,0.00655,0.01392
ConfliBERT-v2,full,single,2048,123,test,Tunisia,2025,7,unchanged,0.98058,0.00597,0.01345
ConfliBERT-v2,full,single,2048,123,test,Tunisia,2025,10,unchanged,0.9501,0.03018,0.01972
ConfliBERT-v2,full,single,2048,123,test,Tunisia,2025,12,unchanged,0.97005,0.01147,0.01847
ConfliBERT-v2,full,single,2048,123,dev,Western Sahara,2025,1,unchanged,0.96724,0.01276,0.02
ConfliBERT-v2,full,single,2048,123,dev,Western Sahara,2025,2,unchanged,0.97264,0.00969,0.01768
ConfliBERT-v2,full,single,2048,123,dev,Western Sahara,2025,3,unchanged,0.97879,0.00675,0.01446
ConfliBERT-v2,full,single,2048,123,test,Western Sahara,2025,6,unchanged,0.98496,0.00375,0.01129
ConfliBERT-v2,full,single,2048,123,test,Western Sahara,2025,6,unchanged,0.98669,0.00309,0.01022
ConfliBERT-v2,full,single,2048,123,test,Western Sahara,2025,7,unchanged,0.98415,0.00435,0.0115
ConfliBERT-v2,full,single,2048,123,test,Western Sahara,2025,10,unchanged,0.98159,0.00536,0.01305
ConfliBERT-v2,full,single,2048,123,test,Western Sahara,2025,12,unchanged,0.98582,0.00331,0.01087
ConfliBERT-v2,full,single,2048,123,dev,Central African Republic,2025,1,unchanged,0.97868,0.0068,0.01452
ConfliBERT-v2,full,single,2048,123,dev,Central African Republic,2025,2,unchanged,0.97664,0.00781,0.01554
ConfliBERT-v2,full,single,2048,123,dev,Central African Republic,2025,2,unchanged,0.97579,0.00831,0.0159
ConfliBERT-v2,full,single,2048,123,dev,Central African Republic,2025,3,unchanged,0.98011,0.00597,0.01393
ConfliBERT-v2,full,single,2048,123,test,Central African Republic,2025,7,unchanged,0.97421,0.00856,0.01723
ConfliBERT-v2,full,single,2048,123,test,Central African Republic,2025,10,unchanged,0.9802,0.00587,0.01393
ConfliBERT-v2,full,single,2048,123,dev,Mali,2025,1,unchanged,0.97352,0.00947,0.01701
ConfliBERT-v2,full,single,2048,123,dev,Mali,2025,2,unchanged,0.96471,0.01398,0.02131
ConfliBERT-v2,full,single,2048,123,dev,Mali,2025,2,unchanged,0.96439,0.0143,0.02131
ConfliBERT-v2,full,single,2048,123,dev,Mali,2025,3,unchanged,0.97384,0.0094,0.01676
ConfliBERT-v2,full,single,2048,123,test,Mali,2025,7,deteriorated,0.24947,0.74189,0.00864
ConfliBERT-v2,full,single,2048,123,test,Mali,2025,12,unchanged,0.84253,0.10102,0.05645
ConfliBERT-v2,full,single,2048,123,dev,Niger,2025,1,unchanged,0.98256,0.00488,0.01256
ConfliBERT-v2,full,single,2048,123,dev,Niger,2025,2,unchanged,0.97752,0.00746,0.01502
ConfliBERT-v2,full,single,2048,123,dev,Niger,2025,2,unchanged,0.97792,0.00729,0.01479
ConfliBERT-v2,full,single,2048,123,dev,Niger,2025,3,deteriorated,0.97485,0.00863,0.01651
ConfliBERT-v2,full,single,2048,123,test,Niger,2025,7,unchanged,0.97162,0.0103,0.01808
ConfliBERT-v2,full,single,2048,123,test,Niger,2025,10,unchanged,0.9666,0.01246,0.02094
ConfliBERT-v2,full,single,2048,123,test,Niger,2025,12,unchanged,0.977,0.00752,0.01549
ConfliBERT-v2,full,single,2048,123,dev,Benin,2025,1,deteriorated,0.96324,0.01497,0.02179
ConfliBERT-v2,full,single,2048,123,dev,Benin,2025,2,unchanged,0.94721,0.02485,0.02794
ConfliBERT-v2,full,single,2048,123,dev,Benin,2025,2,unchanged,0.94511,0.02723,0.02766
ConfliBERT-v2,full,single,2048,123,dev,Benin,2025,3,unchanged,0.95937,0.01771,0.02292
ConfliBERT-v2,full,single,2048,123,test,Benin,2025,7,unchanged,0.98071,0.00552,0.01377
ConfliBERT-v2,full,single,2048,123,test,Benin,2025,10,unchanged,0.95056,0.02051,0.02893
ConfliBERT-v2,full,single,2048,123,test,Benin,2025,12,deteriorated,0.21723,0.77468,0.00808
ConfliBERT-v2,full,single,2048,123,dev,Moldova,2025,1,deteriorated,0.93177,0.03239,0.03585
ConfliBERT-v2,full,single,2048,123,dev,Moldova,2025,2,unchanged,0.9114,0.04197,0.04663
ConfliBERT-v2,full,single,2048,123,test,Moldova,2026,3,unchanged,0.95093,0.01898,0.03009
ConfliBERT-v2,full,single,2048,123,test,Israel/Palestine,2025,12,unchanged,0.96766,0.01257,0.01977
ConfliBERT-v2,full,single,2048,123,dev,Colombia,2025,2,unchanged,0.95848,0.01537,0.02615
ConfliBERT-v2,full,single,2048,123,dev,Colombia,2025,3,unchanged,0.96843,0.01067,0.0209
ConfliBERT-v2,full,single,2048,123,test,Colombia,2025,7,unchanged,0.97058,0.01005,0.01937
ConfliBERT-v2,full,single,2048,123,test,Colombia,2025,10,deteriorated,0.94452,0.02187,0.03361
ConfliBERT-v2,full,single,2048,123,test,Colombia,2025,12,unchanged,0.02819,0.97069,0.00112
ConfliBERT-v2,full,single,2048,123,dev,Ecuador,2025,1,deteriorated,0.89511,0.05927,0.04562
ConfliBERT-v2,full,single,2048,123,dev,Ecuador,2025,2,unchanged,0.88218,0.06098,0.05684
ConfliBERT-v2,full,single,2048,123,dev,Ecuador,2025,3,unchanged,0.83793,0.08594,0.07613
ConfliBERT-v2,full,single,2048,123,test,Ecuador,2025,7,unchanged,0.9746,0.0085,0.0169
ConfliBERT-v2,full,single,2048,123,test,Ecuador,2025,10,unchanged,0.94969,0.02251,0.0278
ConfliBERT-v2,full,single,2048,123,test,Ecuador,2025,12,unchanged,0.86286,0.07365,0.06349
ConfliBERT-v2,full,single,2048,123,dev,Venezuela,2025,1,unchanged,0.96036,0.01493,0.02471
ConfliBERT-v2,full,single,2048,123,dev,Venezuela,2025,2,unchanged,0.93355,0.02669,0.03976
ConfliBERT-v2,full,single,2048,123,dev,Venezuela,2025,3,unchanged,0.92031,0.03405,0.04564
ConfliBERT-v2,full,single,2048,123,test,Venezuela,2025,7,unchanged,0.96257,0.01417,0.02326
ConfliBERT-v2,full,single,2048,123,dev,El Salvador,2025,1,unchanged,0.98411,0.00402,0.01187
ConfliBERT-v2,full,single,2048,123,dev,El Salvador,2025,2,unchanged,0.98416,0.00402,0.01182
ConfliBERT-v2,full,single,2048,123,dev,El Salvador,2025,3,unchanged,0.97989,0.00596,0.01414
ConfliBERT-v2,full,single,2048,123,test,El Salvador,2025,7,deteriorated,0.9827,0.00473,0.01257
ConfliBERT-v2,full,single,2048,123,test,El Salvador,2025,10,unchanged,0.98752,0.00269,0.0098
ConfliBERT-v2,full,single,2048,123,test,El Salvador,2025,12,unchanged,0.98713,0.00273,0.01014
ConfliBERT-v2,full,single,2048,123,test,Honduras,2025,12,deteriorated,0.90844,0.03869,0.05288
ConfliBERT-v2,full,single,2048,123,dev,Mexico,2025,1,unchanged,0.93546,0.02869,0.03585
ConfliBERT-v2,full,single,2048,123,dev,Mexico,2025,2,unchanged,0.95823,0.01623,0.02554
ConfliBERT-v2,full,single,2048,123,dev,Mexico,2025,3,unchanged,0.95131,0.01929,0.02941
ConfliBERT-v2,full,single,2048,123,test,Mexico,2025,7,unchanged,0.96068,0.0147,0.02462
ConfliBERT-v2,full,single,2048,123,test,Mexico,2025,10,unchanged,0.92453,0.0329,0.04257
ConfliBERT-v2,full,single,2048,123,test,Mexico,2025,12,unchanged,0.83496,0.09405,0.07099
ConfliBERT-v2,full,single,2048,123,dev,Nicaragua,2025,1,unchanged,0.98677,0.00293,0.0103
ConfliBERT-v2,full,single,2048,123,dev,Nicaragua,2025,2,deteriorated,0.98548,0.00353,0.01099
ConfliBERT-v2,full,single,2048,123,dev,Nicaragua,2025,3,unchanged,0.98752,0.00265,0.00983
ConfliBERT-v2,full,single,2048,123,test,Nicaragua,2025,7,unchanged,0.98593,0.00337,0.0107
ConfliBERT-v2,full,single,2048,123,test,Nicaragua,2025,10,unchanged,0.98682,0.00304,0.01014
ConfliBERT-v2,full,single,2048,123,test,Nicaragua,2025,12,unchanged,0.9888,0.00213,0.00907
ConfliBERT-v2,full,single,2048,123,dev,Haiti,2025,1,unchanged,0.91874,0.03912,0.04214
ConfliBERT-v2,full,single,2048,123,dev,Haiti,2025,2,unchanged,0.90392,0.04607,0.05001
ConfliBERT-v2,full,single,2048,123,dev,Haiti,2025,3,deteriorated,0.04713,0.95123,0.00165
ConfliBERT-v2,full,single,2048,123,test,Haiti,2025,7,unchanged,0.90896,0.04579,0.04525
ConfliBERT-v2,full,single,2048,123,test,Haiti,2025,10,unchanged,0.9513,0.01974,0.02895
ConfliBERT-v2,full,single,2048,123,test,Haiti,2025,12,unchanged,0.92654,0.03195,0.04151
ConfliBERT-v2,full,single,2048,123,dev,China/Japan,2025,1,unchanged,0.9847,0.00406,0.01124
ConfliBERT-v2,full,single,2048,123,dev,China/Japan,2025,2,unchanged,0.98523,0.00387,0.0109
ConfliBERT-v2,full,single,2048,123,dev,China/Japan,2025,3,unchanged,0.98112,0.00579,0.0131
ConfliBERT-v2,full,single,2048,123,test,China/Japan,2025,6,unchanged,0.98257,0.00516,0.01227
ConfliBERT-v2,full,single,2048,123,test,China/Japan,2025,6,unchanged,0.98615,0.00347,0.01037
ConfliBERT-v2,full,single,2048,123,test,China/Japan,2025,7,unchanged,0.9831,0.005,0.0119
ConfliBERT-v2,full,single,2048,123,test,China/Japan,2025,7,unchanged,0.98567,0.00375,0.01057
ConfliBERT-v2,full,single,2048,123,test,China/Japan,2025,10,unchanged,0.98323,0.00477,0.012
ConfliBERT-v2,full,single,2048,123,test,China/Japan,2025,12,unchanged,0.97901,0.00702,0.01396
ConfliBERT-v2,full,single,2048,123,dev,Korean Peninsula,2025,1,unchanged,0.04821,0.94951,0.00228
ConfliBERT-v2,full,single,2048,123,dev,Korean Peninsula,2025,2,unchanged,0.06644,0.93121,0.00234
ConfliBERT-v2,full,single,2048,123,dev,Korean Peninsula,2025,3,unchanged,0.84509,0.10172,0.05319
ConfliBERT-v2,full,single,2048,123,test,Korean Peninsula,2025,6,unchanged,0.94863,0.02284,0.02853
ConfliBERT-v2,full,single,2048,123,test,Korean Peninsula,2025,6,unchanged,0.96489,0.0142,0.0209
ConfliBERT-v2,full,single,2048,123,test,Korean Peninsula,2025,7,unchanged,0.96668,0.01326,0.02006
ConfliBERT-v2,full,single,2048,123,test,Korean Peninsula,2025,7,unchanged,0.96573,0.01367,0.0206
ConfliBERT-v2,full,single,2048,123,test,Korean Peninsula,2025,10,unchanged,0.95826,0.01728,0.02446
ConfliBERT-v2,full,single,2048,123,test,Korean Peninsula,2025,12,unchanged,0.96604,0.01367,0.02029
ConfliBERT-v2,full,single,2048,123,dev,Taiwan Strait,2025,1,unchanged,0.96321,0.01509,0.0217
ConfliBERT-v2,full,single,2048,123,dev,Taiwan Strait,2025,2,unchanged,0.96525,0.01432,0.02043
ConfliBERT-v2,full,single,2048,123,dev,Taiwan Strait,2025,3,unchanged,0.97512,0.00912,0.01576
ConfliBERT-v2,full,single,2048,123,test,Taiwan Strait,2025,6,unchanged,0.98169,0.00561,0.0127
ConfliBERT-v2,full,single,2048,123,test,Taiwan Strait,2025,6,unchanged,0.98281,0.0052,0.01199
ConfliBERT-v2,full,single,2048,123,test,Taiwan Strait,2025,7,unchanged,0.98089,0.00597,0.01314
ConfliBERT-v2,full,single,2048,123,test,Taiwan Strait,2025,7,unchanged,0.9825,0.00528,0.01222
ConfliBERT-v2,full,single,2048,123,test,Taiwan Strait,2025,10,unchanged,0.98205,0.00544,0.01251
ConfliBERT-v2,full,single,2048,123,test,Taiwan Strait,2025,12,deteriorated,0.96565,0.01399,0.02036
ConfliBERT-v2,full,single,2048,123,dev,Afghanistan,2025,1,unchanged,0.43186,0.55235,0.01579
ConfliBERT-v2,full,single,2048,123,dev,Afghanistan,2025,2,unchanged,0.90403,0.05201,0.04397
ConfliBERT-v2,full,single,2048,123,dev,Afghanistan,2025,3,unchanged,0.91864,0.041,0.04036
ConfliBERT-v2,full,single,2048,123,test,Afghanistan,2025,7,unchanged,0.96516,0.01409,0.02075
ConfliBERT-v2,full,single,2048,123,test,Afghanistan,2025,7,unchanged,0.96855,0.01219,0.01926
ConfliBERT-v2,full,single,2048,123,test,Afghanistan,2025,12,unchanged,0.54864,0.42065,0.03071
ConfliBERT-v2,full,single,2048,123,dev,Bangladesh,2025,1,unchanged,0.95956,0.01651,0.02393
ConfliBERT-v2,full,single,2048,123,dev,Bangladesh,2025,2,unchanged,0.89846,0.05611,0.04544
ConfliBERT-v2,full,single,2048,123,dev,Bangladesh,2025,3,unchanged,0.82892,0.12321,0.04787
ConfliBERT-v2,full,single,2048,123,test,Bangladesh,2025,6,unchanged,0.93077,0.03111,0.03812
ConfliBERT-v2,full,single,2048,123,test,Bangladesh,2025,6,unchanged,0.9606,0.01517,0.02424
ConfliBERT-v2,full,single,2048,123,test,Bangladesh,2025,7,unchanged,0.3826,0.60663,0.01077
ConfliBERT-v2,full,single,2048,123,test,Bangladesh,2025,7,unchanged,0.90889,0.06533,0.02578
ConfliBERT-v2,full,single,2048,123,test,Bangladesh,2025,10,unchanged,0.95391,0.0186,0.02749
ConfliBERT-v2,full,single,2048,123,test,Bangladesh,2025,12,deteriorated,0.9038,0.04923,0.04697
ConfliBERT-v2,full,single,2048,123,dev,India,2025,1,unchanged,0.96108,0.01578,0.02314
ConfliBERT-v2,full,single,2048,123,dev,India,2025,2,unchanged,0.9622,0.01543,0.02237
ConfliBERT-v2,full,single,2048,123,dev,India,2025,3,unchanged,0.96379,0.01441,0.0218
ConfliBERT-v2,full,single,2048,123,test,India,2025,6,unchanged,0.96195,0.01629,0.02176
ConfliBERT-v2,full,single,2048,123,test,India,2025,6,unchanged,0.96186,0.01681,0.02133
ConfliBERT-v2,full,single,2048,123,test,India,2025,7,unchanged,0.97405,0.00926,0.01669
ConfliBERT-v2,full,single,2048,123,test,India,2025,7,unchanged,0.98115,0.0057,0.01315
ConfliBERT-v2,full,single,2048,123,test,India,2025,10,improved,0.9783,0.00696,0.01474
ConfliBERT-v2,full,single,2048,123,test,India,2025,12,unchanged,0.97367,0.00918,0.01715
ConfliBERT-v2,full,single,2048,123,dev,Pakistan,2025,1,unchanged,0.21679,0.77461,0.00861
ConfliBERT-v2,full,single,2048,123,dev,Pakistan,2025,2,unchanged,0.02331,0.97587,0.00082
ConfliBERT-v2,full,single,2048,123,dev,Pakistan,2025,3,unchanged,0.00844,0.99121,0.00035
ConfliBERT-v2,full,single,2048,123,test,Pakistan,2025,6,unchanged,0.26695,0.72282,0.01023
ConfliBERT-v2,full,single,2048,123,test,Pakistan,2025,6,unchanged,0.8239,0.13345,0.04265
ConfliBERT-v2,full,single,2048,123,test,Pakistan,2025,7,unchanged,0.38613,0.60039,0.01347
ConfliBERT-v2,full,single,2048,123,test,Pakistan,2025,7,unchanged,0.85841,0.11129,0.03031
ConfliBERT-v2,full,single,2048,123,test,Pakistan,2025,12,unchanged,0.67113,0.28529,0.04358
ConfliBERT-v2,full,single,2048,123,dev,Sri Lanka,2025,1,unchanged,0.98403,0.00405,0.01191
ConfliBERT-v2,full,single,2048,123,dev,Sri Lanka,2025,2,unchanged,0.98565,0.00345,0.01091
ConfliBERT-v2,full,single,2048,123,dev,Sri Lanka,2025,3,unchanged,0.98226,0.00473,0.01301
ConfliBERT-v2,full,single,2048,123,test,Sri Lanka,2025,6,unchanged,0.98712,0.00286,0.01002
ConfliBERT-v2,full,single,2048,123,test,Sri Lanka,2025,6,unchanged,0.98849,0.0023,0.00921
ConfliBERT-v2,full,single,2048,123,test,Sri Lanka,2025,7,unchanged,0.98856,0.0023,0.00914
ConfliBERT-v2,full,single,2048,123,test,Sri Lanka,2025,7,unchanged,0.98918,0.00213,0.00869
ConfliBERT-v2,full,single,2048,123,test,Sri Lanka,2025,10,unchanged,0.98765,0.00267,0.00968
ConfliBERT-v2,full,single,2048,123,test,Sri Lanka,2025,12,unchanged,0.98191,0.00523,0.01285
ConfliBERT-v2,full,single,2048,123,dev,Myanmar,2025,1,unchanged,0.77218,0.18323,0.0446
ConfliBERT-v2,full,single,2048,123,dev,Myanmar,2025,2,unchanged,0.37609,0.60808,0.01583
ConfliBERT-v2,full,single,2048,123,dev,Myanmar,2025,3,unchanged,0.86368,0.08485,0.05146
ConfliBERT-v2,full,single,2048,123,test,Myanmar,2025,6,unchanged,0.92368,0.04187,0.03444
ConfliBERT-v2,full,single,2048,123,test,Myanmar,2025,6,unchanged,0.94486,0.02639,0.02876
ConfliBERT-v2,full,single,2048,123,test,Myanmar,2025,7,unchanged,0.95417,0.0198,0.02603
ConfliBERT-v2,full,single,2048,123,test,Myanmar,2025,7,unchanged,0.96835,0.01163,0.02002
ConfliBERT-v2,full,single,2048,123,test,Myanmar,2025,10,unchanged,0.96862,0.01182,0.01956
ConfliBERT-v2,full,single,2048,123,test,Myanmar,2025,12,unchanged,0.94636,0.02369,0.02995
ConfliBERT-v2,full,single,2048,123,dev,Philippines,2025,1,unchanged,0.97958,0.00645,0.01397
ConfliBERT-v2,full,single,2048,123,dev,Philippines,2025,2,unchanged,0.97836,0.00707,0.01457
ConfliBERT-v2,full,single,2048,123,dev,Philippines,2025,3,unchanged,0.98097,0.00583,0.0132
ConfliBERT-v2,full,single,2048,123,test,Philippines,2025,6,unchanged,0.98521,0.00384,0.01094
ConfliBERT-v2,full,single,2048,123,test,Philippines,2025,6,unchanged,0.98666,0.00324,0.0101
ConfliBERT-v2,full,single,2048,123,test,Philippines,2025,7,unchanged,0.98506,0.00378,0.01116
ConfliBERT-v2,full,single,2048,123,test,Philippines,2025,7,unchanged,0.9868,0.00302,0.01018
ConfliBERT-v2,full,single,2048,123,test,Philippines,2025,10,unchanged,0.98294,0.00473,0.01233
ConfliBERT-v2,full,single,2048,123,test,Philippines,2025,12,unchanged,0.98288,0.00485,0.01228
ConfliBERT-v2,full,single,2048,123,dev,South China Sea,2025,1,unchanged,0.97691,0.00826,0.01483
ConfliBERT-v2,full,single,2048,123,dev,South China Sea,2025,2,unchanged,0.97317,0.01016,0.01668
ConfliBERT-v2,full,single,2048,123,dev,South China Sea,2025,3,unchanged,0.97607,0.00858,0.01535
ConfliBERT-v2,full,single,2048,123,test,South China Sea,2025,6,unchanged,0.97917,0.00686,0.01397
ConfliBERT-v2,full,single,2048,123,test,South China Sea,2025,6,unchanged,0.98204,0.0054,0.01256
ConfliBERT-v2,full,single,2048,123,test,South China Sea,2025,7,unchanged,0.97933,0.00686,0.01381
ConfliBERT-v2,full,single,2048,123,test,South China Sea,2025,7,unchanged,0.97969,0.0066,0.0137
ConfliBERT-v2,full,single,2048,123,test,South China Sea,2025,10,unchanged,0.97448,0.00933,0.01619
ConfliBERT-v2,full,single,2048,123,test,South China Sea,2025,12,unchanged,0.97836,0.00735,0.01429
ConfliBERT-v2,full,single,2048,123,dev,Thailand,2025,1,unchanged,0.98087,0.00588,0.01325
ConfliBERT-v2,full,single,2048,123,dev,Thailand,2025,2,unchanged,0.97978,0.00635,0.01387
ConfliBERT-v2,full,single,2048,123,dev,Thailand,2025,3,unchanged,0.9829,0.00492,0.01218
ConfliBERT-v2,full,single,2048,123,test,Thailand,2025,6,deteriorated,0.98113,0.00593,0.01294
ConfliBERT-v2,full,single,2048,123,test,Thailand,2025,6,deteriorated,0.98219,0.0054,0.01241
ConfliBERT-v2,full,single,2048,123,test,Thailand,2025,7,unchanged,0.97513,0.00941,0.01546
ConfliBERT-v2,full,single,2048,123,test,Thailand,2025,7,unchanged,0.97177,0.01176,0.01646
ConfliBERT-v2,full,single,2048,123,test,Thailand,2025,10,improved,0.97808,0.00759,0.01434
ConfliBERT-v2,full,single,2048,123,test,Thailand,2025,12,unchanged,0.98357,0.00466,0.01177
ConfliBERT-v2,full,single,2048,123,test,Guatemala,2025,10,unchanged,0.97886,0.00569,0.01546
ConfliBERT-v2,full,single,2048,123,dev,Bolivia,2025,1,unchanged,0.07227,0.92445,0.00328
ConfliBERT-v2,full,single,2048,123,dev,Bolivia,2025,2,unchanged,0.65317,0.29383,0.05299
ConfliBERT-v2,full,single,2048,123,test,Bolivia,2025,10,improved,0.97577,0.00757,0.01666
ConfliBERT-v2,full,single,2048,123,test,Bolivia,2025,12,unchanged,0.9615,0.01415,0.02435
ConfliBERT-v2,full,single,2048,123,dev,Peru,2025,3,unchanged,0.91242,0.0365,0.05107
ConfliBERT-v2,full,single,2048,123,test,Peru,2025,10,deteriorated,0.00354,0.99626,0.0002
ConfliBERT-v2,full,single,2048,123,test,Madagascar,2025,10,deteriorated,0.00368,0.99611,0.00022
ConfliBERT-v2,full,single,2048,123,dev,Guinea-Bissau,2025,2,deteriorated,0.00398,0.9958,0.00022
ConfliBERT-v2,full,single,2048,123,dev,Guinea-Bissau,2025,2,deteriorated,0.00605,0.99366,0.00029
ConfliBERT-v2,full,single,2048,123,dev,Guinea-Bissau,2025,3,unchanged,0.06179,0.93499,0.00322
ConfliBERT-v2,full,single,2048,123,test,Guinea-Bissau,2025,12,unchanged,0.03576,0.96275,0.00149
ConfliBERT-v2,full,single,2048,123,dev,Guyana,2025,3,unchanged,0.96404,0.01096,0.025
ConfliBERT-v2,full,single,2048,123,dev,Jordan,2025,2,unchanged,0.92287,0.03578,0.04135
ConfliBERT-v2,full,single,2048,123,test,Kazakhstan,2026,3,unchanged,0.98175,0.0043,0.01395
ConfliBERT-v2,full,single,2048,123,dev,Togo,2025,2,unchanged,0.77566,0.19882,0.02552
ConfliBERT-v2,full,single,2048,123,dev,Togo,2025,2,unchanged,0.92098,0.06134,0.01768
ConfliBERT-v2,full,single,2048,123,dev,Togo,2025,3,unchanged,0.98341,0.00431,0.01228
ConfliBERT-v2,full,single,2048,123,test,Togo,2025,7,unchanged,0.04625,0.95199,0.00175
ConfliBERT-v2,full,single,2048,123,test,Togo,2025,10,unchanged,0.61034,0.34844,0.04121
ConfliBERT-v2,full,single,2048,123,test,Papua New Guinea,2025,10,unchanged,0.98752,0.00241,0.01007
ConfliBERT-v2,full,single,2048,123,test,Cambodia,2025,7,unchanged,0.90533,0.05902,0.03566
ConfliBERT-v2,full,single,2048,123,test,Cambodia,2025,7,unchanged,0.96275,0.01834,0.01892
ConfliBERT-v2,full,single,2048,123,test,Brazil,2025,10,unchanged,0.01032,0.98922,0.00046
ConfliBERT-v2,full,single,2048,123,test,Angola,2025,7,deteriorated,0.0068,0.9929,0.0003
ConfliBERT-v2,full,single,2048,123,dev,Indonesia,2025,1,unchanged,0.98214,0.00515,0.01271
ConfliBERT-v2,full,single,2048,123,dev,Indonesia,2025,2,unchanged,0.97497,0.00877,0.01626
ConfliBERT-v2,full,single,2048,123,dev,Indonesia,2025,3,unchanged,0.9651,0.01366,0.02124
ConfliBERT-v2,full,single,2048,123,test,Indonesia,2025,6,unchanged,0.97291,0.00961,0.01747
ConfliBERT-v2,full,single,2048,123,test,Indonesia,2025,6,unchanged,0.97941,0.0064,0.01419
ConfliBERT-v2,full,single,2048,123,test,Indonesia,2025,7,unchanged,0.98375,0.00425,0.012
ConfliBERT-v2,full,single,2048,123,test,Indonesia,2025,7,unchanged,0.9879,0.00249,0.00961
ConfliBERT-v2,full,single,2048,123,test,Indonesia,2025,10,unchanged,0.98134,0.00535,0.0133
ConfliBERT-v2,full,single,2048,123,test,Indonesia,2025,12,unchanged,0.97658,0.00788,0.01554
ConfliBERT-v2,full,single,2048,123,test,Ghana,2025,7,unchanged,0.60359,0.35901,0.0374
ConfliBERT-v2,full,single,2048,123,dev,South Africa,2025,1,unchanged,0.97658,0.00751,0.01591
ConfliBERT-v2,full,single,2048,123,dev,South Africa,2025,2,unchanged,0.97107,0.01029,0.01864
ConfliBERT-v2,full,single,2048,123,dev,South Africa,2025,2,unchanged,0.97658,0.00781,0.0156
ConfliBERT-v2,full,single,2048,123,dev,South Africa,2025,3,unchanged,0.97466,0.00877,0.01657
ConfliBERT-v2,full,single,2048,123,test,South Africa,2025,7,unchanged,0.97958,0.00606,0.01436
ConfliBERT-v2,full,single,2048,123,test,South Africa,2025,10,unchanged,0.98601,0.00316,0.01083
ConfliBERT-v2,full,single,2048,123,test,South Africa,2025,12,unchanged,0.9815,0.0054,0.0131
ConfliBERT-v2,full,single,2048,123,test,Qatar,2025,6,unchanged,0.00522,0.9945,0.00029
ConfliBERT-v2,full,single,2048,123,test,Qatar,2025,6,unchanged,0.03973,0.95878,0.00149
ConfliBERT-v2,full,single,2048,123,test,Morocco,2025,10,deteriorated,0.0323,0.96625,0.00145
ConfliBERT-v2,full,single,2048,123,dev,Comoros Islands,2025,1,unchanged,0.00498,0.99475,0.00027
ConfliBERT-v2,full,single,2048,123,dev,Russia/U.S.,2025,1,unchanged,0.97555,0.00793,0.01652
ConfliBERT-v2,full,single,2048,123,dev,Russia/U.S.,2025,2,unchanged,0.93747,0.02618,0.03635
ConfliBERT-v2,full,single,2048,123,dev,Amazon,2025,1,unchanged,0.96664,0.01217,0.02119
ConfliBERT-v2,full,single,2048,123,dev,Amazon,2025,2,unchanged,0.96283,0.01417,0.023
ConfliBERT-v2,full,single,2048,123,dev,Amazon,2025,3,unchanged,0.97128,0.0103,0.01843
ConfliBERT-v2,full,single,2048,123,test,Amazon,2025,7,deteriorated,0.98459,0.0039,0.01151
ConfliBERT-v2,full,single,2048,123,test,Amazon,2025,10,unchanged,0.98257,0.00477,0.01266
ConfliBERT-v2,full,single,2048,123,test,Amazon,2025,12,unchanged,0.98103,0.00557,0.01341
ConfliBERT-v2,full,single,2048,123,test,China-U.S.,2025,6,unchanged,0.98295,0.00448,0.01257
ConfliBERT-v2,full,single,2048,123,test,China-U.S.,2025,6,unchanged,0.98618,0.00324,0.01058
ConfliBERT-v2,full,single,2048,123,test,China-U.S.,2025,10,improved,0.98252,0.00477,0.01271
ConfliBERT-v2,full,single,2048,123,test,China-U.S.,2025,12,unchanged,0.9807,0.00548,0.01383
ConfliBERT-v2,full,single,2048,123,dev,Cook Islands,2025,2,unchanged,0.96393,0.01322,0.02285
ConfliBERT-v2,full,single,2048,123,dev,Tasman Sea,2025,2,unchanged,0.95492,0.01862,0.02646
ConfliBERT-v2,full,single,2048,123,test,New Caledonia,2025,7,improved,0.80749,0.12877,0.06374
ConfliBERT-v2,full,single,2048,123,test,New Caledonia,2025,7,improved,0.92438,0.04142,0.0342
ConfliBERT-v2,full,single,2048,124,dev,Cameroon,2025,1,unchanged,0.92576,0.03094,0.0433
ConfliBERT-v2,full,single,2048,124,dev,Cameroon,2025,2,unchanged,0.90314,0.04862,0.04824
ConfliBERT-v2,full,single,2048,124,dev,Cameroon,2025,2,unchanged,0.89136,0.06066,0.04798
ConfliBERT-v2,full,single,2048,124,dev,Cameroon,2025,3,unchanged,0.85364,0.09429,0.05207
ConfliBERT-v2,full,single,2048,124,test,Cameroon,2025,7,unchanged,0.77603,0.16077,0.0632
ConfliBERT-v2,full,single,2048,124,test,Cameroon,2025,12,unchanged,0.93036,0.02578,0.04385
ConfliBERT-v2,full,single,2048,124,dev,Chad,2025,1,unchanged,0.51275,0.43687,0.05037
ConfliBERT-v2,full,single,2048,124,dev,Chad,2025,2,unchanged,0.18904,0.78893,0.02203
ConfliBERT-v2,full,single,2048,124,dev,Chad,2025,2,unchanged,0.47363,0.48109,0.04528
ConfliBERT-v2,full,single,2048,124,dev,Chad,2025,3,unchanged,0.30817,0.66138,0.03045
ConfliBERT-v2,full,single,2048,124,test,Chad,2025,7,unchanged,0.57098,0.37227,0.05676
ConfliBERT-v2,full,single,2048,124,test,Chad,2025,10,deteriorated,0.6109,0.32955,0.05955
ConfliBERT-v2,full,single,2048,124,test,Chad,2025,12,unchanged,0.34683,0.61829,0.03488
ConfliBERT-v2,full,single,2048,124,dev,Gabon,2025,1,unchanged,0.93335,0.02161,0.04504
ConfliBERT-v2,full,single,2048,124,dev,Gabon,2025,3,unchanged,0.91956,0.02691,0.05352
ConfliBERT-v2,full,single,2048,124,dev,Kenya,2025,1,unchanged,0.82035,0.1159,0.06375
ConfliBERT-v2,full,single,2048,124,dev,Kenya,2025,2,unchanged,0.77973,0.15626,0.064
ConfliBERT-v2,full,single,2048,124,dev,Kenya,2025,2,unchanged,0.88356,0.06501,0.05143
ConfliBERT-v2,full,single,2048,124,dev,Kenya,2025,3,unchanged,0.90483,0.04684,0.04833
ConfliBERT-v2,full,single,2048,124,test,Kenya,2025,7,deteriorated,0.69732,0.24223,0.06046
ConfliBERT-v2,full,single,2048,124,test,Kenya,2025,10,unchanged,0.22136,0.75326,0.02538
ConfliBERT-v2,full,single,2048,124,test,Kenya,2025,12,unchanged,0.50112,0.44396,0.05492
ConfliBERT-v2,full,single,2048,124,dev,Mozambique,2025,1,improved,0.89495,0.05417,0.05089
ConfliBERT-v2,full,single,2048,124,dev,Mozambique,2025,2,unchanged,0.48834,0.45876,0.0529
ConfliBERT-v2,full,single,2048,124,dev,Mozambique,2025,2,unchanged,0.61456,0.33153,0.05391
ConfliBERT-v2,full,single,2048,124,dev,Mozambique,2025,3,improved,0.68572,0.25436,0.05992
ConfliBERT-v2,full,single,2048,124,test,Mozambique,2025,7,unchanged,0.80667,0.13015,0.06318
ConfliBERT-v2,full,single,2048,124,test,Mozambique,2025,10,unchanged,0.90544,0.04543,0.04912
ConfliBERT-v2,full,single,2048,124,test,Mozambique,2025,12,unchanged,0.84665,0.09574,0.05762
ConfliBERT-v2,full,single,2048,124,dev,Tanzania,2025,1,unchanged,0.91412,0.03744,0.04845
ConfliBERT-v2,full,single,2048,124,dev,Tanzania,2025,2,unchanged,0.91001,0.04061,0.04937
ConfliBERT-v2,full,single,2048,124,dev,Tanzania,2025,2,unchanged,0.91278,0.04106,0.04616
ConfliBERT-v2,full,single,2048,124,dev,Tanzania,2025,3,unchanged,0.92209,0.03307,0.04484
ConfliBERT-v2,full,single,2048,124,test,Tanzania,2025,7,unchanged,0.9185,0.0332,0.0483
ConfliBERT-v2,full,single,2048,124,test,Tanzania,2025,12,unchanged,0.06601,0.92519,0.00879
ConfliBERT-v2,full,single,2048,124,dev,Zimbabwe,2025,1,unchanged,0.93912,0.02503,0.03585
ConfliBERT-v2,full,single,2048,124,dev,Zimbabwe,2025,2,unchanged,0.936,0.02655,0.03744
ConfliBERT-v2,full,single,2048,124,dev,Zimbabwe,2025,2,unchanged,0.94301,0.021,0.036
ConfliBERT-v2,full,single,2048,124,dev,Zimbabwe,2025,3,deteriorated,0.93053,0.02922,0.04025
ConfliBERT-v2,full,single,2048,124,test,Zimbabwe,2025,7,unchanged,0.93209,0.02728,0.04063
ConfliBERT-v2,full,single,2048,124,test,Zimbabwe,2025,10,unchanged,0.93287,0.02952,0.03761
ConfliBERT-v2,full,single,2048,124,test,Zimbabwe,2025,12,unchanged,0.92835,0.03303,0.03862
ConfliBERT-v2,full,single,2048,124,test,Burundi,2025,7,unchanged,0.84327,0.0917,0.06503
ConfliBERT-v2,full,single,2048,124,test,Burundi,2025,10,unchanged,0.88032,0.06427,0.0554
ConfliBERT-v2,full,single,2048,124,test,DR Congo,2025,10,unchanged,0.54907,0.40407,0.04687
ConfliBERT-v2,full,single,2048,124,test,DR Congo,2025,12,deteriorated,0.37232,0.59264,0.03504
ConfliBERT-v2,full,single,2048,124,dev,Rwanda,2025,2,unchanged,0.86047,0.08098,0.05856
ConfliBERT-v2,full,single,2048,124,dev,Rwanda,2025,2,unchanged,0.89328,0.05711,0.04961
ConfliBERT-v2,full,single,2048,124,dev,Rwanda,2025,3,unchanged,0.81031,0.1328,0.05689
ConfliBERT-v2,full,single,2048,124,test,Rwanda,2025,7,unchanged,0.82503,0.1152,0.05977
ConfliBERT-v2,full,single,2048,124,test,Rwanda,2025,10,unchanged,0.93552,0.02306,0.04143
ConfliBERT-v2,full,single,2048,124,test,Rwanda,2025,12,unchanged,0.26034,0.71463,0.02503
ConfliBERT-v2,full,single,2048,124,dev,Uganda,2025,1,unchanged,0.90142,0.04929,0.04929
ConfliBERT-v2,full,single,2048,124,dev,Uganda,2025,2,unchanged,0.76693,0.17484,0.05822
ConfliBERT-v2,full,single,2048,124,dev,Uganda,2025,2,unchanged,0.61585,0.33158,0.05257
ConfliBERT-v2,full,single,2048,124,dev,Uganda,2025,3,unchanged,0.08784,0.90421,0.00795
ConfliBERT-v2,full,single,2048,124,test,Uganda,2025,7,unchanged,0.01983,0.9789,0.00128
ConfliBERT-v2,full,single,2048,124,test,Uganda,2025,10,unchanged,0.33542,0.62909,0.03549
ConfliBERT-v2,full,single,2048,124,dev,Eritrea,2025,1,unchanged,0.93615,0.02697,0.03687
ConfliBERT-v2,full,single,2048,124,dev,Eritrea,2025,2,unchanged,0.92604,0.03295,0.04101
ConfliBERT-v2,full,single,2048,124,dev,Eritrea,2025,2,unchanged,0.93521,0.02737,0.03741
ConfliBERT-v2,full,single,2048,124,test,Eritrea,2025,7,unchanged,0.92115,0.03227,0.04658
ConfliBERT-v2,full,single,2048,124,test,Eritrea,2025,10,unchanged,0.91968,0.03594,0.04438
ConfliBERT-v2,full,single,2048,124,test,Eritrea,2025,12,unchanged,0.89311,0.05491,0.05199
ConfliBERT-v2,full,single,2048,124,dev,Ethiopia,2025,1,unchanged,0.8804,0.06632,0.05329
ConfliBERT-v2,full,single,2048,124,dev,Ethiopia,2025,2,unchanged,0.88183,0.06438,0.05379
ConfliBERT-v2,full,single,2048,124,dev,Ethiopia,2025,2,unchanged,0.90416,0.04792,0.04792
ConfliBERT-v2,full,single,2048,124,test,Ethiopia,2025,7,unchanged,0.43109,0.52818,0.04073
ConfliBERT-v2,full,single,2048,124,test,Ethiopia,2025,10,unchanged,0.8112,0.13139,0.0574
ConfliBERT-v2,full,single,2048,124,test,Ethiopia,2025,12,deteriorated,0.85648,0.08614,0.05738
ConfliBERT-v2,full,single,2048,124,test,Nile Waters,2025,7,unchanged,0.94216,0.01925,0.03859
ConfliBERT-v2,full,single,2048,124,test,Nile Waters,2025,10,unchanged,0.86771,0.07977,0.05252
ConfliBERT-v2,full,single,2048,124,test,Nile Waters,2025,12,unchanged,0.88632,0.06522,0.04846
ConfliBERT-v2,full,single,2048,124,dev,Somalia,2025,1,unchanged,0.52572,0.42078,0.0535
ConfliBERT-v2,full,single,2048,124,dev,Somalia,2025,2,unchanged,0.53155,0.41478,0.05367
ConfliBERT-v2,full,single,2048,124,dev,Somalia,2025,2,unchanged,0.56892,0.37898,0.0521
ConfliBERT-v2,full,single,2048,124,dev,Somalia,2025,3,unchanged,0.82492,0.12024,0.05484
ConfliBERT-v2,full,single,2048,124,test,Somalia,2025,7,deteriorated,0.60907,0.33179,0.05914
ConfliBERT-v2,full,single,2048,124,test,Somalia,2025,10,unchanged,0.41246,0.54216,0.04538
ConfliBERT-v2,full,single,2048,124,test,Somalia,2025,12,unchanged,0.45081,0.499,0.05019
ConfliBERT-v2,full,single,2048,124,dev,Somaliland,2025,1,unchanged,0.90959,0.04028,0.05013
ConfliBERT-v2,full,single,2048,124,dev,Somaliland,2025,2,unchanged,0.91087,0.03971,0.04942
ConfliBERT-v2,full,single,2048,124,dev,Somaliland,2025,2,unchanged,0.92038,0.03486,0.04476
ConfliBERT-v2,full,single,2048,124,dev,Somaliland,2025,3,unchanged,0.85244,0.09306,0.05449
ConfliBERT-v2,full,single,2048,124,test,Somaliland,2025,7,unchanged,0.85852,0.08702,0.05446
ConfliBERT-v2,full,single,2048,124,test,Somaliland,2025,10,unchanged,0.94027,0.02211,0.03762
ConfliBERT-v2,full,single,2048,124,test,Somaliland,2025,12,unchanged,0.58497,0.3625,0.05253
ConfliBERT-v2,full,single,2048,124,dev,South Sudan,2025,1,unchanged,0.6976,0.23827,0.06413
ConfliBERT-v2,full,single,2048,124,dev,South Sudan,2025,2,unchanged,0.50925,0.43729,0.05347
ConfliBERT-v2,full,single,2048,124,dev,South Sudan,2025,2,unchanged,0.63692,0.30829,0.05479
ConfliBERT-v2,full,single,2048,124,test,South Sudan,2025,7,unchanged,0.89138,0.05834,0.05029
ConfliBERT-v2,full,single,2048,124,test,South Sudan,2025,10,unchanged,0.8369,0.10434,0.05876
ConfliBERT-v2,full,single,2048,124,test,South Sudan,2025,12,unchanged,0.85937,0.08215,0.05848
ConfliBERT-v2,full,single,2048,124,dev,Sudan,2025,2,deteriorated,0.022,0.97649,0.00151
ConfliBERT-v2,full,single,2048,124,dev,Sudan,2025,2,deteriorated,0.0488,0.94727,0.00393
ConfliBERT-v2,full,single,2048,124,dev,Sudan,2025,3,unchanged,0.1468,0.83899,0.01421
ConfliBERT-v2,full,single,2048,124,test,Sudan,2025,7,unchanged,0.06545,0.92849,0.00606
ConfliBERT-v2,full,single,2048,124,test,Sudan,2025,12,unchanged,0.04184,0.95471,0.00344
ConfliBERT-v2,full,single,2048,124,dev,Burkina Faso,2025,1,unchanged,0.91539,0.03868,0.04593
ConfliBERT-v2,full,single,2048,124,dev,Burkina Faso,2025,2,unchanged,0.90313,0.04938,0.04749
ConfliBERT-v2,full,single,2048,124,dev,Burkina Faso,2025,2,unchanged,0.9144,0.04113,0.04447
ConfliBERT-v2,full,single,2048,124,dev,Burkina Faso,2025,3,deteriorated,0.73727,0.21216,0.05057
ConfliBERT-v2,full,single,2048,124,test,Burkina Faso,2025,7,unchanged,0.37953,0.58782,0.03265
ConfliBERT-v2,full,single,2048,124,test,Burkina Faso,2025,10,unchanged,0.66572,0.27724,0.05704
ConfliBERT-v2,full,single,2048,124,test,Burkina Faso,2025,12,unchanged,0.8089,0.13205,0.05906
ConfliBERT-v2,full,single,2048,124,dev,Guinea,2025,1,unchanged,0.89861,0.05109,0.0503
ConfliBERT-v2,full,single,2048,124,dev,Guinea,2025,2,unchanged,0.90706,0.04411,0.04883
ConfliBERT-v2,full,single,2048,124,dev,Guinea,2025,2,unchanged,0.92215,0.03439,0.04347
ConfliBERT-v2,full,single,2048,124,dev,Guinea,2025,3,unchanged,0.91311,0.04107,0.04582
ConfliBERT-v2,full,single,2048,124,test,Guinea,2025,7,unchanged,0.92058,0.0325,0.04692
ConfliBERT-v2,full,single,2048,124,test,Guinea,2025,10,unchanged,0.92578,0.02884,0.04538
ConfliBERT-v2,full,single,2048,124,test,Guinea,2025,12,unchanged,0.88345,0.05919,0.05737
ConfliBERT-v2,full,single,2048,124,dev,Nigeria,2025,1,unchanged,0.917,0.03875,0.04425
ConfliBERT-v2,full,single,2048,124,dev,Nigeria,2025,2,unchanged,0.9048,0.04909,0.04612
ConfliBERT-v2,full,single,2048,124,dev,Nigeria,2025,2,unchanged,0.90253,0.05253,0.04493
ConfliBERT-v2,full,single,2048,124,dev,Nigeria,2025,3,unchanged,0.90743,0.04809,0.04448
ConfliBERT-v2,full,single,2048,124,test,Nigeria,2025,7,unchanged,0.8349,0.11255,0.05255
ConfliBERT-v2,full,single,2048,124,test,Nigeria,2025,10,unchanged,0.89049,0.05966,0.04985
ConfliBERT-v2,full,single,2048,124,test,Nigeria,2025,12,unchanged,0.90309,0.05016,0.04675
ConfliBERT-v2,full,single,2048,124,dev,Senegal,2025,2,unchanged,0.41499,0.53286,0.05215
ConfliBERT-v2,full,single,2048,124,dev,Senegal,2025,2,unchanged,0.89827,0.05522,0.0465
ConfliBERT-v2,full,single,2048,124,dev,Kosovo,2025,1,unchanged,0.90278,0.04975,0.04747
ConfliBERT-v2,full,single,2048,124,dev,Kosovo,2025,2,unchanged,0.86299,0.07965,0.05737
ConfliBERT-v2,full,single,2048,124,dev,Kosovo,2025,3,unchanged,0.89076,0.05739,0.05185
ConfliBERT-v2,full,single,2048,124,test,Kosovo,2025,7,unchanged,0.91096,0.04261,0.04643
ConfliBERT-v2,full,single,2048,124,test,Kosovo,2025,10,unchanged,0.91395,0.03685,0.0492
ConfliBERT-v2,full,single,2048,124,test,Kosovo,2025,12,unchanged,0.7026,0.21638,0.08101
ConfliBERT-v2,full,single,2048,124,test,Kosovo,2026,3,unchanged,0.44812,0.48833,0.06356
ConfliBERT-v2,full,single,2048,124,dev,Armenia,2025,1,unchanged,0.92981,0.03182,0.03838
ConfliBERT-v2,full,single,2048,124,dev,Armenia,2025,2,unchanged,0.92363,0.03417,0.0422
ConfliBERT-v2,full,single,2048,124,dev,Armenia,2025,3,unchanged,0.91099,0.04294,0.04607
ConfliBERT-v2,full,single,2048,124,test,Armenia,2025,7,unchanged,0.91065,0.04033,0.04902
ConfliBERT-v2,full,single,2048,124,test,Armenia,2025,10,unchanged,0.92717,0.0298,0.04303
ConfliBERT-v2,full,single,2048,124,test,Armenia,2025,12,unchanged,0.9243,0.03213,0.04357
ConfliBERT-v2,full,single,2048,124,test,Armenia,2026,3,unchanged,0.8482,0.09629,0.05551
ConfliBERT-v2,full,single,2048,124,dev,Azerbaijan,2025,1,unchanged,0.92453,0.03421,0.04126
ConfliBERT-v2,full,single,2048,124,dev,Azerbaijan,2025,2,unchanged,0.92318,0.03497,0.04185
ConfliBERT-v2,full,single,2048,124,dev,Azerbaijan,2025,3,unchanged,0.91068,0.04326,0.04605
ConfliBERT-v2,full,single,2048,124,test,Azerbaijan,2025,7,unchanged,0.90267,0.04601,0.05132
ConfliBERT-v2,full,single,2048,124,test,Azerbaijan,2025,10,unchanged,0.92843,0.02915,0.04242
ConfliBERT-v2,full,single,2048,124,test,Azerbaijan,2025,12,unchanged,0.93892,0.0214,0.03967
ConfliBERT-v2,full,single,2048,124,test,Azerbaijan,2026,3,unchanged,0.89643,0.053,0.05057
ConfliBERT-v2,full,single,2048,124,dev,Georgia,2025,1,unchanged,0.64287,0.2978,0.05933
ConfliBERT-v2,full,single,2048,124,dev,Georgia,2025,2,unchanged,0.78973,0.14694,0.06332
ConfliBERT-v2,full,single,2048,124,dev,Georgia,2025,3,unchanged,0.89056,0.0592,0.05024
ConfliBERT-v2,full,single,2048,124,test,Georgia,2025,7,unchanged,0.88432,0.06258,0.05311
ConfliBERT-v2,full,single,2048,124,test,Georgia,2025,10,unchanged,0.15571,0.82547,0.01882
ConfliBERT-v2,full,single,2048,124,test,Georgia,2025,12,unchanged,0.46384,0.49183,0.04434
ConfliBERT-v2,full,single,2048,124,test,Georgia,2026,3,unchanged,0.89276,0.05446,0.05278
ConfliBERT-v2,full,single,2048,124,dev,Belarus,2025,1,unchanged,0.897,0.05472,0.04829
ConfliBERT-v2,full,single,2048,124,dev,Belarus,2025,2,unchanged,0.88944,0.05959,0.05097
ConfliBERT-v2,full,single,2048,124,dev,Belarus,2025,3,unchanged,0.91369,0.04046,0.04585
ConfliBERT-v2,full,single,2048,124,test,Belarus,2025,7,unchanged,0.92707,0.02957,0.04336
ConfliBERT-v2,full,single,2048,124,test,Belarus,2025,10,unchanged,0.92812,0.02847,0.04341
ConfliBERT-v2,full,single,2048,124,test,Belarus,2025,12,unchanged,0.93018,0.02765,0.04217
ConfliBERT-v2,full,single,2048,124,test,Belarus,2026,3,unchanged,0.91478,0.03896,0.04626
ConfliBERT-v2,full,single,2048,124,dev,Ukraine,2025,1,unchanged,0.75879,0.18668,0.05454
ConfliBERT-v2,full,single,2048,124,dev,Ukraine,2025,2,unchanged,0.84098,0.10567,0.05334
ConfliBERT-v2,full,single,2048,124,dev,Ukraine,2025,3,unchanged,0.62483,0.32163,0.05354
ConfliBERT-v2,full,single,2048,124,test,Ukraine,2025,12,unchanged,0.24026,0.73572,0.02402
ConfliBERT-v2,full,single,2048,124,test,Ukraine,2026,3,unchanged,0.43931,0.5217,0.03899
ConfliBERT-v2,full,single,2048,124,dev,Cyprus,2025,1,unchanged,0.93584,0.02614,0.03803
ConfliBERT-v2,full,single,2048,124,dev,Cyprus,2025,2,unchanged,0.93623,0.02719,0.03659
ConfliBERT-v2,full,single,2048,124,dev,Cyprus,2025,3,unchanged,0.93334,0.02753,0.03913
ConfliBERT-v2,full,single,2048,124,test,Cyprus,2025,7,unchanged,0.93658,0.02476,0.03866
ConfliBERT-v2,full,single,2048,124,test,Cyprus,2025,10,unchanged,0.93103,0.02901,0.03996
ConfliBERT-v2,full,single,2048,124,test,Cyprus,2025,12,unchanged,0.93612,0.02554,0.03834
ConfliBERT-v2,full,single,2048,124,test,Cyprus,2026,3,unchanged,0.92005,0.03624,0.04371
ConfliBERT-v2,full,single,2048,124,dev,Türkiye,2025,1,unchanged,0.92134,0.03657,0.04209
ConfliBERT-v2,full,single,2048,124,dev,Türkiye,2025,3,deteriorated,0.90548,0.04615,0.04837
ConfliBERT-v2,full,single,2048,124,test,Türkiye,2025,7,improved,0.88227,0.06391,0.05382
ConfliBERT-v2,full,single,2048,124,test,Türkiye,2025,10,unchanged,0.92713,0.03051,0.04236
ConfliBERT-v2,full,single,2048,124,test,Türkiye,2025,12,unchanged,0.92608,0.03194,0.04198
ConfliBERT-v2,full,single,2048,124,test,Türkiye,2026,3,unchanged,0.92144,0.03409,0.04446
ConfliBERT-v2,full,single,2048,124,dev,Kyrgyzstan,2025,1,unchanged,0.92964,0.02919,0.04117
ConfliBERT-v2,full,single,2048,124,dev,Kyrgyzstan,2025,2,unchanged,0.93603,0.02534,0.03863
ConfliBERT-v2,full,single,2048,124,dev,Kyrgyzstan,2025,3,improved,0.9344,0.02549,0.0401
ConfliBERT-v2,full,single,2048,124,test,Kyrgyzstan,2025,7,unchanged,0.93683,0.02327,0.0399
ConfliBERT-v2,full,single,2048,124,test,Kyrgyzstan,2025,10,unchanged,0.93677,0.02516,0.03807
ConfliBERT-v2,full,single,2048,124,test,Kyrgyzstan,2025,12,unchanged,0.93738,0.02239,0.04023
ConfliBERT-v2,full,single,2048,124,test,Kyrgyzstan,2026,3,unchanged,0.91878,0.03619,0.04503
ConfliBERT-v2,full,single,2048,124,dev,Tajikistan,2025,1,unchanged,0.92664,0.03002,0.04334
ConfliBERT-v2,full,single,2048,124,dev,Tajikistan,2025,2,unchanged,0.89239,0.05318,0.05444
ConfliBERT-v2,full,single,2048,124,dev,Tajikistan,2025,3,improved,0.91489,0.03547,0.04964
ConfliBERT-v2,full,single,2048,124,test,Tajikistan,2025,7,unchanged,0.92902,0.02719,0.04379
ConfliBERT-v2,full,single,2048,124,test,Tajikistan,2025,10,unchanged,0.93228,0.02446,0.04326
ConfliBERT-v2,full,single,2048,124,test,Tajikistan,2025,12,unchanged,0.90579,0.04545,0.04876
ConfliBERT-v2,full,single,2048,124,test,Tajikistan,2026,3,unchanged,0.90747,0.04518,0.04735
ConfliBERT-v2,full,single,2048,124,dev,Uzbekistan,2025,1,unchanged,0.93276,0.02751,0.03972
ConfliBERT-v2,full,single,2048,124,dev,Uzbekistan,2025,2,unchanged,0.93834,0.02139,0.04027
ConfliBERT-v2,full,single,2048,124,dev,Uzbekistan,2025,3,unchanged,0.94202,0.0191,0.03888
ConfliBERT-v2,full,single,2048,124,test,Uzbekistan,2025,7,unchanged,0.93625,0.02326,0.0405
ConfliBERT-v2,full,single,2048,124,test,Uzbekistan,2025,10,unchanged,0.93584,0.02614,0.03803
ConfliBERT-v2,full,single,2048,124,test,Uzbekistan,2025,12,unchanged,0.94319,0.02218,0.03463
ConfliBERT-v2,full,single,2048,124,test,Uzbekistan,2026,3,unchanged,0.9285,0.03227,0.03923
ConfliBERT-v2,full,single,2048,124,dev,Lebanon,2025,1,unchanged,0.62966,0.30627,0.06407
ConfliBERT-v2,full,single,2048,124,dev,Lebanon,2025,2,unchanged,0.75537,0.17492,0.06971
ConfliBERT-v2,full,single,2048,124,dev,Lebanon,2025,3,unchanged,0.06318,0.93025,0.00657
ConfliBERT-v2,full,single,2048,124,test,Lebanon,2025,6,unchanged,0.48732,0.46682,0.04586
ConfliBERT-v2,full,single,2048,124,test,Lebanon,2025,6,unchanged,0.81438,0.13191,0.05371
ConfliBERT-v2,full,single,2048,124,test,Lebanon,2025,7,unchanged,0.77024,0.17525,0.0545
ConfliBERT-v2,full,single,2048,124,test,Lebanon,2025,10,unchanged,0.84709,0.0996,0.05331
ConfliBERT-v2,full,single,2048,124,test,Lebanon,2025,12,unchanged,0.79153,0.14931,0.05916
ConfliBERT-v2,full,single,2048,124,dev,Syria,2025,1,unchanged,0.0334,0.96443,0.00218
ConfliBERT-v2,full,single,2048,124,dev,Syria,2025,2,unchanged,0.22704,0.7532,0.01976
ConfliBERT-v2,full,single,2048,124,dev,Syria,2025,3,deteriorated,0.2991,0.6714,0.0295
ConfliBERT-v2,full,single,2048,124,test,Syria,2025,6,deteriorated,0.40024,0.56223,0.03752
ConfliBERT-v2,full,single,2048,124,test,Syria,2025,6,deteriorated,0.42545,0.53781,0.03674
ConfliBERT-v2,full,single,2048,124,test,Syria,2025,7,deteriorated,0.12528,0.8645,0.01022
ConfliBERT-v2,full,single,2048,124,test,Syria,2025,10,improved,0.10868,0.88197,0.00935
ConfliBERT-v2,full,single,2048,124,test,Syria,2025,12,deteriorated,0.00862,0.99096,0.00042
ConfliBERT-v2,full,single,2048,124,dev,Iran,2025,1,unchanged,0.90348,0.04788,0.04864
ConfliBERT-v2,full,single,2048,124,dev,Iran,2025,2,unchanged,0.8935,0.05802,0.04848
ConfliBERT-v2,full,single,2048,124,dev,Iran,2025,3,unchanged,0.87707,0.07228,0.05065
ConfliBERT-v2,full,single,2048,124,test,Iran,2025,7,unchanged,0.89656,0.05555,0.04789
ConfliBERT-v2,full,single,2048,124,test,Iran,2025,10,unchanged,0.91609,0.03901,0.0449
ConfliBERT-v2,full,single,2048,124,test,Iran,2025,12,deteriorated,0.87294,0.07422,0.05284
ConfliBERT-v2,full,single,2048,124,dev,Iraq,2025,1,unchanged,0.88405,0.06607,0.04987
ConfliBERT-v2,full,single,2048,124,dev,Iraq,2025,2,unchanged,0.87843,0.07044,0.05113
ConfliBERT-v2,full,single,2048,124,dev,Iraq,2025,3,unchanged,0.86591,0.08086,0.05323
ConfliBERT-v2,full,single,2048,124,test,Iraq,2025,6,unchanged,0.87056,0.07757,0.05187
ConfliBERT-v2,full,single,2048,124,test,Iraq,2025,6,unchanged,0.89557,0.0577,0.04673
ConfliBERT-v2,full,single,2048,124,test,Iraq,2025,7,unchanged,0.89756,0.05561,0.04683
ConfliBERT-v2,full,single,2048,124,test,Iraq,2025,10,unchanged,0.9024,0.05051,0.04708
ConfliBERT-v2,full,single,2048,124,test,Iraq,2025,12,unchanged,0.90342,0.04641,0.05018
ConfliBERT-v2,full,single,2048,124,dev,Saudi Arabia,2025,1,unchanged,0.93267,0.02883,0.0385
ConfliBERT-v2,full,single,2048,124,dev,Saudi Arabia,2025,2,unchanged,0.9257,0.03168,0.04262
ConfliBERT-v2,full,single,2048,124,dev,Saudi Arabia,2025,3,unchanged,0.917,0.03875,0.04425
ConfliBERT-v2,full,single,2048,124,test,Saudi Arabia,2025,6,unchanged,0.90303,0.05095,0.04603
ConfliBERT-v2,full,single,2048,124,test,Saudi Arabia,2025,6,unchanged,0.91834,0.04003,0.04163
ConfliBERT-v2,full,single,2048,124,test,Saudi Arabia,2025,7,unchanged,0.92428,0.03447,0.04125
ConfliBERT-v2,full,single,2048,124,test,Saudi Arabia,2025,10,unchanged,0.92068,0.03626,0.04306
ConfliBERT-v2,full,single,2048,124,test,Saudi Arabia,2025,12,unchanged,0.24356,0.73141,0.02503
ConfliBERT-v2,full,single,2048,124,test,Yemen,2025,6,unchanged,0.68171,0.26078,0.05751
ConfliBERT-v2,full,single,2048,124,test,Yemen,2025,6,unchanged,0.88583,0.06831,0.04586
ConfliBERT-v2,full,single,2048,124,test,Yemen,2025,7,deteriorated,0.80838,0.1383,0.05332
ConfliBERT-v2,full,single,2048,124,dev,Algeria,2025,1,unchanged,0.9309,0.02946,0.03964
ConfliBERT-v2,full,single,2048,124,dev,Algeria,2025,2,unchanged,0.92393,0.03611,0.03997
ConfliBERT-v2,full,single,2048,124,dev,Algeria,2025,3,unchanged,0.9281,0.03176,0.04015
ConfliBERT-v2,full,single,2048,124,test,Algeria,2025,6,unchanged,0.93378,0.02798,0.03824
ConfliBERT-v2,full,single,2048,124,test,Algeria,2025,6,unchanged,0.93596,0.02718,0.03686
ConfliBERT-v2,full,single,2048,124,test,Algeria,2025,7,unchanged,0.93896,0.02406,0.03698
ConfliBERT-v2,full,single,2048,124,test,Algeria,2025,10,unchanged,0.94098,0.02196,0.03706
ConfliBERT-v2,full,single,2048,124,test,Algeria,2025,12,unchanged,0.93983,0.02228,0.03789
ConfliBERT-v2,full,single,2048,124,dev,Egypt,2025,1,unchanged,0.93049,0.0311,0.03841
ConfliBERT-v2,full,single,2048,124,dev,Egypt,2025,2,unchanged,0.92631,0.0317,0.04199
ConfliBERT-v2,full,single,2048,124,dev,Egypt,2025,3,unchanged,0.92295,0.03388,0.04317
ConfliBERT-v2,full,single,2048,124,test,Egypt,2025,6,unchanged,0.92161,0.03357,0.04482
ConfliBERT-v2,full,single,2048,124,test,Egypt,2025,6,unchanged,0.92886,0.03033,0.04081
ConfliBERT-v2,full,single,2048,124,test,Egypt,2025,7,unchanged,0.92386,0.03554,0.04059
ConfliBERT-v2,full,single,2048,124,test,Egypt,2025,10,unchanged,0.92488,0.03449,0.04064
ConfliBERT-v2,full,single,2048,124,test,Egypt,2025,12,unchanged,0.91962,0.03566,0.04472
ConfliBERT-v2,full,single,2048,124,dev,Libya,2025,1,unchanged,0.91488,0.03776,0.04736
ConfliBERT-v2,full,single,2048,124,dev,Libya,2025,2,unchanged,0.89895,0.05151,0.04954
ConfliBERT-v2,full,single,2048,124,dev,Libya,2025,3,unchanged,0.90898,0.04285,0.04817
ConfliBERT-v2,full,single,2048,124,test,Libya,2025,6,unchanged,0.88772,0.05855,0.05373
ConfliBERT-v2,full,single,2048,124,test,Libya,2025,6,unchanged,0.89021,0.05918,0.05062
ConfliBERT-v2,full,single,2048,124,test,Libya,2025,7,unchanged,0.91615,0.03752,0.04633
ConfliBERT-v2,full,single,2048,124,test,Libya,2025,10,unchanged,0.86343,0.08094,0.05563
ConfliBERT-v2,full,single,2048,124,test,Libya,2025,12,unchanged,0.04281,0.95187,0.00532
ConfliBERT-v2,full,single,2048,124,dev,Tunisia,2025,1,unchanged,0.92055,0.03433,0.04512
ConfliBERT-v2,full,single,2048,124,dev,Tunisia,2025,2,unchanged,0.89861,0.05109,0.0503
ConfliBERT-v2,full,single,2048,124,dev,Tunisia,2025,3,unchanged,0.9021,0.04971,0.04818
ConfliBERT-v2,full,single,2048,124,test,Tunisia,2025,6,unchanged,0.91056,0.04193,0.04751
ConfliBERT-v2,full,single,2048,124,test,Tunisia,2025,6,unchanged,0.92212,0.03575,0.04213
ConfliBERT-v2,full,single,2048,124,test,Tunisia,2025,7,unchanged,0.92308,0.03442,0.0425
ConfliBERT-v2,full,single,2048,124,test,Tunisia,2025,10,unchanged,0.91007,0.04426,0.04567
ConfliBERT-v2,full,single,2048,124,test,Tunisia,2025,12,unchanged,0.89461,0.05373,0.05167
ConfliBERT-v2,full,single,2048,124,dev,Western Sahara,2025,1,unchanged,0.91123,0.04196,0.04681
ConfliBERT-v2,full,single,2048,124,dev,Western Sahara,2025,2,unchanged,0.91707,0.03936,0.04357
ConfliBERT-v2,full,single,2048,124,dev,Western Sahara,2025,3,unchanged,0.92997,0.02852,0.0415
ConfliBERT-v2,full,single,2048,124,test,Western Sahara,2025,6,unchanged,0.93362,0.02754,0.03884
ConfliBERT-v2,full,single,2048,124,test,Western Sahara,2025,6,unchanged,0.93474,0.02757,0.03769
ConfliBERT-v2,full,single,2048,124,test,Western Sahara,2025,7,unchanged,0.93174,0.02858,0.03968
ConfliBERT-v2,full,single,2048,124,test,Western Sahara,2025,10,unchanged,0.92374,0.03472,0.04155
ConfliBERT-v2,full,single,2048,124,test,Western Sahara,2025,12,unchanged,0.93377,0.02488,0.04135
ConfliBERT-v2,full,single,2048,124,dev,Central African Republic,2025,1,unchanged,0.928,0.0296,0.0424
ConfliBERT-v2,full,single,2048,124,dev,Central African Republic,2025,2,unchanged,0.91566,0.03839,0.04595
ConfliBERT-v2,full,single,2048,124,dev,Central African Republic,2025,2,unchanged,0.90847,0.04558,0.04594
ConfliBERT-v2,full,single,2048,124,dev,Central African Republic,2025,3,unchanged,0.9247,0.03239,0.04291
ConfliBERT-v2,full,single,2048,124,test,Central African Republic,2025,7,unchanged,0.91404,0.03714,0.04882
ConfliBERT-v2,full,single,2048,124,test,Central African Republic,2025,10,unchanged,0.92905,0.02784,0.04311
ConfliBERT-v2,full,single,2048,124,dev,Mali,2025,1,unchanged,0.90649,0.04584,0.04767
ConfliBERT-v2,full,single,2048,124,dev,Mali,2025,2,unchanged,0.88909,0.05957,0.05135
ConfliBERT-v2,full,single,2048,124,dev,Mali,2025,2,unchanged,0.89084,0.05968,0.04948
ConfliBERT-v2,full,single,2048,124,dev,Mali,2025,3,unchanged,0.91037,0.04359,0.04604
ConfliBERT-v2,full,single,2048,124,test,Mali,2025,7,deteriorated,0.78791,0.15274,0.05935
ConfliBERT-v2,full,single,2048,124,test,Mali,2025,12,unchanged,0.5416,0.40723,0.05117
ConfliBERT-v2,full,single,2048,124,dev,Niger,2025,1,unchanged,0.93536,0.02512,0.03952
ConfliBERT-v2,full,single,2048,124,dev,Niger,2025,2,unchanged,0.92646,0.03121,0.04233
ConfliBERT-v2,full,single,2048,124,dev,Niger,2025,2,unchanged,0.92985,0.02897,0.04118
ConfliBERT-v2,full,single,2048,124,dev,Niger,2025,3,deteriorated,0.92711,0.03248,0.04042
ConfliBERT-v2,full,single,2048,124,test,Niger,2025,7,unchanged,0.92686,0.0291,0.04403
ConfliBERT-v2,full,single,2048,124,test,Niger,2025,10,unchanged,0.90702,0.04377,0.04921
ConfliBERT-v2,full,single,2048,124,test,Niger,2025,12,unchanged,0.92885,0.02805,0.0431
ConfliBERT-v2,full,single,2048,124,dev,Benin,2025,1,deteriorated,0.92246,0.0344,0.04314
ConfliBERT-v2,full,single,2048,124,dev,Benin,2025,2,unchanged,0.90036,0.05079,0.04885
ConfliBERT-v2,full,single,2048,124,dev,Benin,2025,2,unchanged,0.89343,0.05847,0.0481
ConfliBERT-v2,full,single,2048,124,dev,Benin,2025,3,unchanged,0.90749,0.04662,0.04589
ConfliBERT-v2,full,single,2048,124,test,Benin,2025,7,unchanged,0.94173,0.0197,0.03857
ConfliBERT-v2,full,single,2048,124,test,Benin,2025,10,unchanged,0.92468,0.03139,0.04393
ConfliBERT-v2,full,single,2048,124,test,Benin,2025,12,deteriorated,0.69676,0.24423,0.05901
ConfliBERT-v2,full,single,2048,124,dev,Moldova,2025,1,deteriorated,0.82428,0.11875,0.05698
ConfliBERT-v2,full,single,2048,124,dev,Moldova,2025,2,unchanged,0.71953,0.2171,0.06337
ConfliBERT-v2,full,single,2048,124,test,Moldova,2026,3,unchanged,0.65534,0.29252,0.05214
ConfliBERT-v2,full,single,2048,124,test,Israel/Palestine,2025,12,unchanged,0.77246,0.16936,0.05819
ConfliBERT-v2,full,single,2048,124,dev,Colombia,2025,2,unchanged,0.88048,0.06279,0.05673
ConfliBERT-v2,full,single,2048,124,dev,Colombia,2025,3,unchanged,0.90924,0.04026,0.0505
ConfliBERT-v2,full,single,2048,124,test,Colombia,2025,7,unchanged,0.92285,0.03085,0.04631
ConfliBERT-v2,full,single,2048,124,test,Colombia,2025,10,deteriorated,0.88211,0.06193,0.05595
ConfliBERT-v2,full,single,2048,124,test,Colombia,2025,12,unchanged,0.48904,0.45941,0.05154
ConfliBERT-v2,full,single,2048,124,dev,Ecuador,2025,1,deteriorated,0.8464,0.09276,0.06084
ConfliBERT-v2,full,single,2048,124,dev,Ecuador,2025,2,unchanged,0.86615,0.07628,0.05758
ConfliBERT-v2,full,single,2048,124,dev,Ecuador,2025,3,unchanged,0.82004,0.11722,0.06274
ConfliBERT-v2,full,single,2048,124,test,Ecuador,2025,7,unchanged,0.92522,0.03117,0.04361
ConfliBERT-v2,full,single,2048,124,test,Ecuador,2025,10,unchanged,0.87628,0.07026,0.05345
ConfliBERT-v2,full,single,2048,124,test,Ecuador,2025,12,unchanged,0.72685,0.21111,0.06204
ConfliBERT-v2,full,single,2048,124,dev,Venezuela,2025,1,unchanged,0.90347,0.04751,0.04902
ConfliBERT-v2,full,single,2048,124,dev,Venezuela,2025,2,unchanged,0.87506,0.07072,0.05422
ConfliBERT-v2,full,single,2048,124,dev,Venezuela,2025,3,unchanged,0.83019,0.10679,0.06302
ConfliBERT-v2,full,single,2048,124,test,Venezuela,2025,7,unchanged,0.87654,0.06654,0.05692
ConfliBERT-v2,full,single,2048,124,dev,El Salvador,2025,1,unchanged,0.93168,0.02926,0.03906
ConfliBERT-v2,full,single,2048,124,dev,El Salvador,2025,2,unchanged,0.92862,0.03153,0.03986
ConfliBERT-v2,full,single,2048,124,dev,El Salvador,2025,3,unchanged,0.92374,0.03472,0.04155
ConfliBERT-v2,full,single,2048,124,test,El Salvador,2025,7,deteriorated,0.93069,0.02745,0.04186
ConfliBERT-v2,full,single,2048,124,test,El Salvador,2025,10,unchanged,0.93933,0.02279,0.03787
ConfliBERT-v2,full,single,2048,124,test,El Salvador,2025,12,unchanged,0.93547,0.02592,0.03861
ConfliBERT-v2,full,single,2048,124,test,Honduras,2025,12,deteriorated,0.80049,0.13119,0.06833
ConfliBERT-v2,full,single,2048,124,dev,Mexico,2025,1,unchanged,0.85268,0.08745,0.05987
ConfliBERT-v2,full,single,2048,124,dev,Mexico,2025,2,unchanged,0.9,0.04883,0.05117
ConfliBERT-v2,full,single,2048,124,dev,Mexico,2025,3,unchanged,0.89788,0.05186,0.05026
ConfliBERT-v2,full,single,2048,124,test,Mexico,2025,7,unchanged,0.90962,0.04254,0.04783
ConfliBERT-v2,full,single,2048,124,test,Mexico,2025,10,unchanged,0.87111,0.0732,0.05569
ConfliBERT-v2,full,single,2048,124,test,Mexico,2025,12,unchanged,0.78549,0.15347,0.06105
ConfliBERT-v2,full,single,2048,124,dev,Nicaragua,2025,1,unchanged,0.93154,0.02971,0.03875
ConfliBERT-v2,full,single,2048,124,dev,Nicaragua,2025,2,deteriorated,0.92663,0.03297,0.0404
ConfliBERT-v2,full,single,2048,124,dev,Nicaragua,2025,3,unchanged,0.93072,0.03087,0.03842
ConfliBERT-v2,full,single,2048,124,test,Nicaragua,2025,7,unchanged,0.93404,0.0265,0.03947
ConfliBERT-v2,full,single,2048,124,test,Nicaragua,2025,10,unchanged,0.93406,0.02799,0.03796
ConfliBERT-v2,full,single,2048,124,test,Nicaragua,2025,12,unchanged,0.94466,0.02039,0.03495
ConfliBERT-v2,full,single,2048,124,dev,Haiti,2025,1,unchanged,0.81228,0.1236,0.06412
ConfliBERT-v2,full,single,2048,124,dev,Haiti,2025,2,unchanged,0.82233,0.11572,0.06194
ConfliBERT-v2,full,single,2048,124,dev,Haiti,2025,3,deteriorated,0.70439,0.22958,0.06603
ConfliBERT-v2,full,single,2048,124,test,Haiti,2025,7,unchanged,0.80371,0.13431,0.06198
ConfliBERT-v2,full,single,2048,124,test,Haiti,2025,10,unchanged,0.90102,0.04775,0.05123
ConfliBERT-v2,full,single,2048,124,test,Haiti,2025,12,unchanged,0.85151,0.0887,0.05979
ConfliBERT-v2,full,single,2048,124,dev,China/Japan,2025,1,unchanged,0.93916,0.02582,0.03502
ConfliBERT-v2,full,single,2048,124,dev,China/Japan,2025,2,unchanged,0.9425,0.02397,0.03354
ConfliBERT-v2,full,single,2048,124,dev,China/Japan,2025,3,unchanged,0.93928,0.02543,0.0353
ConfliBERT-v2,full,single,2048,124,test,China/Japan,2025,6,unchanged,0.93748,0.02701,0.03551
ConfliBERT-v2,full,single,2048,124,test,China/Japan,2025,6,unchanged,0.93714,0.02764,0.03522
ConfliBERT-v2,full,single,2048,124,test,China/Japan,2025,7,unchanged,0.93533,0.02869,0.03598
ConfliBERT-v2,full,single,2048,124,test,China/Japan,2025,7,unchanged,0.93448,0.02957,0.03595
ConfliBERT-v2,full,single,2048,124,test,China/Japan,2025,10,unchanged,0.93627,0.02827,0.03546
ConfliBERT-v2,full,single,2048,124,test,China/Japan,2025,12,unchanged,0.94227,0.02341,0.03432
ConfliBERT-v2,full,single,2048,124,dev,Korean Peninsula,2025,1,unchanged,0.58068,0.36552,0.0538
ConfliBERT-v2,full,single,2048,124,dev,Korean Peninsula,2025,2,unchanged,0.65361,0.2906,0.05579
ConfliBERT-v2,full,single,2048,124,dev,Korean Peninsula,2025,3,unchanged,0.86384,0.08388,0.05228
ConfliBERT-v2,full,single,2048,124,test,Korean Peninsula,2025,6,unchanged,0.91536,0.04149,0.04315
ConfliBERT-v2,full,single,2048,124,test,Korean Peninsula,2025,6,unchanged,0.9247,0.0353,0.04
ConfliBERT-v2,full,single,2048,124,test,Korean Peninsula,2025,7,unchanged,0.92819,0.03103,0.04078
ConfliBERT-v2,full,single,2048,124,test,Korean Peninsula,2025,7,unchanged,0.93068,0.02968,0.03963
ConfliBERT-v2,full,single,2048,124,test,Korean Peninsula,2025,10,unchanged,0.92545,0.03293,0.04163
ConfliBERT-v2,full,single,2048,124,test,Korean Peninsula,2025,12,unchanged,0.92946,0.02873,0.04181
ConfliBERT-v2,full,single,2048,124,dev,Taiwan Strait,2025,1,unchanged,0.93243,0.02997,0.03759
ConfliBERT-v2,full,single,2048,124,dev,Taiwan Strait,2025,2,unchanged,0.93155,0.0309,0.03756
ConfliBERT-v2,full,single,2048,124,dev,Taiwan Strait,2025,3,unchanged,0.93378,0.02887,0.03736
ConfliBERT-v2,full,single,2048,124,test,Taiwan Strait,2025,6,unchanged,0.93715,0.02679,0.03605
ConfliBERT-v2,full,single,2048,124,test,Taiwan Strait,2025,6,unchanged,0.93623,0.02719,0.03659
ConfliBERT-v2,full,single,2048,124,test,Taiwan Strait,2025,7,unchanged,0.93928,0.02543,0.0353
ConfliBERT-v2,full,single,2048,124,test,Taiwan Strait,2025,7,unchanged,0.94124,0.02393,0.03482
ConfliBERT-v2,full,single,2048,124,test,Taiwan Strait,2025,10,unchanged,0.94277,0.02235,0.03488
ConfliBERT-v2,full,single,2048,124,test,Taiwan Strait,2025,12,deteriorated,0.93869,0.02463,0.03668
ConfliBERT-v2,full,single,2048,124,dev,Afghanistan,2025,1,unchanged,0.73401,0.20805,0.05794
ConfliBERT-v2,full,single,2048,124,dev,Afghanistan,2025,2,unchanged,0.76155,0.18018,0.05827
ConfliBERT-v2,full,single,2048,124,dev,Afghanistan,2025,3,unchanged,0.76096,0.18216,0.05687
ConfliBERT-v2,full,single,2048,124,test,Afghanistan,2025,7,unchanged,0.89605,0.05339,0.05055
ConfliBERT-v2,full,single,2048,124,test,Afghanistan,2025,7,unchanged,0.91588,0.03993,0.0442
ConfliBERT-v2,full,single,2048,124,test,Afghanistan,2025,12,unchanged,0.24294,0.73239,0.02467
ConfliBERT-v2,full,single,2048,124,dev,Bangladesh,2025,1,unchanged,0.91259,0.04268,0.04473
ConfliBERT-v2,full,single,2048,124,dev,Bangladesh,2025,2,unchanged,0.87856,0.0699,0.05154
ConfliBERT-v2,full,single,2048,124,dev,Bangladesh,2025,3,unchanged,0.76386,0.17949,0.05665
ConfliBERT-v2,full,single,2048,124,test,Bangladesh,2025,6,unchanged,0.89568,0.05379,0.05053
ConfliBERT-v2,full,single,2048,124,test,Bangladesh,2025,6,unchanged,0.91691,0.03814,0.04494
ConfliBERT-v2,full,single,2048,124,test,Bangladesh,2025,7,unchanged,0.91627,0.03812,0.04562
ConfliBERT-v2,full,single,2048,124,test,Bangladesh,2025,7,unchanged,0.92133,0.0349,0.04377
ConfliBERT-v2,full,single,2048,124,test,Bangladesh,2025,10,unchanged,0.91086,0.04161,0.04753
ConfliBERT-v2,full,single,2048,124,test,Bangladesh,2025,12,deteriorated,0.81893,0.1189,0.06217
ConfliBERT-v2,full,single,2048,124,dev,India,2025,1,unchanged,0.92678,0.03376,0.03947
ConfliBERT-v2,full,single,2048,124,dev,India,2025,2,unchanged,0.92433,0.03474,0.04093
ConfliBERT-v2,full,single,2048,124,dev,India,2025,3,unchanged,0.92305,0.03607,0.04087
ConfliBERT-v2,full,single,2048,124,test,India,2025,6,unchanged,0.92089,0.03801,0.0411
ConfliBERT-v2,full,single,2048,124,test,India,2025,6,unchanged,0.92364,0.03609,0.04027
ConfliBERT-v2,full,single,2048,124,test,India,2025,7,unchanged,0.92934,0.0323,0.03836
ConfliBERT-v2,full,single,2048,124,test,India,2025,7,unchanged,0.93467,0.02822,0.0371
ConfliBERT-v2,full,single,2048,124,test,India,2025,10,improved,0.93659,0.02535,0.03806
ConfliBERT-v2,full,single,2048,124,test,India,2025,12,unchanged,0.92997,0.02852,0.0415
ConfliBERT-v2,full,single,2048,124,dev,Pakistan,2025,1,unchanged,0.46754,0.48617,0.04629
ConfliBERT-v2,full,single,2048,124,dev,Pakistan,2025,2,unchanged,0.21326,0.7635,0.02324
ConfliBERT-v2,full,single,2048,124,dev,Pakistan,2025,3,unchanged,0.04401,0.95215,0.00383
ConfliBERT-v2,full,single,2048,124,test,Pakistan,2025,6,unchanged,0.41611,0.54696,0.03693
ConfliBERT-v2,full,single,2048,124,test,Pakistan,2025,6,unchanged,0.73941,0.20533,0.05526
ConfliBERT-v2,full,single,2048,124,test,Pakistan,2025,7,unchanged,0.78498,0.15948,0.05555
ConfliBERT-v2,full,single,2048,124,test,Pakistan,2025,7,unchanged,0.87566,0.07416,0.05018
ConfliBERT-v2,full,single,2048,124,test,Pakistan,2025,12,unchanged,0.2936,0.67733,0.02907
ConfliBERT-v2,full,single,2048,124,dev,Sri Lanka,2025,1,unchanged,0.92966,0.03257,0.03778
ConfliBERT-v2,full,single,2048,124,dev,Sri Lanka,2025,2,unchanged,0.93292,0.02976,0.03732
ConfliBERT-v2,full,single,2048,124,dev,Sri Lanka,2025,3,unchanged,0.93293,0.02795,0.03911
ConfliBERT-v2,full,single,2048,124,test,Sri Lanka,2025,6,unchanged,0.93216,0.02996,0.03788
ConfliBERT-v2,full,single,2048,124,test,Sri Lanka,2025,6,unchanged,0.93432,0.02888,0.0368
ConfliBERT-v2,full,single,2048,124,test,Sri Lanka,2025,7,unchanged,0.93527,0.02846,0.03626
ConfliBERT-v2,full,single,2048,124,test,Sri Lanka,2025,7,unchanged,0.94023,0.02525,0.03452
ConfliBERT-v2,full,single,2048,124,test,Sri Lanka,2025,10,unchanged,0.9383,0.0256,0.0361
ConfliBERT-v2,full,single,2048,124,test,Sri Lanka,2025,12,unchanged,0.93694,0.02439,0.03867
ConfliBERT-v2,full,single,2048,124,dev,Myanmar,2025,1,unchanged,0.87687,0.06922,0.05391
ConfliBERT-v2,full,single,2048,124,dev,Myanmar,2025,2,unchanged,0.84984,0.09498,0.05518
ConfliBERT-v2,full,single,2048,124,dev,Myanmar,2025,3,unchanged,0.86099,0.08525,0.05377
ConfliBERT-v2,full,single,2048,124,test,Myanmar,2025,6,unchanged,0.86083,0.08457,0.0546
ConfliBERT-v2,full,single,2048,124,test,Myanmar,2025,6,unchanged,0.88564,0.06517,0.04919
ConfliBERT-v2,full,single,2048,124,test,Myanmar,2025,7,unchanged,0.90068,0.05121,0.04811
ConfliBERT-v2,full,single,2048,124,test,Myanmar,2025,7,unchanged,0.92099,0.03627,0.04274
ConfliBERT-v2,full,single,2048,124,test,Myanmar,2025,10,unchanged,0.91724,0.03816,0.04461
ConfliBERT-v2,full,single,2048,124,test,Myanmar,2025,12,unchanged,0.87713,0.06978,0.05309
ConfliBERT-v2,full,single,2048,124,dev,Philippines,2025,1,unchanged,0.93685,0.02596,0.03719
ConfliBERT-v2,full,single,2048,124,dev,Philippines,2025,2,unchanged,0.93714,0.02537,0.03749
ConfliBERT-v2,full,single,2048,124,dev,Philippines,2025,3,unchanged,0.93777,0.02558,0.03665
ConfliBERT-v2,full,single,2048,124,test,Philippines,2025,6,unchanged,0.94116,0.0232,0.03565
ConfliBERT-v2,full,single,2048,124,test,Philippines,2025,6,unchanged,0.94295,0.0227,0.03435
ConfliBERT-v2,full,single,2048,124,test,Philippines,2025,7,unchanged,0.94411,0.02203,0.03386
ConfliBERT-v2,full,single,2048,124,test,Philippines,2025,7,unchanged,0.94587,0.02073,0.03339
ConfliBERT-v2,full,single,2048,124,test,Philippines,2025,10,unchanged,0.93983,0.02485,0.03532
ConfliBERT-v2,full,single,2048,124,test,Philippines,2025,12,unchanged,0.93603,0.02534,0.03863
ConfliBERT-v2,full,single,2048,124,dev,South China Sea,2025,1,unchanged,0.9319,0.03139,0.0367
ConfliBERT-v2,full,single,2048,124,dev,South China Sea,2025,2,unchanged,0.9285,0.03435,0.03714
ConfliBERT-v2,full,single,2048,124,dev,South China Sea,2025,3,unchanged,0.92617,0.03619,0.03764
ConfliBERT-v2,full,single,2048,124,test,South China Sea,2025,6,unchanged,0.9339,0.03073,0.03537
ConfliBERT-v2,full,single,2048,124,test,South China Sea,2025,6,unchanged,0.93478,0.02981,0.03541
ConfliBERT-v2,full,single,2048,124,test,South China Sea,2025,7,unchanged,0.93543,0.02914,0.03543
ConfliBERT-v2,full,single,2048,124,test,South China Sea,2025,7,unchanged,0.93745,0.02787,0.03468
ConfliBERT-v2,full,single,2048,124,test,South China Sea,2025,10,unchanged,0.93434,0.03027,0.03539
ConfliBERT-v2,full,single,2048,124,test,South China Sea,2025,12,unchanged,0.93998,0.02525,0.03478
ConfliBERT-v2,full,single,2048,124,dev,Thailand,2025,1,unchanged,0.93965,0.02334,0.03701
ConfliBERT-v2,full,single,2048,124,dev,Thailand,2025,2,unchanged,0.93912,0.02503,0.03585
ConfliBERT-v2,full,single,2048,124,dev,Thailand,2025,3,unchanged,0.94296,0.02133,0.03572
ConfliBERT-v2,full,single,2048,124,test,Thailand,2025,6,deteriorated,0.94116,0.0232,0.03565
ConfliBERT-v2,full,single,2048,124,test,Thailand,2025,6,deteriorated,0.93883,0.02561,0.03556
ConfliBERT-v2,full,single,2048,124,test,Thailand,2025,7,unchanged,0.93441,0.02672,0.03887
ConfliBERT-v2,full,single,2048,124,test,Thailand,2025,7,unchanged,0.93203,0.0295,0.03847
ConfliBERT-v2,full,single,2048,124,test,Thailand,2025,10,improved,0.93611,0.02614,0.03774
ConfliBERT-v2,full,single,2048,124,test,Thailand,2025,12,unchanged,0.94184,0.02164,0.03652
ConfliBERT-v2,full,single,2048,124,test,Guatemala,2025,10,unchanged,0.89574,0.04425,0.06001
ConfliBERT-v2,full,single,2048,124,dev,Bolivia,2025,1,unchanged,0.10919,0.87789,0.01292
ConfliBERT-v2,full,single,2048,124,dev,Bolivia,2025,2,unchanged,0.34149,0.61836,0.04015
ConfliBERT-v2,full,single,2048,124,test,Bolivia,2025,10,improved,0.85344,0.08617,0.06039
ConfliBERT-v2,full,single,2048,124,test,Bolivia,2025,12,unchanged,0.69083,0.2405,0.06867
ConfliBERT-v2,full,single,2048,124,dev,Peru,2025,3,unchanged,0.53725,0.40872,0.05403
ConfliBERT-v2,full,single,2048,124,test,Peru,2025,10,deteriorated,0.03401,0.96325,0.00275
ConfliBERT-v2,full,single,2048,124,test,Madagascar,2025,10,deteriorated,0.01917,0.97927,0.00157
ConfliBERT-v2,full,single,2048,124,dev,Guinea-Bissau,2025,2,deteriorated,0.01036,0.98864,0.00101
ConfliBERT-v2,full,single,2048,124,dev,Guinea-Bissau,2025,2,deteriorated,0.06342,0.92926,0.00732
ConfliBERT-v2,full,single,2048,124,dev,Guinea-Bissau,2025,3,unchanged,0.0767,0.91362,0.00968
ConfliBERT-v2,full,single,2048,124,test,Guinea-Bissau,2025,12,unchanged,0.14763,0.83008,0.02229
ConfliBERT-v2,full,single,2048,124,dev,Guyana,2025,3,unchanged,0.84441,0.09813,0.05746
ConfliBERT-v2,full,single,2048,124,dev,Jordan,2025,2,unchanged,0.85718,0.08929,0.05353
ConfliBERT-v2,full,single,2048,124,test,Kazakhstan,2026,3,unchanged,0.9218,0.0274,0.0508
ConfliBERT-v2,full,single,2048,124,dev,Togo,2025,2,unchanged,0.6103,0.33181,0.05789
ConfliBERT-v2,full,single,2048,124,dev,Togo,2025,2,unchanged,0.88895,0.06644,0.04461
ConfliBERT-v2,full,single,2048,124,dev,Togo,2025,3,unchanged,0.93384,0.02608,0.04008
ConfliBERT-v2,full,single,2048,124,test,Togo,2025,7,unchanged,0.39488,0.55905,0.04607
ConfliBERT-v2,full,single,2048,124,test,Togo,2025,10,unchanged,0.27777,0.69424,0.02799
ConfliBERT-v2,full,single,2048,124,test,Papua New Guinea,2025,10,unchanged,0.94382,0.01959,0.0366
ConfliBERT-v2,full,single,2048,124,test,Cambodia,2025,7,unchanged,0.76177,0.18129,0.05693
ConfliBERT-v2,full,single,2048,124,test,Cambodia,2025,7,unchanged,0.92319,0.0384,0.0384
ConfliBERT-v2,full,single,2048,124,test,Brazil,2025,10,unchanged,0.01354,0.98547,0.00099
ConfliBERT-v2,full,single,2048,124,test,Angola,2025,7,deteriorated,0.00983,0.98947,0.00069
ConfliBERT-v2,full,single,2048,124,dev,Indonesia,2025,1,unchanged,0.93596,0.02718,0.03686
ConfliBERT-v2,full,single,2048,124,dev,Indonesia,2025,2,unchanged,0.93265,0.02975,0.0376
ConfliBERT-v2,full,single,2048,124,dev,Indonesia,2025,3,unchanged,0.92512,0.03423,0.04065
ConfliBERT-v2,full,single,2048,124,test,Indonesia,2025,6,unchanged,0.92955,0.02896,0.04148
ConfliBERT-v2,full,single,2048,124,test,Indonesia,2025,6,unchanged,0.93374,0.02712,0.03915
ConfliBERT-v2,full,single,2048,124,test,Indonesia,2025,7,unchanged,0.9362,0.02635,0.03745
ConfliBERT-v2,full,single,2048,124,test,Indonesia,2025,7,unchanged,0.94244,0.02323,0.03433
ConfliBERT-v2,full,single,2048,124,test,Indonesia,2025,10,unchanged,0.93674,0.02637,0.03689
ConfliBERT-v2,full,single,2048,124,test,Indonesia,2025,12,unchanged,0.93273,0.02565,0.04163
ConfliBERT-v2,full,single,2048,124,test,Ghana,2025,7,unchanged,0.36552,0.60737,0.02711
ConfliBERT-v2,full,single,2048,124,dev,South Africa,2025,1,unchanged,0.91672,0.03904,0.04424
ConfliBERT-v2,full,single,2048,124,dev,South Africa,2025,2,unchanged,0.91164,0.04297,0.04539
ConfliBERT-v2,full,single,2048,124,dev,South Africa,2025,2,unchanged,0.9273,0.031,0.04171
ConfliBERT-v2,full,single,2048,124,dev,South Africa,2025,3,unchanged,0.91738,0.03937,0.04324
ConfliBERT-v2,full,single,2048,124,test,South Africa,2025,7,unchanged,0.92758,0.02801,0.04441
ConfliBERT-v2,full,single,2048,124,test,South Africa,2025,10,unchanged,0.94144,0.01909,0.03947
ConfliBERT-v2,full,single,2048,124,test,South Africa,2025,12,unchanged,0.92875,0.02849,0.04276
ConfliBERT-v2,full,single,2048,124,test,Qatar,2025,6,unchanged,0.42941,0.53233,0.03826
ConfliBERT-v2,full,single,2048,124,test,Qatar,2025,6,unchanged,0.83488,0.12122,0.0439
ConfliBERT-v2,full,single,2048,124,test,Morocco,2025,10,deteriorated,0.01735,0.9809,0.00175
ConfliBERT-v2,full,single,2048,124,dev,Comoros Islands,2025,1,unchanged,0.07153,0.91858,0.00989
ConfliBERT-v2,full,single,2048,124,dev,Russia/U.S.,2025,1,unchanged,0.92502,0.03369,0.04128
ConfliBERT-v2,full,single,2048,124,dev,Russia/U.S.,2025,2,unchanged,0.88091,0.069,0.05009
ConfliBERT-v2,full,single,2048,124,dev,Amazon,2025,1,unchanged,0.89308,0.05534,0.05158
ConfliBERT-v2,full,single,2048,124,dev,Amazon,2025,2,unchanged,0.89565,0.05421,0.05014
ConfliBERT-v2,full,single,2048,124,dev,Amazon,2025,3,unchanged,0.91086,0.04161,0.04753
ConfliBERT-v2,full,single,2048,124,test,Amazon,2025,7,deteriorated,0.93186,0.02623,0.04191
ConfliBERT-v2,full,single,2048,124,test,Amazon,2025,10,unchanged,0.93303,0.02565,0.04132
ConfliBERT-v2,full,single,2048,124,test,Amazon,2025,12,unchanged,0.93168,0.0277,0.04062
ConfliBERT-v2,full,single,2048,124,test,China-U.S.,2025,6,unchanged,0.9349,0.02591,0.0392
ConfliBERT-v2,full,single,2048,124,test,China-U.S.,2025,6,unchanged,0.93615,0.02697,0.03687
ConfliBERT-v2,full,single,2048,124,test,China-U.S.,2025,10,improved,0.93696,0.027,0.03605
ConfliBERT-v2,full,single,2048,124,test,China-U.S.,2025,12,unchanged,0.93983,0.02485,0.03532
ConfliBERT-v2,full,single,2048,124,dev,Cook Islands,2025,2,unchanged,0.91767,0.037,0.04533
ConfliBERT-v2,full,single,2048,124,dev,Tasman Sea,2025,2,unchanged,0.92595,0.03399,0.04005
ConfliBERT-v2,full,single,2048,124,test,New Caledonia,2025,7,improved,0.74262,0.18776,0.06962
ConfliBERT-v2,full,single,2048,124,test,New Caledonia,2025,7,improved,0.90395,0.0514,0.04465
ConfliBERT-v2,full,single,2048,125,dev,Cameroon,2025,1,unchanged,1.0,0.0,0.0
ConfliBERT-v2,full,single,2048,125,dev,Cameroon,2025,2,unchanged,1.0,0.0,0.0
ConfliBERT-v2,full,single,2048,125,dev,Cameroon,2025,2,unchanged,1.0,0.0,0.0
ConfliBERT-v2,full,single,2048,125,dev,Cameroon,2025,3,unchanged,0.99998,0.0,2e-05
ConfliBERT-v2,full,single,2048,125,test,Cameroon,2025,7,unchanged,0.99997,1e-05,2e-05
ConfliBERT-v2,full,single,2048,125,test,Cameroon,2025,12,unchanged,0.99999,0.0,1e-05
ConfliBERT-v2,full,single,2048,125,dev,Chad,2025,1,unchanged,0.99988,5e-05,6e-05
ConfliBERT-v2,full,single,2048,125,dev,Chad,2025,2,unchanged,0.99926,0.00067,7e-05
ConfliBERT-v2,full,single,2048,125,dev,Chad,2025,2,unchanged,0.99996,2e-05,3e-05
ConfliBERT-v2,full,single,2048,125,dev,Chad,2025,3,unchanged,0.98404,0.001,0.01496
ConfliBERT-v2,full,single,2048,125,test,Chad,2025,7,unchanged,0.99999,0.0,1e-05
ConfliBERT-v2,full,single,2048,125,test,Chad,2025,10,deteriorated,0.99999,0.0,0.0
ConfliBERT-v2,full,single,2048,125,test,Chad,2025,12,unchanged,0.99834,0.00162,4e-05
ConfliBERT-v2,full,single,2048,125,dev,Gabon,2025,1,unchanged,0.99999,0.0,1e-05
ConfliBERT-v2,full,single,2048,125,dev,Gabon,2025,3,unchanged,0.99999,0.0,1e-05
ConfliBERT-v2,full,single,2048,125,dev,Kenya,2025,1,unchanged,1.0,0.0,0.0
ConfliBERT-v2,full,single,2048,125,dev,Kenya,2025,2,unchanged,0.99999,0.0,1e-05
ConfliBERT-v2,full,single,2048,125,dev,Kenya,2025,2,unchanged,1.0,0.0,0.0
ConfliBERT-v2,full,single,2048,125,dev,Kenya,2025,3,unchanged,0.99977,0.0,0.00023
ConfliBERT-v2,full,single,2048,125,test,Kenya,2025,7,deteriorated,2e-05,0.99998,0.0
ConfliBERT-v2,full,single,2048,125,test,Kenya,2025,10,unchanged,0.00012,0.99988,0.0
ConfliBERT-v2,full,single,2048,125,test,Kenya,2025,12,unchanged,0.99986,1e-05,0.00013
ConfliBERT-v2,full,single,2048,125,dev,Mozambique,2025,1,improved,0.63703,0.0,0.36297
ConfliBERT-v2,full,single,2048,125,dev,Mozambique,2025,2,unchanged,0.99994,5e-05,1e-05
ConfliBERT-v2,full,single,2048,125,dev,Mozambique,2025,2,unchanged,0.99999,0.0,1e-05
ConfliBERT-v2,full,single,2048,125,dev,Mozambique,2025,3,improved,0.00147,0.0,0.99853
ConfliBERT-v2,full,single,2048,125,test,Mozambique,2025,7,unchanged,0.99999,0.0,1e-05
ConfliBERT-v2,full,single,2048,125,test,Mozambique,2025,10,unchanged,1.0,0.0,0.0
ConfliBERT-v2,full,single,2048,125,test,Mozambique,2025,12,unchanged,0.99999,0.0,0.0
ConfliBERT-v2,full,single,2048,125,dev,Tanzania,2025,1,unchanged,1.0,0.0,0.0
ConfliBERT-v2,full,single,2048,125,dev,Tanzania,2025,2,unchanged,1.0,0.0,0.0
ConfliBERT-v2,full,single,2048,125,dev,Tanzania,2025,2,unchanged,1.0,0.0,0.0
ConfliBERT-v2,full,single,2048,125,dev,Tanzania,2025,3,unchanged,1.0,0.0,0.0
ConfliBERT-v2,full,single,2048,125,test,Tanzania,2025,7,unchanged,1.0,0.0,0.0
ConfliBERT-v2,full,single,2048,125,test,Tanzania,2025,12,unchanged,0.99985,0.00013,3e-05
ConfliBERT-v2,full,single,2048,125,dev,Zimbabwe,2025,1,unchanged,1.0,0.0,0.0
ConfliBERT-v2,full,single,2048,125,dev,Zimbabwe,2025,2,unchanged,1.0,0.0,0.0
ConfliBERT-v2,full,single,2048,125,dev,Zimbabwe,2025,2,unchanged,1.0,0.0,0.0
ConfliBERT-v2,full,single,2048,125,dev,Zimbabwe,2025,3,deteriorated,1.0,0.0,0.0
ConfliBERT-v2,full,single,2048,125,test,Zimbabwe,2025,7,unchanged,1.0,0.0,0.0
ConfliBERT-v2,full,single,2048,125,test,Zimbabwe,2025,10,unchanged,1.0,0.0,0.0
ConfliBERT-v2,full,single,2048,125,test,Zimbabwe,2025,12,unchanged,1.0,0.0,0.0
ConfliBERT-v2,full,single,2048,125,test,Burundi,2025,7,unchanged,0.99999,0.0,1e-05
ConfliBERT-v2,full,single,2048,125,test,Burundi,2025,10,unchanged,1.0,0.0,0.0
ConfliBERT-v2,full,single,2048,125,test,DR Congo,2025,10,unchanged,0.99995,1e-05,3e-05
ConfliBERT-v2,full,single,2048,125,test,DR Congo,2025,12,deteriorated,0.40352,0.59636,0.00012
ConfliBERT-v2,full,single,2048,125,dev,Rwanda,2025,2,unchanged,1.0,0.0,0.0
ConfliBERT-v2,full,single,2048,125,dev,Rwanda,2025,2,unchanged,1.0,0.0,0.0
ConfliBERT-v2,full,single,2048,125,dev,Rwanda,2025,3,unchanged,0.99996,0.0,4e-05
ConfliBERT-v2,full,single,2048,125,test,Rwanda,2025,7,unchanged,0.99998,0.0,2e-05
ConfliBERT-v2,full,single,2048,125,test,Rwanda,2025,10,unchanged,0.99997,0.0,3e-05
ConfliBERT-v2,full,single,2048,125,test,Rwanda,2025,12,unchanged,0.99979,3e-05,0.00018
ConfliBERT-v2,full,single,2048,125,dev,Uganda,2025,1,unchanged,1.0,0.0,0.0
ConfliBERT-v2,full,single,2048,125,dev,Uganda,2025,2,unchanged,0.99911,0.00089,0.0
ConfliBERT-v2,full,single,2048,125,dev,Uganda,2025,2,unchanged,1.0,0.0,0.0
ConfliBERT-v2,full,single,2048,125,dev,Uganda,2025,3,unchanged,0.99598,0.00401,1e-05
ConfliBERT-v2,full,single,2048,125,test,Uganda,2025,7,unchanged,0.00066,0.99934,0.0
ConfliBERT-v2,full,single,2048,125,test,Uganda,2025,10,unchanged,0.0001,0.9999,0.0
ConfliBERT-v2,full,single,2048,125,dev,Eritrea,2025,1,unchanged,1.0,0.0,0.0
ConfliBERT-v2,full,single,2048,125,dev,Eritrea,2025,2,unchanged,1.0,0.0,0.0
ConfliBERT-v2,full,single,2048,125,dev,Eritrea,2025,2,unchanged,1.0,0.0,0.0
ConfliBERT-v2,full,single,2048,125,test,Eritrea,2025,7,unchanged,1.0,0.0,0.0
ConfliBERT-v2,full,single,2048,125,test,Eritrea,2025,10,unchanged,1.0,0.0,0.0
ConfliBERT-v2,full,single,2048,125,test,Eritrea,2025,12,unchanged,1.0,0.0,0.0
ConfliBERT-v2,full,single,2048,125,dev,Ethiopia,2025,1,unchanged,0.99999,0.0,1e-05
ConfliBERT-v2,full,single,2048,125,dev,Ethiopia,2025,2,unchanged,1.0,0.0,0.0
ConfliBERT-v2,full,single,2048,125,dev,Ethiopia,2025,2,unchanged,1.0,0.0,0.0
ConfliBERT-v2,full,single,2048,125,test,Ethiopia,2025,7,unchanged,0.99998,1e-05,0.0
ConfliBERT-v2,full,single,2048,125,test,Ethiopia,2025,10,unchanged,0.995,0.00483,0.00017
ConfliBERT-v2,full,single,2048,125,test,Ethiopia,2025,12,deteriorated,0.0,1.0,0.0
ConfliBERT-v2,full,single,2048,125,test,Nile Waters,2025,7,unchanged,1.0,0.0,0.0
ConfliBERT-v2,full,single,2048,125,test,Nile Waters,2025,10,unchanged,0.98798,0.01201,1e-05
ConfliBERT-v2,full,single,2048,125,test,Nile Waters,2025,12,unchanged,0.99999,0.0,0.0
ConfliBERT-v2,full,single,2048,125,dev,Somalia,2025,1,unchanged,0.99995,0.0,5e-05
ConfliBERT-v2,full,single,2048,125,dev,Somalia,2025,2,unchanged,0.99994,2e-05,4e-05
ConfliBERT-v2,full,single,2048,125,dev,Somalia,2025,2,unchanged,0.99993,2e-05,5e-05
ConfliBERT-v2,full,single,2048,125,dev,Somalia,2025,3,unchanged,0.99996,2e-05,2e-05
ConfliBERT-v2,full,single,2048,125,test,Somalia,2025,7,deteriorated,0.99991,7e-05,2e-05
ConfliBERT-v2,full,single,2048,125,test,Somalia,2025,10,unchanged,0.99998,1e-05,2e-05
ConfliBERT-v2,full,single,2048,125,test,Somalia,2025,12,unchanged,0.01798,0.00049,0.98153
ConfliBERT-v2,full,single,2048,125,dev,Somaliland,2025,1,unchanged,1.0,0.0,0.0
ConfliBERT-v2,full,single,2048,125,dev,Somaliland,2025,2,unchanged,0.99999,0.0,1e-05
ConfliBERT-v2,full,single,2048,125,dev,Somaliland,2025,2,unchanged,0.99999,0.0,1e-05
ConfliBERT-v2,full,single,2048,125,dev,Somaliland,2025,3,unchanged,0.01869,0.9813,1e-05
ConfliBERT-v2,full,single,2048,125,test,Somaliland,2025,7,unchanged,0.99996,0.0,4e-05
ConfliBERT-v2,full,single,2048,125,test,Somaliland,2025,10,unchanged,0.99994,0.0,6e-05
ConfliBERT-v2,full,single,2048,125,test,Somaliland,2025,12,unchanged,0.0,1.0,0.0
ConfliBERT-v2,full,single,2048,125,dev,South Sudan,2025,1,unchanged,0.99965,1e-05,0.00035
ConfliBERT-v2,full,single,2048,125,dev,South Sudan,2025,2,unchanged,0.99996,3e-05,0.0
ConfliBERT-v2,full,single,2048,125,dev,South Sudan,2025,2,unchanged,0.99999,0.0,0.0
ConfliBERT-v2,full,single,2048,125,test,South Sudan,2025,7,unchanged,0.99999,0.0,1e-05
ConfliBERT-v2,full,single,2048,125,test,South Sudan,2025,10,unchanged,0.99997,0.0,3e-05
ConfliBERT-v2,full,single,2048,125,test,South Sudan,2025,12,unchanged,0.99851,0.00146,3e-05
ConfliBERT-v2,full,single,2048,125,dev,Sudan,2025,2,deteriorated,0.00015,0.99984,0.0
ConfliBERT-v2,full,single,2048,125,dev,Sudan,2025,2,deteriorated,0.01146,0.98851,3e-05
ConfliBERT-v2,full,single,2048,125,dev,Sudan,2025,3,unchanged,0.10045,0.82078,0.07877
ConfliBERT-v2,full,single,2048,125,test,Sudan,2025,7,unchanged,0.00591,0.99407,2e-05
ConfliBERT-v2,full,single,2048,125,test,Sudan,2025,12,unchanged,0.99546,0.00423,0.00031
ConfliBERT-v2,full,single,2048,125,dev,Burkina Faso,2025,1,unchanged,1.0,0.0,0.0
ConfliBERT-v2,full,single,2048,125,dev,Burkina Faso,2025,2,unchanged,1.0,0.0,0.0
ConfliBERT-v2,full,single,2048,125,dev,Burkina Faso,2025,2,unchanged,1.0,0.0,0.0
ConfliBERT-v2,full,single,2048,125,dev,Burkina Faso,2025,3,deteriorated,4e-05,0.99996,0.0
ConfliBERT-v2,full,single,2048,125,test,Burkina Faso,2025,7,unchanged,0.9861,0.01385,5e-05
ConfliBERT-v2,full,single,2048,125,test,Burkina Faso,2025,10,unchanged,1.0,0.0,0.0
ConfliBERT-v2,full,single,2048,125,test,Burkina Faso,2025,12,unchanged,0.99999,1e-05,0.0
ConfliBERT-v2,full,single,2048,125,dev,Guinea,2025,1,unchanged,1.0,0.0,0.0
ConfliBERT-v2,full,single,2048,125,dev,Guinea,2025,2,unchanged,1.0,0.0,0.0
ConfliBERT-v2,full,single,2048,125,dev,Guinea,2025,2,unchanged,1.0,0.0,0.0
ConfliBERT-v2,full,single,2048,125,dev,Guinea,2025,3,unchanged,1.0,0.0,0.0
ConfliBERT-v2,full,single,2048,125,test,Guinea,2025,7,unchanged,1.0,0.0,0.0
ConfliBERT-v2,full,single,2048,125,test,Guinea,2025,10,unchanged,1.0,0.0,0.0
ConfliBERT-v2,full,single,2048,125,test,Guinea,2025,12,unchanged,0.98582,1e-05,0.01417
ConfliBERT-v2,full,single,2048,125,dev,Nigeria,2025,1,unchanged,0.99998,0.0,1e-05
ConfliBERT-v2,full,single,2048,125,dev,Nigeria,2025,2,unchanged,0.99998,0.0,1e-05
ConfliBERT-v2,full,single,2048,125,dev,Nigeria,2025,2,unchanged,0.99998,0.0,1e-05
ConfliBERT-v2,full,single,2048,125,dev,Nigeria,2025,3,unchanged,0.99995,3e-05,2e-05
ConfliBERT-v2,full,single,2048,125,test,Nigeria,2025,7,unchanged,0.99985,0.00012,2e-05
ConfliBERT-v2,full,single,2048,125,test,Nigeria,2025,10,unchanged,0.99994,5e-05,0.0
ConfliBERT-v2,full,single,2048,125,test,Nigeria,2025,12,unchanged,0.99997,2e-05,1e-05
ConfliBERT-v2,full,single,2048,125,dev,Senegal,2025,2,unchanged,0.03622,0.0,0.96378
ConfliBERT-v2,full,single,2048,125,dev,Senegal,2025,2,unchanged,0.99945,0.0,0.00055
ConfliBERT-v2,full,single,2048,125,dev,Kosovo,2025,1,unchanged,1.0,0.0,0.0
ConfliBERT-v2,full,single,2048,125,dev,Kosovo,2025,2,unchanged,0.99995,2e-05,2e-05
ConfliBERT-v2,full,single,2048,125,dev,Kosovo,2025,3,unchanged,1.0,0.0,0.0
ConfliBERT-v2,full,single,2048,125,test,Kosovo,2025,7,unchanged,1.0,0.0,0.0
ConfliBERT-v2,full,single,2048,125,test,Kosovo,2025,10,unchanged,0.99956,1e-05,0.00043
ConfliBERT-v2,full,single,2048,125,test,Kosovo,2025,12,unchanged,0.00123,5e-05,0.99873
ConfliBERT-v2,full,single,2048,125,test,Kosovo,2026,3,unchanged,0.99991,1e-05,8e-05
ConfliBERT-v2,full,single,2048,125,dev,Armenia,2025,1,unchanged,1.0,0.0,0.0
ConfliBERT-v2,full,single,2048,125,dev,Armenia,2025,2,unchanged,1.0,0.0,0.0
ConfliBERT-v2,full,single,2048,125,dev,Armenia,2025,3,unchanged,0.99848,0.0,0.00152
ConfliBERT-v2,full,single,2048,125,test,Armenia,2025,7,unchanged,0.60019,0.0,0.39981
ConfliBERT-v2,full,single,2048,125,test,Armenia,2025,10,unchanged,0.99998,0.0,2e-05
ConfliBERT-v2,full,single,2048,125,test,Armenia,2025,12,unchanged,1.0,0.0,0.0
ConfliBERT-v2,full,single,2048,125,test,Armenia,2026,3,unchanged,1.0,0.0,0.0
ConfliBERT-v2,full,single,2048,125,dev,Azerbaijan,2025,1,unchanged,1.0,0.0,0.0
ConfliBERT-v2,full,single,2048,125,dev,Azerbaijan,2025,2,unchanged,1.0,0.0,0.0
ConfliBERT-v2,full,single,2048,125,dev,Azerbaijan,2025,3,unchanged,0.99892,0.0,0.00108
ConfliBERT-v2,full,single,2048,125,test,Azerbaijan,2025,7,unchanged,0.46879,0.0,0.53121
ConfliBERT-v2,full,single,2048,125,test,Azerbaijan,2025,10,unchanged,0.99999,0.0,1e-05
ConfliBERT-v2,full,single,2048,125,test,Azerbaijan,2025,12,unchanged,1.0,0.0,0.0
ConfliBERT-v2,full,single,2048,125,test,Azerbaijan,2026,3,unchanged,1.0,0.0,0.0
ConfliBERT-v2,full,single,2048,125,dev,Georgia,2025,1,unchanged,1.0,0.0,0.0
ConfliBERT-v2,full,single,2048,125,dev,Georgia,2025,2,unchanged,0.99999,0.0,1e-05
ConfliBERT-v2,full,single,2048,125,dev,Georgia,2025,3,unchanged,1.0,0.0,0.0
ConfliBERT-v2,full,single,2048,125,test,Georgia,2025,7,unchanged,1.0,0.0,0.0
ConfliBERT-v2,full,single,2048,125,test,Georgia,2025,10,unchanged,0.98866,0.01133,1e-05
ConfliBERT-v2,full,single,2048,125,test,Georgia,2025,12,unchanged,1.0,0.0,0.0
ConfliBERT-v2,full,single,2048,125,test,Georgia,2026,3,unchanged,1.0,0.0,0.0
ConfliBERT-v2,full,single,2048,125,dev,Belarus,2025,1,unchanged,0.99997,3e-05,0.0
ConfliBERT-v2,full,single,2048,125,dev,Belarus,2025,2,unchanged,1.0,0.0,0.0
ConfliBERT-v2,full,single,2048,125,dev,Belarus,2025,3,unchanged,1.0,0.0,0.0
ConfliBERT-v2,full,single,2048,125,test,Belarus,2025,7,unchanged,1.0,0.0,0.0
ConfliBERT-v2,full,single,2048,125,test,Belarus,2025,10,unchanged,1.0,0.0,0.0
ConfliBERT-v2,full,single,2048,125,test,Belarus,2025,12,unchanged,1.0,0.0,0.0
ConfliBERT-v2,full,single,2048,125,test,Belarus,2026,3,unchanged,0.99997,0.0,3e-05
ConfliBERT-v2,full,single,2048,125,dev,Ukraine,2025,1,unchanged,0.99999,0.0,0.0
ConfliBERT-v2,full,single,2048,125,dev,Ukraine,2025,2,unchanged,1.0,0.0,0.0
ConfliBERT-v2,full,single,2048,125,dev,Ukraine,2025,3,unchanged,0.99991,0.0,9e-05
ConfliBERT-v2,full,single,2048,125,test,Ukraine,2025,12,unchanged,0.99994,1e-05,5e-05
ConfliBERT-v2,full,single,2048,125,test,Ukraine,2026,3,unchanged,0.99999,0.0,0.0
ConfliBERT-v2,full,single,2048,125,dev,Cyprus,2025,1,unchanged,1.0,0.0,0.0
ConfliBERT-v2,full,single,2048,125,dev,Cyprus,2025,2,unchanged,1.0,0.0,0.0
ConfliBERT-v2,full,single,2048,125,dev,Cyprus,2025,3,unchanged,0.95186,0.0,0.04814
ConfliBERT-v2,full,single,2048,125,test,Cyprus,2025,7,unchanged,0.99997,0.0,3e-05
ConfliBERT-v2,full,single,2048,125,test,Cyprus,2025,10,unchanged,0.99988,0.0,0.00012
ConfliBERT-v2,full,single,2048,125,test,Cyprus,2025,12,unchanged,1.0,0.0,0.0
ConfliBERT-v2,full,single,2048,125,test,Cyprus,2026,3,unchanged,0.99998,2e-05,0.0
ConfliBERT-v2,full,single,2048,125,dev,Türkiye,2025,1,unchanged,0.99999,0.0,1e-05
ConfliBERT-v2,full,single,2048,125,dev,Türkiye,2025,3,deteriorated,1e-05,0.99999,0.0
ConfliBERT-v2,full,single,2048,125,test,Türkiye,2025,7,improved,0.99978,0.0,0.00022
ConfliBERT-v2,full,single,2048,125,test,Türkiye,2025,10,unchanged,0.9988,0.0,0.0012
ConfliBERT-v2,full,single,2048,125,test,Türkiye,2025,12,unchanged,0.99999,0.0,1e-05
ConfliBERT-v2,full,single,2048,125,test,Türkiye,2026,3,unchanged,0.99999,0.0,0.0
ConfliBERT-v2,full,single,2048,125,dev,Kyrgyzstan,2025,1,unchanged,0.99922,0.0,0.00078
ConfliBERT-v2,full,single,2048,125,dev,Kyrgyzstan,2025,2,unchanged,0.00193,0.0,0.99807
ConfliBERT-v2,full,single,2048,125,dev,Kyrgyzstan,2025,3,improved,0.00126,0.0,0.99874
ConfliBERT-v2,full,single,2048,125,test,Kyrgyzstan,2025,7,unchanged,0.99999,0.0,1e-05
ConfliBERT-v2,full,single,2048,125,test,Kyrgyzstan,2025,10,unchanged,1.0,0.0,0.0
ConfliBERT-v2,full,single,2048,125,test,Kyrgyzstan,2025,12,unchanged,1.0,0.0,0.0
ConfliBERT-v2,full,single,2048,125,test,Kyrgyzstan,2026,3,unchanged,1.0,0.0,0.0
ConfliBERT-v2,full,single,2048,125,dev,Tajikistan,2025,1,unchanged,0.99958,0.0,0.00042
ConfliBERT-v2,full,single,2048,125,dev,Tajikistan,2025,2,unchanged,0.00547,0.0,0.99453
ConfliBERT-v2,full,single,2048,125,dev,Tajikistan,2025,3,improved,0.00118,0.0,0.99882
ConfliBERT-v2,full,single,2048,125,test,Tajikistan,2025,7,unchanged,0.9999,0.0,0.0001
ConfliBERT-v2,full,single,2048,125,test,Tajikistan,2025,10,unchanged,0.99829,0.0,0.00171
ConfliBERT-v2,full,single,2048,125,test,Tajikistan,2025,12,unchanged,1.0,0.0,0.0
ConfliBERT-v2,full,single,2048,125,test,Tajikistan,2026,3,unchanged,0.99999,0.0,1e-05
ConfliBERT-v2,full,single,2048,125,dev,Uzbekistan,2025,1,unchanged,0.99993,0.0,7e-05
ConfliBERT-v2,full,single,2048,125,dev,Uzbekistan,2025,2,unchanged,0.99998,0.0,2e-05
ConfliBERT-v2,full,single,2048,125,dev,Uzbekistan,2025,3,unchanged,0.99991,0.0,9e-05
ConfliBERT-v2,full,single,2048,125,test,Uzbekistan,2025,7,unchanged,0.99997,0.0,3e-05
ConfliBERT-v2,full,single,2048,125,test,Uzbekistan,2025,10,unchanged,1.0,0.0,0.0
ConfliBERT-v2,full,single,2048,125,test,Uzbekistan,2025,12,unchanged,0.99999,0.0,1e-05
ConfliBERT-v2,full,single,2048,125,test,Uzbekistan,2026,3,unchanged,1.0,0.0,0.0
ConfliBERT-v2,full,single,2048,125,dev,Lebanon,2025,1,unchanged,0.99984,1e-05,0.00015
ConfliBERT-v2,full,single,2048,125,dev,Lebanon,2025,2,unchanged,0.99924,0.0,0.00076
ConfliBERT-v2,full,single,2048,125,dev,Lebanon,2025,3,unchanged,0.56597,0.43394,9e-05
ConfliBERT-v2,full,single,2048,125,test,Lebanon,2025,6,unchanged,0.99991,6e-05,3e-05
ConfliBERT-v2,full,single,2048,125,test,Lebanon,2025,6,unchanged,0.99998,0.0,1e-05
ConfliBERT-v2,full,single,2048,125,test,Lebanon,2025,7,unchanged,0.99746,0.00251,3e-05
ConfliBERT-v2,full,single,2048,125,test,Lebanon,2025,10,unchanged,0.99994,5e-05,1e-05
ConfliBERT-v2,full,single,2048,125,test,Lebanon,2025,12,unchanged,0.99996,3e-05,1e-05
ConfliBERT-v2,full,single,2048,125,dev,Syria,2025,1,unchanged,0.93187,0.06803,9e-05
ConfliBERT-v2,full,single,2048,125,dev,Syria,2025,2,unchanged,0.99993,2e-05,5e-05
ConfliBERT-v2,full,single,2048,125,dev,Syria,2025,3,deteriorated,8e-05,0.99991,0.0
ConfliBERT-v2,full,single,2048,125,test,Syria,2025,6,deteriorated,7e-05,0.99992,0.0
ConfliBERT-v2,full,single,2048,125,test,Syria,2025,6,deteriorated,0.00222,0.99776,2e-05
ConfliBERT-v2,full,single,2048,125,test,Syria,2025,7,deteriorated,0.0,1.0,0.0
ConfliBERT-v2,full,single,2048,125,test,Syria,2025,10,improved,0.27964,0.00628,0.71408
ConfliBERT-v2,full,single,2048,125,test,Syria,2025,12,deteriorated,1e-05,0.99999,0.0
ConfliBERT-v2,full,single,2048,125,dev,Iran,2025,1,unchanged,0.99999,0.0,1e-05
ConfliBERT-v2,full,single,2048,125,dev,Iran,2025,2,unchanged,0.99658,0.00336,7e-05
ConfliBERT-v2,full,single,2048,125,dev,Iran,2025,3,unchanged,0.99973,0.00027,1e-05
ConfliBERT-v2,full,single,2048,125,test,Iran,2025,7,unchanged,0.99292,0.00707,2e-05
ConfliBERT-v2,full,single,2048,125,test,Iran,2025,10,unchanged,1.0,0.0,0.0
ConfliBERT-v2,full,single,2048,125,test,Iran,2025,12,deteriorated,0.00012,0.99988,0.0
ConfliBERT-v2,full,single,2048,125,dev,Iraq,2025,1,unchanged,0.99998,0.0,2e-05
ConfliBERT-v2,full,single,2048,125,dev,Iraq,2025,2,unchanged,0.99998,0.0,2e-05
ConfliBERT-v2,full,single,2048,125,dev,Iraq,2025,3,unchanged,0.99998,1e-05,1e-05
ConfliBERT-v2,full,single,2048,125,test,Iraq,2025,6,unchanged,0.74905,0.2509,5e-05
ConfliBERT-v2,full,single,2048,125,test,Iraq,2025,6,unchanged,0.99998,1e-05,0.0
ConfliBERT-v2,full,single,2048,125,test,Iraq,2025,7,unchanged,0.98646,0.0,0.01353
ConfliBERT-v2,full,single,2048,125,test,Iraq,2025,10,unchanged,0.99998,1e-05,2e-05
ConfliBERT-v2,full,single,2048,125,test,Iraq,2025,12,unchanged,0.99995,0.0,5e-05
ConfliBERT-v2,full,single,2048,125,dev,Saudi Arabia,2025,1,unchanged,1.0,0.0,0.0
ConfliBERT-v2,full,single,2048,125,dev,Saudi Arabia,2025,2,unchanged,1.0,0.0,0.0
ConfliBERT-v2,full,single,2048,125,dev,Saudi Arabia,2025,3,unchanged,1.0,0.0,0.0
ConfliBERT-v2,full,single,2048,125,test,Saudi Arabia,2025,6,unchanged,0.99876,0.00124,0.0
ConfliBERT-v2,full,single,2048,125,test,Saudi Arabia,2025,6,unchanged,1.0,0.0,0.0
ConfliBERT-v2,full,single,2048,125,test,Saudi Arabia,2025,7,unchanged,1.0,0.0,0.0
ConfliBERT-v2,full,single,2048,125,test,Saudi Arabia,2025,10,unchanged,1.0,0.0,0.0
ConfliBERT-v2,full,single,2048,125,test,Saudi Arabia,2025,12,unchanged,0.0013,0.9987,0.0
ConfliBERT-v2,full,single,2048,125,test,Yemen,2025,6,unchanged,0.99995,4e-05,2e-05
ConfliBERT-v2,full,single,2048,125,test,Yemen,2025,6,unchanged,0.99999,0.0,1e-05
ConfliBERT-v2,full,single,2048,125,test,Yemen,2025,7,deteriorated,0.99999,1e-05,1e-05
ConfliBERT-v2,full,single,2048,125,dev,Algeria,2025,1,unchanged,1.0,0.0,0.0
ConfliBERT-v2,full,single,2048,125,dev,Algeria,2025,2,unchanged,0.99999,1e-05,0.0
ConfliBERT-v2,full,single,2048,125,dev,Algeria,2025,3,unchanged,0.99998,0.0,2e-05
ConfliBERT-v2,full,single,2048,125,test,Algeria,2025,6,unchanged,1.0,0.0,0.0
ConfliBERT-v2,full,single,2048,125,test,Algeria,2025,6,unchanged,1.0,0.0,0.0
ConfliBERT-v2,full,single,2048,125,test,Algeria,2025,7,unchanged,1.0,0.0,0.0
ConfliBERT-v2,full,single,2048,125,test,Algeria,2025,10,unchanged,1.0,0.0,0.0
ConfliBERT-v2,full,single,2048,125,test,Algeria,2025,12,unchanged,1.0,0.0,0.0
ConfliBERT-v2,full,single,2048,125,dev,Egypt,2025,1,unchanged,1.0,0.0,0.0
ConfliBERT-v2,full,single,2048,125,dev,Egypt,2025,2,unchanged,1.0,0.0,0.0
ConfliBERT-v2,full,single,2048,125,dev,Egypt,2025,3,unchanged,0.99999,0.0,1e-05
ConfliBERT-v2,full,single,2048,125,test,Egypt,2025,6,unchanged,1.0,0.0,0.0
ConfliBERT-v2,full,single,2048,125,test,Egypt,2025,6,unchanged,1.0,0.0,0.0
ConfliBERT-v2,full,single,2048,125,test,Egypt,2025,7,unchanged,1.0,0.0,0.0
ConfliBERT-v2,full,single,2048,125,test,Egypt,2025,10,unchanged,0.99998,0.0,2e-05
ConfliBERT-v2,full,single,2048,125,test,Egypt,2025,12,unchanged,1.0,0.0,0.0
ConfliBERT-v2,full,single,2048,125,dev,Libya,2025,1,unchanged,0.99999,0.0,1e-05
ConfliBERT-v2,full,single,2048,125,dev,Libya,2025,2,unchanged,0.99997,0.0,3e-05
ConfliBERT-v2,full,single,2048,125,dev,Libya,2025,3,unchanged,0.99998,0.0,2e-05
ConfliBERT-v2,full,single,2048,125,test,Libya,2025,6,unchanged,1.0,0.0,0.0
ConfliBERT-v2,full,single,2048,125,test,Libya,2025,6,unchanged,1.0,0.0,0.0
ConfliBERT-v2,full,single,2048,125,test,Libya,2025,7,unchanged,1.0,0.0,0.0
ConfliBERT-v2,full,single,2048,125,test,Libya,2025,10,unchanged,0.99999,0.0,1e-05
ConfliBERT-v2,full,single,2048,125,test,Libya,2025,12,unchanged,0.99898,1e-05,0.00101
ConfliBERT-v2,full,single,2048,125,dev,Tunisia,2025,1,unchanged,1.0,0.0,0.0
ConfliBERT-v2,full,single,2048,125,dev,Tunisia,2025,2,unchanged,0.99999,0.0,1e-05
ConfliBERT-v2,full,single,2048,125,dev,Tunisia,2025,3,unchanged,1.0,0.0,0.0
ConfliBERT-v2,full,single,2048,125,test,Tunisia,2025,6,unchanged,1.0,0.0,0.0
ConfliBERT-v2,full,single,2048,125,test,Tunisia,2025,6,unchanged,1.0,0.0,0.0
ConfliBERT-v2,full,single,2048,125,test,Tunisia,2025,7,unchanged,1.0,0.0,0.0
ConfliBERT-v2,full,single,2048,125,test,Tunisia,2025,10,unchanged,0.8872,0.11279,1e-05
ConfliBERT-v2,full,single,2048,125,test,Tunisia,2025,12,unchanged,1.0,0.0,0.0
ConfliBERT-v2,full,single,2048,125,dev,Western Sahara,2025,1,unchanged,1.0,0.0,0.0
ConfliBERT-v2,full,single,2048,125,dev,Western Sahara,2025,2,unchanged,1.0,0.0,0.0
ConfliBERT-v2,full,single,2048,125,dev,Western Sahara,2025,3,unchanged,0.99999,0.0,1e-05
ConfliBERT-v2,full,single,2048,125,test,Western Sahara,2025,6,unchanged,1.0,0.0,0.0
ConfliBERT-v2,full,single,2048,125,test,Western Sahara,2025,6,unchanged,1.0,0.0,0.0
ConfliBERT-v2,full,single,2048,125,test,Western Sahara,2025,7,unchanged,1.0,0.0,0.0
ConfliBERT-v2,full,single,2048,125,test,Western Sahara,2025,10,unchanged,0.99986,0.0,0.00014
ConfliBERT-v2,full,single,2048,125,test,Western Sahara,2025,12,unchanged,1.0,0.0,0.0
ConfliBERT-v2,full,single,2048,125,dev,Central African Republic,2025,1,unchanged,1.0,0.0,0.0
ConfliBERT-v2,full,single,2048,125,dev,Central African Republic,2025,2,unchanged,0.99999,0.0,0.0
ConfliBERT-v2,full,single,2048,125,dev,Central African Republic,2025,2,unchanged,0.99999,0.0,0.0
ConfliBERT-v2,full,single,2048,125,dev,Central African Republic,2025,3,unchanged,1.0,0.0,0.0
ConfliBERT-v2,full,single,2048,125,test,Central African Republic,2025,7,unchanged,0.99992,0.0,8e-05
ConfliBERT-v2,full,single,2048,125,test,Central African Republic,2025,10,unchanged,1.0,0.0,0.0
ConfliBERT-v2,full,single,2048,125,dev,Mali,2025,1,unchanged,0.99999,0.0,1e-05
ConfliBERT-v2,full,single,2048,125,dev,Mali,2025,2,unchanged,0.99994,3e-05,3e-05
ConfliBERT-v2,full,single,2048,125,dev,Mali,2025,2,unchanged,0.99996,1e-05,3e-05
ConfliBERT-v2,full,single,2048,125,dev,Mali,2025,3,unchanged,0.99998,0.0,2e-05
ConfliBERT-v2,full,single,2048,125,test,Mali,2025,7,deteriorated,0.94883,0.05108,9e-05
ConfliBERT-v2,full,single,2048,125,test,Mali,2025,12,unchanged,0.99999,0.0,1e-05
ConfliBERT-v2,full,single,2048,125,dev,Niger,2025,1,unchanged,1.0,0.0,0.0
ConfliBERT-v2,full,single,2048,125,dev,Niger,2025,2,unchanged,0.99984,0.0,0.00016
ConfliBERT-v2,full,single,2048,125,dev,Niger,2025,2,unchanged,0.99999,0.0,1e-05
ConfliBERT-v2,full,single,2048,125,dev,Niger,2025,3,deteriorated,0.99998,0.0,2e-05
ConfliBERT-v2,full,single,2048,125,test,Niger,2025,7,unchanged,0.99999,0.0,1e-05
ConfliBERT-v2,full,single,2048,125,test,Niger,2025,10,unchanged,0.99999,0.0,1e-05
ConfliBERT-v2,full,single,2048,125,test,Niger,2025,12,unchanged,1.0,0.0,0.0
ConfliBERT-v2,full,single,2048,125,dev,Benin,2025,1,deteriorated,0.00156,0.99843,0.0
ConfliBERT-v2,full,single,2048,125,dev,Benin,2025,2,unchanged,1.0,0.0,0.0
ConfliBERT-v2,full,single,2048,125,dev,Benin,2025,2,unchanged,1.0,0.0,0.0
ConfliBERT-v2,full,single,2048,125,dev,Benin,2025,3,unchanged,1.0,0.0,0.0
ConfliBERT-v2,full,single,2048,125,test,Benin,2025,7,unchanged,1.0,0.0,0.0
ConfliBERT-v2,full,single,2048,125,test,Benin,2025,10,unchanged,1.0,0.0,0.0
ConfliBERT-v2,full,single,2048,125,test,Benin,2025,12,deteriorated,0.99619,0.0038,1e-05
ConfliBERT-v2,full,single,2048,125,dev,Moldova,2025,1,deteriorated,0.01369,0.98631,1e-05
ConfliBERT-v2,full,single,2048,125,dev,Moldova,2025,2,unchanged,0.99287,0.00712,1e-05
ConfliBERT-v2,full,single,2048,125,test,Moldova,2026,3,unchanged,0.99953,0.00046,1e-05
ConfliBERT-v2,full,single,2048,125,test,Israel/Palestine,2025,12,unchanged,0.99943,0.0003,0.00027
ConfliBERT-v2,full,single,2048,125,dev,Colombia,2025,2,unchanged,0.00913,0.99084,4e-05
ConfliBERT-v2,full,single,2048,125,dev,Colombia,2025,3,unchanged,0.99991,0.0,9e-05
ConfliBERT-v2,full,single,2048,125,test,Colombia,2025,7,unchanged,0.99999,0.0,1e-05
ConfliBERT-v2,full,single,2048,125,test,Colombia,2025,10,deteriorated,0.00059,0.99941,1e-05
ConfliBERT-v2,full,single,2048,125,test,Colombia,2025,12,unchanged,0.13477,0.86518,5e-05
ConfliBERT-v2,full,single,2048,125,dev,Ecuador,2025,1,deteriorated,0.00012,0.99988,0.0
ConfliBERT-v2,full,single,2048,125,dev,Ecuador,2025,2,unchanged,0.99565,1e-05,0.00434
ConfliBERT-v2,full,single,2048,125,dev,Ecuador,2025,3,unchanged,1.0,0.0,0.0
ConfliBERT-v2,full,single,2048,125,test,Ecuador,2025,7,unchanged,1.0,0.0,0.0
ConfliBERT-v2,full,single,2048,125,test,Ecuador,2025,10,unchanged,1.0,0.0,0.0
ConfliBERT-v2,full,single,2048,125,test,Ecuador,2025,12,unchanged,0.85636,0.14311,0.00053
ConfliBERT-v2,full,single,2048,125,dev,Venezuela,2025,1,unchanged,0.99999,0.0,1e-05
ConfliBERT-v2,full,single,2048,125,dev,Venezuela,2025,2,unchanged,0.99998,0.0,1e-05
ConfliBERT-v2,full,single,2048,125,dev,Venezuela,2025,3,unchanged,1.0,0.0,0.0
ConfliBERT-v2,full,single,2048,125,test,Venezuela,2025,7,unchanged,0.99999,0.0,1e-05
ConfliBERT-v2,full,single,2048,125,dev,El Salvador,2025,1,unchanged,0.99998,0.0,2e-05
ConfliBERT-v2,full,single,2048,125,dev,El Salvador,2025,2,unchanged,1.0,0.0,0.0
ConfliBERT-v2,full,single,2048,125,dev,El Salvador,2025,3,unchanged,1.0,0.0,0.0
ConfliBERT-v2,full,single,2048,125,test,El Salvador,2025,7,deteriorated,0.99975,0.0,0.00025
ConfliBERT-v2,full,single,2048,125,test,El Salvador,2025,10,unchanged,1.0,0.0,0.0
ConfliBERT-v2,full,single,2048,125,test,El Salvador,2025,12,unchanged,1.0,0.0,0.0
ConfliBERT-v2,full,single,2048,125,test,Honduras,2025,12,deteriorated,0.87814,0.11884,0.00302
ConfliBERT-v2,full,single,2048,125,dev,Mexico,2025,1,unchanged,0.99999,0.0,0.0
ConfliBERT-v2,full,single,2048,125,dev,Mexico,2025,2,unchanged,1.0,0.0,0.0
ConfliBERT-v2,full,single,2048,125,dev,Mexico,2025,3,unchanged,1.0,0.0,0.0
ConfliBERT-v2,full,single,2048,125,test,Mexico,2025,7,unchanged,1.0,0.0,0.0
ConfliBERT-v2,full,single,2048,125,test,Mexico,2025,10,unchanged,1.0,0.0,0.0
ConfliBERT-v2,full,single,2048,125,test,Mexico,2025,12,unchanged,1.0,0.0,0.0
ConfliBERT-v2,full,single,2048,125,dev,Nicaragua,2025,1,unchanged,1.0,0.0,0.0
ConfliBERT-v2,full,single,2048,125,dev,Nicaragua,2025,2,deteriorated,0.99998,1e-05,2e-05
ConfliBERT-v2,full,single,2048,125,dev,Nicaragua,2025,3,unchanged,1.0,0.0,0.0
ConfliBERT-v2,full,single,2048,125,test,Nicaragua,2025,7,unchanged,1.0,0.0,0.0
ConfliBERT-v2,full,single,2048,125,test,Nicaragua,2025,10,unchanged,1.0,0.0,0.0
ConfliBERT-v2,full,single,2048,125,test,Nicaragua,2025,12,unchanged,1.0,0.0,0.0
ConfliBERT-v2,full,single,2048,125,dev,Haiti,2025,1,unchanged,0.99998,0.0,1e-05
ConfliBERT-v2,full,single,2048,125,dev,Haiti,2025,2,unchanged,0.99998,0.0,2e-05
ConfliBERT-v2,full,single,2048,125,dev,Haiti,2025,3,deteriorated,0.99983,0.00014,4e-05
ConfliBERT-v2,full,single,2048,125,test,Haiti,2025,7,unchanged,0.99989,8e-05,4e-05
ConfliBERT-v2,full,single,2048,125,test,Haiti,2025,10,unchanged,0.99997,0.0,3e-05
ConfliBERT-v2,full,single,2048,125,test,Haiti,2025,12,unchanged,0.99949,0.00048,3e-05
ConfliBERT-v2,full,single,2048,125,dev,China/Japan,2025,1,unchanged,1.0,0.0,0.0
ConfliBERT-v2,full,single,2048,125,dev,China/Japan,2025,2,unchanged,1.0,0.0,0.0
ConfliBERT-v2,full,single,2048,125,dev,China/Japan,2025,3,unchanged,1.0,0.0,0.0
ConfliBERT-v2,full,single,2048,125,test,China/Japan,2025,6,unchanged,1.0,0.0,0.0
ConfliBERT-v2,full,single,2048,125,test,China/Japan,2025,6,unchanged,1.0,0.0,0.0
ConfliBERT-v2,full,single,2048,125,test,China/Japan,2025,7,unchanged,1.0,0.0,0.0
ConfliBERT-v2,full,single,2048,125,test,China/Japan,2025,7,unchanged,1.0,0.0,0.0
ConfliBERT-v2,full,single,2048,125,test,China/Japan,2025,10,unchanged,1.0,0.0,0.0
ConfliBERT-v2,full,single,2048,125,test,China/Japan,2025,12,unchanged,1.0,0.0,0.0
ConfliBERT-v2,full,single,2048,125,dev,Korean Peninsula,2025,1,unchanged,0.99991,6e-05,4e-05
ConfliBERT-v2,full,single,2048,125,dev,Korean Peninsula,2025,2,unchanged,0.99991,6e-05,2e-05
ConfliBERT-v2,full,single,2048,125,dev,Korean Peninsula,2025,3,unchanged,0.99998,1e-05,0.0
ConfliBERT-v2,full,single,2048,125,test,Korean Peninsula,2025,6,unchanged,0.99991,0.0,9e-05
ConfliBERT-v2,full,single,2048,125,test,Korean Peninsula,2025,6,unchanged,0.99996,0.0,4e-05
ConfliBERT-v2,full,single,2048,125,test,Korean Peninsula,2025,7,unchanged,0.99999,0.0,1e-05
ConfliBERT-v2,full,single,2048,125,test,Korean Peninsula,2025,7,unchanged,0.99999,0.0,1e-05
ConfliBERT-v2,full,single,2048,125,test,Korean Peninsula,2025,10,unchanged,0.99999,0.0,1e-05
ConfliBERT-v2,full,single,2048,125,test,Korean Peninsula,2025,12,unchanged,0.99997,0.0,2e-05
ConfliBERT-v2,full,single,2048,125,dev,Taiwan Strait,2025,1,unchanged,1.0,0.0,0.0
ConfliBERT-v2,full,single,2048,125,dev,Taiwan Strait,2025,2,unchanged,0.99999,0.0,0.0
ConfliBERT-v2,full,single,2048,125,dev,Taiwan Strait,2025,3,unchanged,1.0,0.0,0.0
ConfliBERT-v2,full,single,2048,125,test,Taiwan Strait,2025,6,unchanged,1.0,0.0,0.0
ConfliBERT-v2,full,single,2048,125,test,Taiwan Strait,2025,6,unchanged,1.0,0.0,0.0
ConfliBERT-v2,full,single,2048,125,test,Taiwan Strait,2025,7,unchanged,1.0,0.0,0.0
ConfliBERT-v2,full,single,2048,125,test,Taiwan Strait,2025,7,unchanged,1.0,0.0,0.0
ConfliBERT-v2,full,single,2048,125,test,Taiwan Strait,2025,10,unchanged,1.0,0.0,0.0
ConfliBERT-v2,full,single,2048,125,test,Taiwan Strait,2025,12,deteriorated,0.0028,0.9972,0.0
ConfliBERT-v2,full,single,2048,125,dev,Afghanistan,2025,1,unchanged,0.99998,1e-05,1e-05
ConfliBERT-v2,full,single,2048,125,dev,Afghanistan,2025,2,unchanged,0.99985,0.00014,2e-05
ConfliBERT-v2,full,single,2048,125,dev,Afghanistan,2025,3,unchanged,0.99995,0.0,5e-05
ConfliBERT-v2,full,single,2048,125,test,Afghanistan,2025,7,unchanged,0.99937,0.00062,1e-05
ConfliBERT-v2,full,single,2048,125,test,Afghanistan,2025,7,unchanged,0.99998,1e-05,0.0
ConfliBERT-v2,full,single,2048,125,test,Afghanistan,2025,12,unchanged,0.99998,1e-05,2e-05
ConfliBERT-v2,full,single,2048,125,dev,Bangladesh,2025,1,unchanged,1.0,0.0,0.0
ConfliBERT-v2,full,single,2048,125,dev,Bangladesh,2025,2,unchanged,1.0,0.0,0.0
ConfliBERT-v2,full,single,2048,125,dev,Bangladesh,2025,3,unchanged,1.0,0.0,0.0
ConfliBERT-v2,full,single,2048,125,test,Bangladesh,2025,6,unchanged,1.0,0.0,0.0
ConfliBERT-v2,full,single,2048,125,test,Bangladesh,2025,6,unchanged,1.0,0.0,0.0
ConfliBERT-v2,full,single,2048,125,test,Bangladesh,2025,7,unchanged,0.99996,4e-05,0.0
ConfliBERT-v2,full,single,2048,125,test,Bangladesh,2025,7,unchanged,0.99999,0.0,0.0
ConfliBERT-v2,full,single,2048,125,test,Bangladesh,2025,10,unchanged,0.99984,0.0,0.00016
ConfliBERT-v2,full,single,2048,125,test,Bangladesh,2025,12,deteriorated,0.02976,0.97023,1e-05
ConfliBERT-v2,full,single,2048,125,dev,India,2025,1,unchanged,0.99997,0.0,2e-05
ConfliBERT-v2,full,single,2048,125,dev,India,2025,2,unchanged,0.99998,1e-05,2e-05
ConfliBERT-v2,full,single,2048,125,dev,India,2025,3,unchanged,0.99999,0.0,1e-05
ConfliBERT-v2,full,single,2048,125,test,India,2025,6,unchanged,0.99999,0.0,1e-05
ConfliBERT-v2,full,single,2048,125,test,India,2025,6,unchanged,0.99999,0.0,1e-05
ConfliBERT-v2,full,single,2048,125,test,India,2025,7,unchanged,1.0,0.0,0.0
ConfliBERT-v2,full,single,2048,125,test,India,2025,7,unchanged,1.0,0.0,0.0
ConfliBERT-v2,full,single,2048,125,test,India,2025,10,improved,0.99977,4e-05,0.00019
ConfliBERT-v2,full,single,2048,125,test,India,2025,12,unchanged,0.99999,0.0,1e-05
ConfliBERT-v2,full,single,2048,125,dev,Pakistan,2025,1,unchanged,0.99992,0.0,7e-05
ConfliBERT-v2,full,single,2048,125,dev,Pakistan,2025,2,unchanged,0.99984,0.00013,3e-05
ConfliBERT-v2,full,single,2048,125,dev,Pakistan,2025,3,unchanged,0.06053,0.93943,4e-05
ConfliBERT-v2,full,single,2048,125,test,Pakistan,2025,6,unchanged,0.99997,0.0,3e-05
ConfliBERT-v2,full,single,2048,125,test,Pakistan,2025,6,unchanged,0.99998,0.0,2e-05
ConfliBERT-v2,full,single,2048,125,test,Pakistan,2025,7,unchanged,0.99998,0.0,2e-05
ConfliBERT-v2,full,single,2048,125,test,Pakistan,2025,7,unchanged,0.99999,0.0,1e-05
ConfliBERT-v2,full,single,2048,125,test,Pakistan,2025,12,unchanged,0.99999,0.0,1e-05
ConfliBERT-v2,full,single,2048,125,dev,Sri Lanka,2025,1,unchanged,0.99999,0.0,1e-05
ConfliBERT-v2,full,single,2048,125,dev,Sri Lanka,2025,2,unchanged,0.99993,0.0,7e-05
ConfliBERT-v2,full,single,2048,125,dev,Sri Lanka,2025,3,unchanged,0.99999,0.0,1e-05
ConfliBERT-v2,full,single,2048,125,test,Sri Lanka,2025,6,unchanged,0.99994,0.0,6e-05
ConfliBERT-v2,full,single,2048,125,test,Sri Lanka,2025,6,unchanged,0.99998,0.0,2e-05
ConfliBERT-v2,full,single,2048,125,test,Sri Lanka,2025,7,unchanged,0.99988,0.0,0.00012
ConfliBERT-v2,full,single,2048,125,test,Sri Lanka,2025,7,unchanged,0.99997,0.0,3e-05
ConfliBERT-v2,full,single,2048,125,test,Sri Lanka,2025,10,unchanged,1.0,0.0,0.0
ConfliBERT-v2,full,single,2048,125,test,Sri Lanka,2025,12,unchanged,0.92839,0.07159,2e-05
ConfliBERT-v2,full,single,2048,125,dev,Myanmar,2025,1,unchanged,0.99768,0.0014,0.00092
ConfliBERT-v2,full,single,2048,125,dev,Myanmar,2025,2,unchanged,0.10158,0.89835,6e-05
ConfliBERT-v2,full,single,2048,125,dev,Myanmar,2025,3,unchanged,0.99966,0.00027,8e-05
ConfliBERT-v2,full,single,2048,125,test,Myanmar,2025,6,unchanged,0.99993,5e-05,2e-05
ConfliBERT-v2,full,single,2048,125,test,Myanmar,2025,6,unchanged,0.99997,1e-05,2e-05
ConfliBERT-v2,full,single,2048,125,test,Myanmar,2025,7,unchanged,0.99993,3e-05,4e-05
ConfliBERT-v2,full,single,2048,125,test,Myanmar,2025,7,unchanged,0.99994,1e-05,5e-05
ConfliBERT-v2,full,single,2048,125,test,Myanmar,2025,10,unchanged,0.99976,8e-05,0.00016
ConfliBERT-v2,full,single,2048,125,test,Myanmar,2025,12,unchanged,0.85944,0.1403,0.00026
ConfliBERT-v2,full,single,2048,125,dev,Philippines,2025,1,unchanged,1.0,0.0,0.0
ConfliBERT-v2,full,single,2048,125,dev,Philippines,2025,2,unchanged,1.0,0.0,0.0
ConfliBERT-v2,full,single,2048,125,dev,Philippines,2025,3,unchanged,1.0,0.0,0.0
ConfliBERT-v2,full,single,2048,125,test,Philippines,2025,6,unchanged,1.0,0.0,0.0
ConfliBERT-v2,full,single,2048,125,test,Philippines,2025,6,unchanged,1.0,0.0,0.0
ConfliBERT-v2,full,single,2048,125,test,Philippines,2025,7,unchanged,1.0,0.0,0.0
ConfliBERT-v2,full,single,2048,125,test,Philippines,2025,7,unchanged,1.0,0.0,0.0
ConfliBERT-v2,full,single,2048,125,test,Philippines,2025,10,unchanged,0.99999,0.0,1e-05
ConfliBERT-v2,full,single,2048,125,test,Philippines,2025,12,unchanged,0.99995,0.0,5e-05
ConfliBERT-v2,full,single,2048,125,dev,South China Sea,2025,1,unchanged,0.99999,0.0,0.0
ConfliBERT-v2,full,single,2048,125,dev,South China Sea,2025,2,unchanged,1.0,0.0,0.0
ConfliBERT-v2,full,single,2048,125,dev,South China Sea,2025,3,unchanged,0.99999,0.0,0.0
ConfliBERT-v2,full,single,2048,125,test,South China Sea,2025,6,unchanged,1.0,0.0,0.0
ConfliBERT-v2,full,single,2048,125,test,South China Sea,2025,6,unchanged,1.0,0.0,0.0
ConfliBERT-v2,full,single,2048,125,test,South China Sea,2025,7,unchanged,1.0,0.0,0.0
ConfliBERT-v2,full,single,2048,125,test,South China Sea,2025,7,unchanged,1.0,0.0,0.0
ConfliBERT-v2,full,single,2048,125,test,South China Sea,2025,10,unchanged,1.0,0.0,0.0
ConfliBERT-v2,full,single,2048,125,test,South China Sea,2025,12,unchanged,1.0,0.0,0.0
ConfliBERT-v2,full,single,2048,125,dev,Thailand,2025,1,unchanged,1.0,0.0,0.0
ConfliBERT-v2,full,single,2048,125,dev,Thailand,2025,2,unchanged,0.99999,0.0,1e-05
ConfliBERT-v2,full,single,2048,125,dev,Thailand,2025,3,unchanged,0.99976,0.00011,0.00013
ConfliBERT-v2,full,single,2048,125,test,Thailand,2025,6,deteriorated,0.69594,0.30404,2e-05
ConfliBERT-v2,full,single,2048,125,test,Thailand,2025,6,deteriorated,0.99993,6e-05,0.0
ConfliBERT-v2,full,single,2048,125,test,Thailand,2025,7,unchanged,0.85868,0.00223,0.13909
ConfliBERT-v2,full,single,2048,125,test,Thailand,2025,7,unchanged,0.98087,0.0,0.01912
ConfliBERT-v2,full,single,2048,125,test,Thailand,2025,10,improved,0.99977,0.0,0.00023
ConfliBERT-v2,full,single,2048,125,test,Thailand,2025,12,unchanged,0.09009,0.90985,6e-05
ConfliBERT-v2,full,single,2048,125,test,Guatemala,2025,10,unchanged,0.99996,0.0,4e-05
ConfliBERT-v2,full,single,2048,125,dev,Bolivia,2025,1,unchanged,1.0,0.0,0.0
ConfliBERT-v2,full,single,2048,125,dev,Bolivia,2025,2,unchanged,0.99999,0.0,1e-05
ConfliBERT-v2,full,single,2048,125,test,Bolivia,2025,10,improved,1e-05,0.0,0.99999
ConfliBERT-v2,full,single,2048,125,test,Bolivia,2025,12,unchanged,0.98907,0.0109,3e-05
ConfliBERT-v2,full,single,2048,125,dev,Peru,2025,3,unchanged,0.99997,1e-05,2e-05
ConfliBERT-v2,full,single,2048,125,test,Peru,2025,10,deteriorated,1e-05,0.99999,0.0
ConfliBERT-v2,full,single,2048,125,test,Madagascar,2025,10,deteriorated,0.00325,0.99675,0.0
ConfliBERT-v2,full,single,2048,125,dev,Guinea-Bissau,2025,2,deteriorated,0.0,1.0,0.0
ConfliBERT-v2,full,single,2048,125,dev,Guinea-Bissau,2025,2,deteriorated,0.92838,0.07159,3e-05
ConfliBERT-v2,full,single,2048,125,dev,Guinea-Bissau,2025,3,unchanged,1.0,0.0,0.0
ConfliBERT-v2,full,single,2048,125,test,Guinea-Bissau,2025,12,unchanged,0.99995,0.0,4e-05
ConfliBERT-v2,full,single,2048,125,dev,Guyana,2025,3,unchanged,0.99999,0.0,0.0
ConfliBERT-v2,full,single,2048,125,dev,Jordan,2025,2,unchanged,0.99977,0.00023,0.0
ConfliBERT-v2,full,single,2048,125,test,Kazakhstan,2026,3,unchanged,0.9966,0.0,0.0034
ConfliBERT-v2,full,single,2048,125,dev,Togo,2025,2,unchanged,0.99997,0.0,2e-05
ConfliBERT-v2,full,single,2048,125,dev,Togo,2025,2,unchanged,1.0,0.0,0.0
ConfliBERT-v2,full,single,2048,125,dev,Togo,2025,3,unchanged,0.99992,0.0,8e-05
ConfliBERT-v2,full,single,2048,125,test,Togo,2025,7,unchanged,1.0,0.0,0.0
ConfliBERT-v2,full,single,2048,125,test,Togo,2025,10,unchanged,0.99999,0.0,0.0
ConfliBERT-v2,full,single,2048,125,test,Papua New Guinea,2025,10,unchanged,0.30736,0.0,0.69264
ConfliBERT-v2,full,single,2048,125,test,Cambodia,2025,7,unchanged,0.89168,0.0014,0.10691
ConfliBERT-v2,full,single,2048,125,test,Cambodia,2025,7,unchanged,0.99905,0.0,0.00095
ConfliBERT-v2,full,single,2048,125,test,Brazil,2025,10,unchanged,0.0,1.0,0.0
ConfliBERT-v2,full,single,2048,125,test,Angola,2025,7,deteriorated,0.0,1.0,0.0
ConfliBERT-v2,full,single,2048,125,dev,Indonesia,2025,1,unchanged,1.0,0.0,0.0
ConfliBERT-v2,full,single,2048,125,dev,Indonesia,2025,2,unchanged,1.0,0.0,0.0
ConfliBERT-v2,full,single,2048,125,dev,Indonesia,2025,3,unchanged,0.99991,9e-05,0.0
ConfliBERT-v2,full,single,2048,125,test,Indonesia,2025,6,unchanged,1.0,0.0,0.0
ConfliBERT-v2,full,single,2048,125,test,Indonesia,2025,6,unchanged,1.0,0.0,0.0
ConfliBERT-v2,full,single,2048,125,test,Indonesia,2025,7,unchanged,1.0,0.0,0.0
ConfliBERT-v2,full,single,2048,125,test,Indonesia,2025,7,unchanged,1.0,0.0,0.0
ConfliBERT-v2,full,single,2048,125,test,Indonesia,2025,10,unchanged,1.0,0.0,0.0
ConfliBERT-v2,full,single,2048,125,test,Indonesia,2025,12,unchanged,1.0,0.0,0.0
ConfliBERT-v2,full,single,2048,125,test,Ghana,2025,7,unchanged,0.99994,5e-05,0.0
ConfliBERT-v2,full,single,2048,125,dev,South Africa,2025,1,unchanged,1.0,0.0,0.0
ConfliBERT-v2,full,single,2048,125,dev,South Africa,2025,2,unchanged,0.99999,0.0,1e-05
ConfliBERT-v2,full,single,2048,125,dev,South Africa,2025,2,unchanged,0.99999,0.0,1e-05
ConfliBERT-v2,full,single,2048,125,dev,South Africa,2025,3,unchanged,0.99999,0.0,1e-05
ConfliBERT-v2,full,single,2048,125,test,South Africa,2025,7,unchanged,0.99999,0.0,1e-05
ConfliBERT-v2,full,single,2048,125,test,South Africa,2025,10,unchanged,1.0,0.0,0.0
ConfliBERT-v2,full,single,2048,125,test,South Africa,2025,12,unchanged,1.0,0.0,0.0
ConfliBERT-v2,full,single,2048,125,test,Qatar,2025,6,unchanged,3e-05,0.99997,0.0
ConfliBERT-v2,full,single,2048,125,test,Qatar,2025,6,unchanged,0.02596,0.97404,0.0
ConfliBERT-v2,full,single,2048,125,test,Morocco,2025,10,deteriorated,0.0,1.0,0.0
ConfliBERT-v2,full,single,2048,125,dev,Comoros Islands,2025,1,unchanged,0.99987,0.00012,2e-05
ConfliBERT-v2,full,single,2048,125,dev,Russia/U.S.,2025,1,unchanged,1.0,0.0,0.0
ConfliBERT-v2,full,single,2048,125,dev,Russia/U.S.,2025,2,unchanged,0.99994,0.0,5e-05
ConfliBERT-v2,full,single,2048,125,dev,Amazon,2025,1,unchanged,0.99971,0.00018,0.00011
ConfliBERT-v2,full,single,2048,125,dev,Amazon,2025,2,unchanged,0.99999,0.0,1e-05
ConfliBERT-v2,full,single,2048,125,dev,Amazon,2025,3,unchanged,0.99998,1e-05,2e-05
ConfliBERT-v2,full,single,2048,125,test,Amazon,2025,7,deteriorated,0.07422,0.9256,0.00018
ConfliBERT-v2,full,single,2048,125,test,Amazon,2025,10,unchanged,0.99844,0.0,0.00156
ConfliBERT-v2,full,single,2048,125,test,Amazon,2025,12,unchanged,0.99997,0.0,3e-05
ConfliBERT-v2,full,single,2048,125,test,China-U.S.,2025,6,unchanged,0.99995,0.0,5e-05
ConfliBERT-v2,full,single,2048,125,test,China-U.S.,2025,6,unchanged,1.0,0.0,0.0
ConfliBERT-v2,full,single,2048,125,test,China-U.S.,2025,10,improved,0.96267,0.0,0.03733
ConfliBERT-v2,full,single,2048,125,test,China-U.S.,2025,12,unchanged,1.0,0.0,0.0
ConfliBERT-v2,full,single,2048,125,dev,Cook Islands,2025,2,unchanged,0.71538,0.28456,6e-05
ConfliBERT-v2,full,single,2048,125,dev,Tasman Sea,2025,2,unchanged,0.9664,0.03359,1e-05
ConfliBERT-v2,full,single,2048,125,test,New Caledonia,2025,7,improved,0.06755,0.0,0.93245
ConfliBERT-v2,full,single,2048,125,test,New Caledonia,2025,7,improved,0.97558,0.0,0.02442
ModernBERT-base,full,single,2048,123,dev,Cameroon,2025,1,unchanged,0.9764,0.00819,0.01542
ModernBERT-base,full,single,2048,123,dev,Cameroon,2025,2,unchanged,0.96645,0.01756,0.01599
ModernBERT-base,full,single,2048,123,dev,Cameroon,2025,2,unchanged,0.96521,0.01882,0.01597
ModernBERT-base,full,single,2048,123,dev,Cameroon,2025,3,unchanged,0.9407,0.04037,0.01892
ModernBERT-base,full,single,2048,123,test,Cameroon,2025,7,unchanged,0.72608,0.24202,0.0319
ModernBERT-base,full,single,2048,123,test,Cameroon,2025,12,unchanged,0.97037,0.00456,0.02506
ModernBERT-base,full,single,2048,123,dev,Chad,2025,1,unchanged,0.20453,0.78712,0.00834
ModernBERT-base,full,single,2048,123,dev,Chad,2025,2,unchanged,0.19653,0.79416,0.00932
ModernBERT-base,full,single,2048,123,dev,Chad,2025,2,unchanged,0.5203,0.45737,0.02233
ModernBERT-base,full,single,2048,123,dev,Chad,2025,3,unchanged,0.55054,0.42709,0.02237
ModernBERT-base,full,single,2048,123,test,Chad,2025,7,unchanged,0.85064,0.12327,0.02609
ModernBERT-base,full,single,2048,123,test,Chad,2025,10,deteriorated,0.7629,0.20775,0.02935
ModernBERT-base,full,single,2048,123,test,Chad,2025,12,unchanged,0.27314,0.71264,0.01422
ModernBERT-base,full,single,2048,123,dev,Gabon,2025,1,unchanged,0.95024,0.01334,0.03642
ModernBERT-base,full,single,2048,123,dev,Gabon,2025,3,unchanged,0.97938,0.00211,0.01851
ModernBERT-base,full,single,2048,123,dev,Kenya,2025,1,unchanged,0.9294,0.04485,0.02575
ModernBERT-base,full,single,2048,123,dev,Kenya,2025,2,unchanged,0.89001,0.08024,0.02975
ModernBERT-base,full,single,2048,123,dev,Kenya,2025,2,unchanged,0.94503,0.02899,0.02598
ModernBERT-base,full,single,2048,123,dev,Kenya,2025,3,unchanged,0.96449,0.01282,0.02268
ModernBERT-base,full,single,2048,123,test,Kenya,2025,7,deteriorated,0.8524,0.11269,0.03491
ModernBERT-base,full,single,2048,123,test,Kenya,2025,10,unchanged,0.17499,0.80994,0.01507
ModernBERT-base,full,single,2048,123,test,Kenya,2025,12,unchanged,0.35226,0.62187,0.02587
ModernBERT-base,full,single,2048,123,dev,Mozambique,2025,1,improved,0.96948,0.00653,0.02399
ModernBERT-base,full,single,2048,123,dev,Mozambique,2025,2,unchanged,0.66127,0.30632,0.03241
ModernBERT-base,full,single,2048,123,dev,Mozambique,2025,2,unchanged,0.7515,0.21913,0.02937
ModernBERT-base,full,single,2048,123,dev,Mozambique,2025,3,improved,0.81276,0.15316,0.03408
ModernBERT-base,full,single,2048,123,test,Mozambique,2025,7,unchanged,0.87846,0.08203,0.03951
ModernBERT-base,full,single,2048,123,test,Mozambique,2025,10,unchanged,0.96039,0.01247,0.02714
ModernBERT-base,full,single,2048,123,test,Mozambique,2025,12,unchanged,0.96746,0.00934,0.0232
ModernBERT-base,full,single,2048,123,dev,Tanzania,2025,1,unchanged,0.97038,0.0107,0.01892
ModernBERT-base,full,single,2048,123,dev,Tanzania,2025,2,unchanged,0.97107,0.00908,0.01984
ModernBERT-base,full,single,2048,123,dev,Tanzania,2025,2,unchanged,0.9769,0.00521,0.01789
ModernBERT-base,full,single,2048,123,dev,Tanzania,2025,3,unchanged,0.97347,0.00544,0.02109
ModernBERT-base,full,single,2048,123,test,Tanzania,2025,7,unchanged,0.96864,0.00663,0.02473
ModernBERT-base,full,single,2048,123,test,Tanzania,2025,12,unchanged,0.08153,0.91141,0.00707
ModernBERT-base,full,single,2048,123,dev,Zimbabwe,2025,1,unchanged,0.98449,0.00378,0.01173
ModernBERT-base,full,single,2048,123,dev,Zimbabwe,2025,2,unchanged,0.98202,0.00441,0.01358
ModernBERT-base,full,single,2048,123,dev,Zimbabwe,2025,2,unchanged,0.98719,0.00209,0.01071
ModernBERT-base,full,single,2048,123,dev,Zimbabwe,2025,3,deteriorated,0.982,0.00343,0.01457
ModernBERT-base,full,single,2048,123,test,Zimbabwe,2025,7,unchanged,0.98186,0.00408,0.01406
ModernBERT-base,full,single,2048,123,test,Zimbabwe,2025,10,unchanged,0.98413,0.00299,0.01288
ModernBERT-base,full,single,2048,123,test,Zimbabwe,2025,12,unchanged,0.98331,0.00299,0.0137
ModernBERT-base,full,single,2048,123,test,Burundi,2025,7,unchanged,0.70055,0.2358,0.06365
ModernBERT-base,full,single,2048,123,test,Burundi,2025,10,unchanged,0.92932,0.03575,0.03493
ModernBERT-base,full,single,2048,123,test,DR Congo,2025,10,unchanged,0.75994,0.20424,0.03582
ModernBERT-base,full,single,2048,123,test,DR Congo,2025,12,deteriorated,0.28621,0.69469,0.0191
ModernBERT-base,full,single,2048,123,dev,Rwanda,2025,2,unchanged,0.89708,0.06225,0.04067
ModernBERT-base,full,single,2048,123,dev,Rwanda,2025,2,unchanged,0.9311,0.03445,0.03445
ModernBERT-base,full,single,2048,123,dev,Rwanda,2025,3,unchanged,0.88901,0.07101,0.03999
ModernBERT-base,full,single,2048,123,test,Rwanda,2025,7,unchanged,0.94115,0.02588,0.03297
ModernBERT-base,full,single,2048,123,test,Rwanda,2025,10,unchanged,0.96525,0.00514,0.02961
ModernBERT-base,full,single,2048,123,test,Rwanda,2025,12,unchanged,0.3314,0.64004,0.02856
ModernBERT-base,full,single,2048,123,dev,Uganda,2025,1,unchanged,0.96044,0.01962,0.01993
ModernBERT-base,full,single,2048,123,dev,Uganda,2025,2,unchanged,0.90508,0.07061,0.02431
ModernBERT-base,full,single,2048,123,dev,Uganda,2025,2,unchanged,0.88218,0.0928,0.02503
ModernBERT-base,full,single,2048,123,dev,Uganda,2025,3,unchanged,0.36215,0.62574,0.01211
ModernBERT-base,full,single,2048,123,test,Uganda,2025,7,unchanged,0.01242,0.98687,0.00071
ModernBERT-base,full,single,2048,123,test,Uganda,2025,10,unchanged,0.63239,0.33849,0.02912
ModernBERT-base,full,single,2048,123,dev,Eritrea,2025,1,unchanged,0.98239,0.00349,0.01412
ModernBERT-base,full,single,2048,123,dev,Eritrea,2025,2,unchanged,0.97904,0.00483,0.01614
ModernBERT-base,full,single,2048,123,dev,Eritrea,2025,2,unchanged,0.98362,0.00268,0.01371
ModernBERT-base,full,single,2048,123,test,Eritrea,2025,7,unchanged,0.96472,0.00592,0.02936
ModernBERT-base,full,single,2048,123,test,Eritrea,2025,10,unchanged,0.96718,0.00705,0.02577
ModernBERT-base,full,single,2048,123,test,Eritrea,2025,12,unchanged,0.96695,0.00941,0.02365
ModernBERT-base,full,single,2048,123,dev,Ethiopia,2025,1,unchanged,0.94895,0.02413,0.02692
ModernBERT-base,full,single,2048,123,dev,Ethiopia,2025,2,unchanged,0.94277,0.02717,0.03007
ModernBERT-base,full,single,2048,123,dev,Ethiopia,2025,2,unchanged,0.95212,0.02023,0.02765
ModernBERT-base,full,single,2048,123,test,Ethiopia,2025,7,unchanged,0.18518,0.80282,0.012
ModernBERT-base,full,single,2048,123,test,Ethiopia,2025,10,unchanged,0.75222,0.21176,0.03602
ModernBERT-base,full,single,2048,123,test,Ethiopia,2025,12,deteriorated,0.84697,0.11552,0.03751
ModernBERT-base,full,single,2048,123,test,Nile Waters,2025,7,unchanged,0.97803,0.00214,0.01983
ModernBERT-base,full,single,2048,123,test,Nile Waters,2025,10,unchanged,0.82067,0.148,0.03133
ModernBERT-base,full,single,2048,123,test,Nile Waters,2025,12,unchanged,0.66344,0.30853,0.02803
ModernBERT-base,full,single,2048,123,dev,Somalia,2025,1,unchanged,0.29582,0.68645,0.01773
ModernBERT-base,full,single,2048,123,dev,Somalia,2025,2,unchanged,0.61305,0.35342,0.03352
ModernBERT-base,full,single,2048,123,dev,Somalia,2025,2,unchanged,0.7489,0.21382,0.03729
ModernBERT-base,full,single,2048,123,dev,Somalia,2025,3,unchanged,0.92983,0.03577,0.0344
ModernBERT-base,full,single,2048,123,test,Somalia,2025,7,deteriorated,0.71293,0.24459,0.04248
ModernBERT-base,full,single,2048,123,test,Somalia,2025,10,unchanged,0.38927,0.58209,0.02864
ModernBERT-base,full,single,2048,123,test,Somalia,2025,12,unchanged,0.75168,0.18565,0.06267
ModernBERT-base,full,single,2048,123,dev,Somaliland,2025,1,unchanged,0.95113,0.02037,0.0285
ModernBERT-base,full,single,2048,123,dev,Somaliland,2025,2,unchanged,0.94299,0.02398,0.03303
ModernBERT-base,full,single,2048,123,dev,Somaliland,2025,2,unchanged,0.9552,0.01618,0.02862
ModernBERT-base,full,single,2048,123,dev,Somaliland,2025,3,unchanged,0.90688,0.05037,0.04275
ModernBERT-base,full,single,2048,123,test,Somaliland,2025,7,unchanged,0.92759,0.03352,0.03889
ModernBERT-base,full,single,2048,123,test,Somaliland,2025,10,unchanged,0.97137,0.00543,0.0232
ModernBERT-base,full,single,2048,123,test,Somaliland,2025,12,unchanged,0.51467,0.45243,0.0329
ModernBERT-base,full,single,2048,123,dev,South Sudan,2025,1,unchanged,0.7222,0.24428,0.03352
ModernBERT-base,full,single,2048,123,dev,South Sudan,2025,2,unchanged,0.62128,0.34851,0.03022
ModernBERT-base,full,single,2048,123,dev,South Sudan,2025,2,unchanged,0.78856,0.1789,0.03255
ModernBERT-base,full,single,2048,123,test,South Sudan,2025,7,unchanged,0.96855,0.01119,0.02026
ModernBERT-base,full,single,2048,123,test,South Sudan,2025,10,unchanged,0.94219,0.03149,0.02631
ModernBERT-base,full,single,2048,123,test,South Sudan,2025,12,unchanged,0.93336,0.03975,0.02689
ModernBERT-base,full,single,2048,123,dev,Sudan,2025,2,deteriorated,0.09044,0.90451,0.00505
ModernBERT-base,full,single,2048,123,dev,Sudan,2025,2,deteriorated,0.31611,0.66922,0.01467
ModernBERT-base,full,single,2048,123,dev,Sudan,2025,3,unchanged,0.48086,0.49612,0.02302
ModernBERT-base,full,single,2048,123,test,Sudan,2025,7,unchanged,0.03296,0.9652,0.00183
ModernBERT-base,full,single,2048,123,test,Sudan,2025,12,unchanged,0.25961,0.72244,0.01795
ModernBERT-base,full,single,2048,123,dev,Burkina Faso,2025,1,unchanged,0.96988,0.0125,0.01763
ModernBERT-base,full,single,2048,123,dev,Burkina Faso,2025,2,unchanged,0.95765,0.02324,0.01911
ModernBERT-base,full,single,2048,123,dev,Burkina Faso,2025,2,unchanged,0.95174,0.02897,0.0193
ModernBERT-base,full,single,2048,123,dev,Burkina Faso,2025,3,deteriorated,0.55195,0.43323,0.01482
ModernBERT-base,full,single,2048,123,test,Burkina Faso,2025,7,unchanged,0.33616,0.65304,0.01081
ModernBERT-base,full,single,2048,123,test,Burkina Faso,2025,10,unchanged,0.93707,0.03929,0.02364
ModernBERT-base,full,single,2048,123,test,Burkina Faso,2025,12,unchanged,0.94569,0.03136,0.02295
ModernBERT-base,full,single,2048,123,dev,Guinea,2025,1,unchanged,0.96149,0.01554,0.02297
ModernBERT-base,full,single,2048,123,dev,Guinea,2025,2,unchanged,0.9628,0.01175,0.02546
ModernBERT-base,full,single,2048,123,dev,Guinea,2025,2,unchanged,0.9759,0.00537,0.01873
ModernBERT-base,full,single,2048,123,dev,Guinea,2025,3,unchanged,0.97231,0.00687,0.02082
ModernBERT-base,full,single,2048,123,test,Guinea,2025,7,unchanged,0.95978,0.01135,0.02887
ModernBERT-base,full,single,2048,123,test,Guinea,2025,10,unchanged,0.96436,0.00582,0.02981
ModernBERT-base,full,single,2048,123,test,Guinea,2025,12,unchanged,0.91559,0.04023,0.04418
ModernBERT-base,full,single,2048,123,dev,Nigeria,2025,1,unchanged,0.97863,0.00686,0.01452
ModernBERT-base,full,single,2048,123,dev,Nigeria,2025,2,unchanged,0.98056,0.0064,0.01304
ModernBERT-base,full,single,2048,123,dev,Nigeria,2025,2,unchanged,0.98086,0.00698,0.01216
ModernBERT-base,full,single,2048,123,dev,Nigeria,2025,3,unchanged,0.97877,0.00659,0.01463
ModernBERT-base,full,single,2048,123,test,Nigeria,2025,7,unchanged,0.8984,0.08324,0.01836
ModernBERT-base,full,single,2048,123,test,Nigeria,2025,10,unchanged,0.97628,0.0098,0.01393
ModernBERT-base,full,single,2048,123,test,Nigeria,2025,12,unchanged,0.94467,0.03945,0.01588
ModernBERT-base,full,single,2048,123,dev,Senegal,2025,2,unchanged,0.87274,0.0516,0.07567
ModernBERT-base,full,single,2048,123,dev,Senegal,2025,2,unchanged,0.9715,0.00644,0.02206
ModernBERT-base,full,single,2048,123,dev,Kosovo,2025,1,unchanged,0.95607,0.02196,0.02196
ModernBERT-base,full,single,2048,123,dev,Kosovo,2025,2,unchanged,0.93521,0.03655,0.02824
ModernBERT-base,full,single,2048,123,dev,Kosovo,2025,3,unchanged,0.94988,0.02359,0.02653
ModernBERT-base,full,single,2048,123,test,Kosovo,2025,7,unchanged,0.93858,0.03755,0.02387
ModernBERT-base,full,single,2048,123,test,Kosovo,2025,10,unchanged,0.94443,0.02638,0.0292
ModernBERT-base,full,single,2048,123,test,Kosovo,2025,12,unchanged,0.8468,0.09281,0.06039
ModernBERT-base,full,single,2048,123,test,Kosovo,2026,3,unchanged,0.70437,0.25164,0.04399
ModernBERT-base,full,single,2048,123,dev,Armenia,2025,1,unchanged,0.9794,0.00388,0.01672
ModernBERT-base,full,single,2048,123,dev,Armenia,2025,2,unchanged,0.97067,0.00887,0.02046
ModernBERT-base,full,single,2048,123,dev,Armenia,2025,3,unchanged,0.9573,0.01511,0.02758
ModernBERT-base,full,single,2048,123,test,Armenia,2025,7,unchanged,0.95734,0.01398,0.02868
ModernBERT-base,full,single,2048,123,test,Armenia,2025,10,unchanged,0.9735,0.00597,0.02052
ModernBERT-base,full,single,2048,123,test,Armenia,2025,12,unchanged,0.9679,0.00987,0.02224
ModernBERT-base,full,single,2048,123,test,Armenia,2026,3,unchanged,0.85961,0.11276,0.02763
ModernBERT-base,full,single,2048,123,dev,Azerbaijan,2025,1,unchanged,0.97199,0.00815,0.01986
ModernBERT-base,full,single,2048,123,dev,Azerbaijan,2025,2,unchanged,0.97333,0.00842,0.01825
ModernBERT-base,full,single,2048,123,dev,Azerbaijan,2025,3,unchanged,0.96125,0.01506,0.02369
ModernBERT-base,full,single,2048,123,test,Azerbaijan,2025,7,unchanged,0.94994,0.0156,0.03447
ModernBERT-base,full,single,2048,123,test,Azerbaijan,2025,10,unchanged,0.96781,0.00739,0.0248
ModernBERT-base,full,single,2048,123,test,Azerbaijan,2025,12,unchanged,0.97331,0.00527,0.02142
ModernBERT-base,full,single,2048,123,test,Azerbaijan,2026,3,unchanged,0.90087,0.06107,0.03807
ModernBERT-base,full,single,2048,123,dev,Georgia,2025,1,unchanged,0.65028,0.31231,0.03741
ModernBERT-base,full,single,2048,123,dev,Georgia,2025,2,unchanged,0.86039,0.09999,0.03962
ModernBERT-base,full,single,2048,123,dev,Georgia,2025,3,unchanged,0.94916,0.01985,0.03099
ModernBERT-base,full,single,2048,123,test,Georgia,2025,7,unchanged,0.93039,0.03993,0.02967
ModernBERT-base,full,single,2048,123,test,Georgia,2025,10,unchanged,0.11686,0.87758,0.00555
ModernBERT-base,full,single,2048,123,test,Georgia,2025,12,unchanged,0.81873,0.15841,0.02287
ModernBERT-base,full,single,2048,123,test,Georgia,2026,3,unchanged,0.96206,0.01289,0.02504
ModernBERT-base,full,single,2048,123,dev,Belarus,2025,1,unchanged,0.9078,0.07423,0.01798
ModernBERT-base,full,single,2048,123,dev,Belarus,2025,2,unchanged,0.93608,0.04553,0.01839
ModernBERT-base,full,single,2048,123,dev,Belarus,2025,3,unchanged,0.96233,0.01862,0.01906
ModernBERT-base,full,single,2048,123,test,Belarus,2025,7,unchanged,0.96989,0.0112,0.01891
ModernBERT-base,full,single,2048,123,test,Belarus,2025,10,unchanged,0.97388,0.00897,0.01715
ModernBERT-base,full,single,2048,123,test,Belarus,2025,12,unchanged,0.96892,0.01361,0.01747
ModernBERT-base,full,single,2048,123,test,Belarus,2026,3,unchanged,0.97048,0.00922,0.0203
ModernBERT-base,full,single,2048,123,dev,Ukraine,2025,1,unchanged,0.92675,0.0495,0.02375
ModernBERT-base,full,single,2048,123,dev,Ukraine,2025,2,unchanged,0.93729,0.03869,0.02402
ModernBERT-base,full,single,2048,123,dev,Ukraine,2025,3,unchanged,0.90503,0.06633,0.02864
ModernBERT-base,full,single,2048,123,test,Ukraine,2025,12,unchanged,0.75152,0.21136,0.03712
ModernBERT-base,full,single,2048,123,test,Ukraine,2026,3,unchanged,0.85739,0.10858,0.03403
ModernBERT-base,full,single,2048,123,dev,Cyprus,2025,1,unchanged,0.97445,0.00699,0.01856
ModernBERT-base,full,single,2048,123,dev,Cyprus,2025,2,unchanged,0.97871,0.00522,0.01607
ModernBERT-base,full,single,2048,123,dev,Cyprus,2025,3,unchanged,0.97134,0.00753,0.02113
ModernBERT-base,full,single,2048,123,test,Cyprus,2025,7,unchanged,0.96855,0.00408,0.02737
ModernBERT-base,full,single,2048,123,test,Cyprus,2025,10,unchanged,0.95535,0.01222,0.03244
ModernBERT-base,full,single,2048,123,test,Cyprus,2025,12,unchanged,0.95989,0.01135,0.02876
ModernBERT-base,full,single,2048,123,test,Cyprus,2026,3,unchanged,0.88599,0.08273,0.03128
ModernBERT-base,full,single,2048,123,dev,Türkiye,2025,1,unchanged,0.9727,0.00848,0.01882
ModernBERT-base,full,single,2048,123,dev,Türkiye,2025,3,deteriorated,0.94687,0.02563,0.0275
ModernBERT-base,full,single,2048,123,test,Türkiye,2025,7,improved,0.90566,0.06359,0.03075
ModernBERT-base,full,single,2048,123,test,Türkiye,2025,10,unchanged,0.96881,0.01076,0.02042
ModernBERT-base,full,single,2048,123,test,Türkiye,2025,12,unchanged,0.96938,0.00852,0.0221
ModernBERT-base,full,single,2048,123,test,Türkiye,2026,3,unchanged,0.93447,0.03709,0.02844
ModernBERT-base,full,single,2048,123,dev,Kyrgyzstan,2025,1,unchanged,0.96967,0.00577,0.02456
ModernBERT-base,full,single,2048,123,dev,Kyrgyzstan,2025,2,unchanged,0.97205,0.00436,0.02359
ModernBERT-base,full,single,2048,123,dev,Kyrgyzstan,2025,3,improved,0.96547,0.00583,0.0287
ModernBERT-base,full,single,2048,123,test,Kyrgyzstan,2025,7,unchanged,0.97251,0.00417,0.02332
ModernBERT-base,full,single,2048,123,test,Kyrgyzstan,2025,10,unchanged,0.97567,0.00393,0.02041
ModernBERT-base,full,single,2048,123,test,Kyrgyzstan,2025,12,unchanged,0.97547,0.00445,0.02009
ModernBERT-base,full,single,2048,123,test,Kyrgyzstan,2026,3,unchanged,0.97412,0.00636,0.01952
ModernBERT-base,full,single,2048,123,dev,Tajikistan,2025,1,unchanged,0.96744,0.00575,0.02681
ModernBERT-base,full,single,2048,123,dev,Tajikistan,2025,2,unchanged,0.95324,0.01258,0.03418
ModernBERT-base,full,single,2048,123,dev,Tajikistan,2025,3,improved,0.95159,0.01265,0.03576
ModernBERT-base,full,single,2048,123,test,Tajikistan,2025,7,unchanged,0.96951,0.00485,0.02564
ModernBERT-base,full,single,2048,123,test,Tajikistan,2025,10,unchanged,0.97265,0.0043,0.02305
ModernBERT-base,full,single,2048,123,test,Tajikistan,2025,12,unchanged,0.94304,0.02893,0.02804
ModernBERT-base,full,single,2048,123,test,Tajikistan,2026,3,unchanged,0.94765,0.02709,0.02525
ModernBERT-base,full,single,2048,123,dev,Uzbekistan,2025,1,unchanged,0.9756,0.00431,0.02009
ModernBERT-base,full,single,2048,123,dev,Uzbekistan,2025,2,unchanged,0.97729,0.00439,0.01832
ModernBERT-base,full,single,2048,123,dev,Uzbekistan,2025,3,unchanged,0.97863,0.00316,0.01821
ModernBERT-base,full,single,2048,123,test,Uzbekistan,2025,7,unchanged,0.97365,0.00291,0.02344
ModernBERT-base,full,single,2048,123,test,Uzbekistan,2025,10,unchanged,0.97646,0.00287,0.02067
ModernBERT-base,full,single,2048,123,test,Uzbekistan,2025,12,unchanged,0.98208,0.00247,0.01545
ModernBERT-base,full,single,2048,123,test,Uzbekistan,2026,3,unchanged,0.96856,0.00812,0.02332
ModernBERT-base,full,single,2048,123,dev,Lebanon,2025,1,unchanged,0.22006,0.7606,0.01934
ModernBERT-base,full,single,2048,123,dev,Lebanon,2025,2,unchanged,0.83531,0.10829,0.0564
ModernBERT-base,full,single,2048,123,dev,Lebanon,2025,3,unchanged,0.147,0.84223,0.01077
ModernBERT-base,full,single,2048,123,test,Lebanon,2025,6,unchanged,0.76588,0.20047,0.03365
ModernBERT-base,full,single,2048,123,test,Lebanon,2025,6,unchanged,0.92437,0.04899,0.02664
ModernBERT-base,full,single,2048,123,test,Lebanon,2025,7,unchanged,0.83453,0.13757,0.02789
ModernBERT-base,full,single,2048,123,test,Lebanon,2025,10,unchanged,0.72771,0.24494,0.02735
ModernBERT-base,full,single,2048,123,test,Lebanon,2025,12,unchanged,0.62325,0.34486,0.03189
ModernBERT-base,full,single,2048,123,dev,Syria,2025,1,unchanged,0.00766,0.99196,0.00038
ModernBERT-base,full,single,2048,123,dev,Syria,2025,2,unchanged,0.21468,0.77764,0.00768
ModernBERT-base,full,single,2048,123,dev,Syria,2025,3,deteriorated,0.53652,0.44133,0.02214
ModernBERT-base,full,single,2048,123,test,Syria,2025,6,deteriorated,0.44886,0.53304,0.0181
ModernBERT-base,full,single,2048,123,test,Syria,2025,6,deteriorated,0.49594,0.48445,0.01961
ModernBERT-base,full,single,2048,123,test,Syria,2025,7,deteriorated,0.07628,0.92019,0.00353
ModernBERT-base,full,single,2048,123,test,Syria,2025,10,improved,0.04851,0.94802,0.00347
ModernBERT-base,full,single,2048,123,test,Syria,2025,12,deteriorated,0.00052,0.99944,4e-05
ModernBERT-base,full,single,2048,123,dev,Iran,2025,1,unchanged,0.92699,0.04202,0.03099
ModernBERT-base,full,single,2048,123,dev,Iran,2025,2,unchanged,0.8741,0.09431,0.03159
ModernBERT-base,full,single,2048,123,dev,Iran,2025,3,unchanged,0.86671,0.10072,0.03257
ModernBERT-base,full,single,2048,123,test,Iran,2025,7,unchanged,0.87266,0.0927,0.03464
ModernBERT-base,full,single,2048,123,test,Iran,2025,10,unchanged,0.91984,0.04336,0.0368
ModernBERT-base,full,single,2048,123,test,Iran,2025,12,deteriorated,0.74997,0.21932,0.03071
ModernBERT-base,full,single,2048,123,dev,Iraq,2025,1,unchanged,0.91725,0.05773,0.02502
ModernBERT-base,full,single,2048,123,dev,Iraq,2025,2,unchanged,0.8781,0.09775,0.02414
ModernBERT-base,full,single,2048,123,dev,Iraq,2025,3,unchanged,0.90037,0.07449,0.02515
ModernBERT-base,full,single,2048,123,test,Iraq,2025,6,unchanged,0.78931,0.18149,0.0292
ModernBERT-base,full,single,2048,123,test,Iraq,2025,6,unchanged,0.89173,0.08134,0.02693
ModernBERT-base,full,single,2048,123,test,Iraq,2025,7,unchanged,0.89632,0.07532,0.02837
ModernBERT-base,full,single,2048,123,test,Iraq,2025,10,unchanged,0.8963,0.07444,0.02927
ModernBERT-base,full,single,2048,123,test,Iraq,2025,12,unchanged,0.95207,0.02071,0.02722
ModernBERT-base,full,single,2048,123,dev,Saudi Arabia,2025,1,unchanged,0.96883,0.00838,0.02278
ModernBERT-base,full,single,2048,123,dev,Saudi Arabia,2025,2,unchanged,0.94871,0.0208,0.0305
ModernBERT-base,full,single,2048,123,dev,Saudi Arabia,2025,3,unchanged,0.94575,0.02313,0.03112
ModernBERT-base,full,single,2048,123,test,Saudi Arabia,2025,6,unchanged,0.88283,0.07928,0.03789
ModernBERT-base,full,single,2048,123,test,Saudi Arabia,2025,6,unchanged,0.92967,0.04021,0.03012
ModernBERT-base,full,single,2048,123,test,Saudi Arabia,2025,7,unchanged,0.95993,0.01528,0.02479
ModernBERT-base,full,single,2048,123,test,Saudi Arabia,2025,10,unchanged,0.95247,0.01691,0.03062
ModernBERT-base,full,single,2048,123,test,Saudi Arabia,2025,12,unchanged,0.35983,0.60377,0.0364
ModernBERT-base,full,single,2048,123,test,Yemen,2025,6,unchanged,0.06967,0.92306,0.00727
ModernBERT-base,full,single,2048,123,test,Yemen,2025,6,unchanged,0.53889,0.42298,0.03813
ModernBERT-base,full,single,2048,123,test,Yemen,2025,7,deteriorated,0.58065,0.38379,0.03556
ModernBERT-base,full,single,2048,123,dev,Algeria,2025,1,unchanged,0.97887,0.00468,0.01645
ModernBERT-base,full,single,2048,123,dev,Algeria,2025,2,unchanged,0.97809,0.00573,0.01618
ModernBERT-base,full,single,2048,123,dev,Algeria,2025,3,unchanged,0.9791,0.00483,0.01607
ModernBERT-base,full,single,2048,123,test,Algeria,2025,6,unchanged,0.98026,0.0042,0.01554
ModernBERT-base,full,single,2048,123,test,Algeria,2025,6,unchanged,0.98521,0.00248,0.01231
ModernBERT-base,full,single,2048,123,test,Algeria,2025,7,unchanged,0.98627,0.00193,0.0118
ModernBERT-base,full,single,2048,123,test,Algeria,2025,10,unchanged,0.98385,0.00244,0.01371
ModernBERT-base,full,single,2048,123,test,Algeria,2025,12,unchanged,0.97527,0.00496,0.01977
ModernBERT-base,full,single,2048,123,dev,Egypt,2025,1,unchanged,0.97763,0.00581,0.01656
ModernBERT-base,full,single,2048,123,dev,Egypt,2025,2,unchanged,0.97161,0.00945,0.01894
ModernBERT-base,full,single,2048,123,dev,Egypt,2025,3,unchanged,0.97102,0.0099,0.01908
ModernBERT-base,full,single,2048,123,test,Egypt,2025,6,unchanged,0.96641,0.014,0.01959
ModernBERT-base,full,single,2048,123,test,Egypt,2025,6,unchanged,0.97783,0.00649,0.01568
ModernBERT-base,full,single,2048,123,test,Egypt,2025,7,unchanged,0.97492,0.0083,0.01677
ModernBERT-base,full,single,2048,123,test,Egypt,2025,10,unchanged,0.97424,0.0075,0.01827
ModernBERT-base,full,single,2048,123,test,Egypt,2025,12,unchanged,0.97182,0.00754,0.02065
ModernBERT-base,full,single,2048,123,dev,Libya,2025,1,unchanged,0.95855,0.01649,0.02495
ModernBERT-base,full,single,2048,123,dev,Libya,2025,2,unchanged,0.94954,0.02415,0.02631
ModernBERT-base,full,single,2048,123,dev,Libya,2025,3,unchanged,0.96512,0.01355,0.02132
ModernBERT-base,full,single,2048,123,test,Libya,2025,6,unchanged,0.94745,0.02525,0.0273
ModernBERT-base,full,single,2048,123,test,Libya,2025,6,unchanged,0.94446,0.02679,0.02874
ModernBERT-base,full,single,2048,123,test,Libya,2025,7,unchanged,0.96062,0.01181,0.02757
ModernBERT-base,full,single,2048,123,test,Libya,2025,10,unchanged,0.92951,0.03359,0.0369
ModernBERT-base,full,single,2048,123,test,Libya,2025,12,unchanged,0.08672,0.90626,0.00703
ModernBERT-base,full,single,2048,123,dev,Tunisia,2025,1,unchanged,0.97167,0.00909,0.01924
ModernBERT-base,full,single,2048,123,dev,Tunisia,2025,2,unchanged,0.96431,0.01354,0.02215
ModernBERT-base,full,single,2048,123,dev,Tunisia,2025,3,unchanged,0.95818,0.01839,0.02343
ModernBERT-base,full,single,2048,123,test,Tunisia,2025,6,unchanged,0.96741,0.01402,0.01857
ModernBERT-base,full,single,2048,123,test,Tunisia,2025,6,unchanged,0.97768,0.00712,0.0152
ModernBERT-base,full,single,2048,123,test,Tunisia,2025,7,unchanged,0.98174,0.00469,0.01357
ModernBERT-base,full,single,2048,123,test,Tunisia,2025,10,unchanged,0.971,0.01281,0.01619
ModernBERT-base,full,single,2048,123,test,Tunisia,2025,12,unchanged,0.91149,0.06551,0.023
ModernBERT-base,full,single,2048,123,dev,Western Sahara,2025,1,unchanged,0.95636,0.01894,0.0247
ModernBERT-base,full,single,2048,123,dev,Western Sahara,2025,2,unchanged,0.95836,0.01467,0.02697
ModernBERT-base,full,single,2048,123,dev,Western Sahara,2025,3,unchanged,0.97105,0.00707,0.02188
ModernBERT-base,full,single,2048,123,test,Western Sahara,2025,6,unchanged,0.97758,0.00321,0.01921
ModernBERT-base,full,single,2048,123,test,Western Sahara,2025,6,unchanged,0.98184,0.00247,0.01569
ModernBERT-base,full,single,2048,123,test,Western Sahara,2025,7,unchanged,0.97887,0.00271,0.01843
ModernBERT-base,full,single,2048,123,test,Western Sahara,2025,10,unchanged,0.97385,0.0048,0.02135
ModernBERT-base,full,single,2048,123,test,Western Sahara,2025,12,unchanged,0.96947,0.00428,0.02624
ModernBERT-base,full,single,2048,123,dev,Central African Republic,2025,1,unchanged,0.98217,0.00477,0.01306
ModernBERT-base,full,single,2048,123,dev,Central African Republic,2025,2,unchanged,0.9795,0.0062,0.0143
ModernBERT-base,full,single,2048,123,dev,Central African Republic,2025,2,unchanged,0.97905,0.0062,0.01475
ModernBERT-base,full,single,2048,123,dev,Central African Republic,2025,3,unchanged,0.98108,0.00414,0.01478
ModernBERT-base,full,single,2048,123,test,Central African Republic,2025,7,unchanged,0.96847,0.0098,0.02173
ModernBERT-base,full,single,2048,123,test,Central African Republic,2025,10,unchanged,0.97244,0.00815,0.01941
ModernBERT-base,full,single,2048,123,dev,Mali,2025,1,unchanged,0.97318,0.00954,0.01728
ModernBERT-base,full,single,2048,123,dev,Mali,2025,2,unchanged,0.96902,0.0135,0.01747
ModernBERT-base,full,single,2048,123,dev,Mali,2025,2,unchanged,0.96736,0.01492,0.01772
ModernBERT-base,full,single,2048,123,dev,Mali,2025,3,unchanged,0.97398,0.00978,0.01624
ModernBERT-base,full,single,2048,123,test,Mali,2025,7,deteriorated,0.86525,0.10274,0.03201
ModernBERT-base,full,single,2048,123,test,Mali,2025,12,unchanged,0.83548,0.12838,0.03614
ModernBERT-base,full,single,2048,123,dev,Niger,2025,1,unchanged,0.98051,0.00539,0.0141
ModernBERT-base,full,single,2048,123,dev,Niger,2025,2,unchanged,0.97574,0.00812,0.01615
ModernBERT-base,full,single,2048,123,dev,Niger,2025,2,unchanged,0.97778,0.00629,0.01593
ModernBERT-base,full,single,2048,123,dev,Niger,2025,3,deteriorated,0.97217,0.00961,0.01823
ModernBERT-base,full,single,2048,123,test,Niger,2025,7,unchanged,0.96848,0.01219,0.01933
ModernBERT-base,full,single,2048,123,test,Niger,2025,10,unchanged,0.95752,0.02149,0.02099
ModernBERT-base,full,single,2048,123,test,Niger,2025,12,unchanged,0.97326,0.00849,0.01825
ModernBERT-base,full,single,2048,123,dev,Benin,2025,1,deteriorated,0.97616,0.00793,0.0159
ModernBERT-base,full,single,2048,123,dev,Benin,2025,2,unchanged,0.96385,0.01969,0.01645
ModernBERT-base,full,single,2048,123,dev,Benin,2025,2,unchanged,0.95042,0.03422,0.01536
ModernBERT-base,full,single,2048,123,dev,Benin,2025,3,unchanged,0.97002,0.01593,0.01405
ModernBERT-base,full,single,2048,123,test,Benin,2025,7,unchanged,0.97963,0.00312,0.01726
ModernBERT-base,full,single,2048,123,test,Benin,2025,10,unchanged,0.88721,0.08382,0.02897
ModernBERT-base,full,single,2048,123,test,Benin,2025,12,deteriorated,0.1564,0.83726,0.00634
ModernBERT-base,full,single,2048,123,dev,Moldova,2025,1,deteriorated,0.93728,0.03634,0.02638
ModernBERT-base,full,single,2048,123,dev,Moldova,2025,2,unchanged,0.89603,0.07355,0.03042
ModernBERT-base,full,single,2048,123,test,Moldova,2026,3,unchanged,0.89725,0.07629,0.02647
ModernBERT-base,full,single,2048,123,test,Israel/Palestine,2025,12,unchanged,0.94961,0.01986,0.03053
ModernBERT-base,full,single,2048,123,dev,Colombia,2025,2,unchanged,0.95958,0.01189,0.02853
ModernBERT-base,full,single,2048,123,dev,Colombia,2025,3,unchanged,0.96593,0.00823,0.02584
ModernBERT-base,full,single,2048,123,test,Colombia,2025,7,unchanged,0.95414,0.01495,0.03091
ModernBERT-base,full,single,2048,123,test,Colombia,2025,10,deteriorated,0.93282,0.03293,0.03424
ModernBERT-base,full,single,2048,123,test,Colombia,2025,12,unchanged,0.48587,0.48209,0.03205
ModernBERT-base,full,single,2048,123,dev,Ecuador,2025,1,deteriorated,0.88746,0.08925,0.02328
ModernBERT-base,full,single,2048,123,dev,Ecuador,2025,2,unchanged,0.88702,0.08512,0.02785
ModernBERT-base,full,single,2048,123,dev,Ecuador,2025,3,unchanged,0.84788,0.11793,0.03419
ModernBERT-base,full,single,2048,123,test,Ecuador,2025,7,unchanged,0.97333,0.00709,0.01958
ModernBERT-base,full,single,2048,123,test,Ecuador,2025,10,unchanged,0.93051,0.04268,0.02681
ModernBERT-base,full,single,2048,123,test,Ecuador,2025,12,unchanged,0.75306,0.21512,0.03182
ModernBERT-base,full,single,2048,123,dev,Venezuela,2025,1,unchanged,0.93428,0.03222,0.0335
ModernBERT-base,full,single,2048,123,dev,Venezuela,2025,2,unchanged,0.91231,0.0476,0.04008
ModernBERT-base,full,single,2048,123,dev,Venezuela,2025,3,unchanged,0.91473,0.04662,0.03865
ModernBERT-base,full,single,2048,123,test,Venezuela,2025,7,unchanged,0.90774,0.05537,0.03689
ModernBERT-base,full,single,2048,123,dev,El Salvador,2025,1,unchanged,0.97999,0.00353,0.01647
ModernBERT-base,full,single,2048,123,dev,El Salvador,2025,2,unchanged,0.97876,0.00453,0.01671
ModernBERT-base,full,single,2048,123,dev,El Salvador,2025,3,unchanged,0.9771,0.00648,0.01642
ModernBERT-base,full,single,2048,123,test,El Salvador,2025,7,deteriorated,0.97809,0.00521,0.0167
ModernBERT-base,full,single,2048,123,test,El Salvador,2025,10,unchanged,0.98151,0.00317,0.01532
ModernBERT-base,full,single,2048,123,test,El Salvador,2025,12,unchanged,0.9792,0.00279,0.018
ModernBERT-base,full,single,2048,123,test,Honduras,2025,12,deteriorated,0.62506,0.28312,0.09182
ModernBERT-base,full,single,2048,123,dev,Mexico,2025,1,unchanged,0.92069,0.05194,0.02737
ModernBERT-base,full,single,2048,123,dev,Mexico,2025,2,unchanged,0.96632,0.01378,0.0199
ModernBERT-base,full,single,2048,123,dev,Mexico,2025,3,unchanged,0.96351,0.0157,0.02079
ModernBERT-base,full,single,2048,123,test,Mexico,2025,7,unchanged,0.95713,0.0142,0.02868
ModernBERT-base,full,single,2048,123,test,Mexico,2025,10,unchanged,0.91253,0.05209,0.03538
ModernBERT-base,full,single,2048,123,test,Mexico,2025,12,unchanged,0.80179,0.16353,0.03468
ModernBERT-base,full,single,2048,123,dev,Nicaragua,2025,1,unchanged,0.97858,0.00498,0.01645
ModernBERT-base,full,single,2048,123,dev,Nicaragua,2025,2,deteriorated,0.97716,0.00563,0.01721
ModernBERT-base,full,single,2048,123,dev,Nicaragua,2025,3,unchanged,0.98045,0.00407,0.01548
ModernBERT-base,full,single,2048,123,test,Nicaragua,2025,7,unchanged,0.97565,0.00418,0.02017
ModernBERT-base,full,single,2048,123,test,Nicaragua,2025,10,unchanged,0.97614,0.00512,0.01874
ModernBERT-base,full,single,2048,123,test,Nicaragua,2025,12,unchanged,0.98379,0.00308,0.01313
ModernBERT-base,full,single,2048,123,dev,Haiti,2025,1,unchanged,0.93466,0.04043,0.02491
ModernBERT-base,full,single,2048,123,dev,Haiti,2025,2,unchanged,0.93655,0.03689,0.02657
ModernBERT-base,full,single,2048,123,dev,Haiti,2025,3,deteriorated,0.78593,0.18137,0.03269
ModernBERT-base,full,single,2048,123,test,Haiti,2025,7,unchanged,0.70726,0.26532,0.02742
ModernBERT-base,full,single,2048,123,test,Haiti,2025,10,unchanged,0.852,0.11598,0.03202
ModernBERT-base,full,single,2048,123,test,Haiti,2025,12,unchanged,0.74378,0.22354,0.03268
ModernBERT-base,full,single,2048,123,dev,China/Japan,2025,1,unchanged,0.98133,0.00602,0.01265
ModernBERT-base,full,single,2048,123,dev,China/Japan,2025,2,unchanged,0.98173,0.00532,0.01295
ModernBERT-base,full,single,2048,123,dev,China/Japan,2025,3,unchanged,0.98079,0.00565,0.01356
ModernBERT-base,full,single,2048,123,test,China/Japan,2025,6,unchanged,0.97932,0.0066,0.01408
ModernBERT-base,full,single,2048,123,test,China/Japan,2025,6,unchanged,0.98419,0.0039,0.01191
ModernBERT-base,full,single,2048,123,test,China/Japan,2025,7,unchanged,0.98302,0.00441,0.01257
ModernBERT-base,full,single,2048,123,test,China/Japan,2025,7,unchanged,0.98732,0.00237,0.0103
ModernBERT-base,full,single,2048,123,test,China/Japan,2025,10,unchanged,0.98518,0.00344,0.01138
ModernBERT-base,full,single,2048,123,test,China/Japan,2025,12,unchanged,0.96712,0.01446,0.01842
ModernBERT-base,full,single,2048,123,dev,Korean Peninsula,2025,1,unchanged,0.7004,0.28079,0.01881
ModernBERT-base,full,single,2048,123,dev,Korean Peninsula,2025,2,unchanged,0.60752,0.37428,0.0182
ModernBERT-base,full,single,2048,123,dev,Korean Peninsula,2025,3,unchanged,0.88761,0.08892,0.02347
ModernBERT-base,full,single,2048,123,test,Korean Peninsula,2025,6,unchanged,0.95062,0.02614,0.02325
ModernBERT-base,full,single,2048,123,test,Korean Peninsula,2025,6,unchanged,0.96367,0.0157,0.02064
ModernBERT-base,full,single,2048,123,test,Korean Peninsula,2025,7,unchanged,0.96927,0.01077,0.01996
ModernBERT-base,full,single,2048,123,test,Korean Peninsula,2025,7,unchanged,0.96983,0.00989,0.02029
ModernBERT-base,full,single,2048,123,test,Korean Peninsula,2025,10,unchanged,0.96296,0.01593,0.02111
ModernBERT-base,full,single,2048,123,test,Korean Peninsula,2025,12,unchanged,0.96127,0.01831,0.02042
ModernBERT-base,full,single,2048,123,dev,Taiwan Strait,2025,1,unchanged,0.95074,0.02655,0.02271
ModernBERT-base,full,single,2048,123,dev,Taiwan Strait,2025,2,unchanged,0.94826,0.02909,0.02265
ModernBERT-base,full,single,2048,123,dev,Taiwan Strait,2025,3,unchanged,0.96233,0.01906,0.01862
ModernBERT-base,full,single,2048,123,test,Taiwan Strait,2025,6,unchanged,0.9694,0.01405,0.01655
ModernBERT-base,full,single,2048,123,test,Taiwan Strait,2025,6,unchanged,0.97441,0.01033,0.01527
ModernBERT-base,full,single,2048,123,test,Taiwan Strait,2025,7,unchanged,0.97613,0.00858,0.01529
ModernBERT-base,full,single,2048,123,test,Taiwan Strait,2025,7,unchanged,0.97832,0.00659,0.01509
ModernBERT-base,full,single,2048,123,test,Taiwan Strait,2025,10,unchanged,0.97328,0.01024,0.01649
ModernBERT-base,full,single,2048,123,test,Taiwan Strait,2025,12,deteriorated,0.94741,0.02773,0.02486
ModernBERT-base,full,single,2048,123,dev,Afghanistan,2025,1,unchanged,0.76056,0.21769,0.02174
ModernBERT-base,full,single,2048,123,dev,Afghanistan,2025,2,unchanged,0.78008,0.19762,0.0223
ModernBERT-base,full,single,2048,123,dev,Afghanistan,2025,3,unchanged,0.84393,0.1334,0.02267
ModernBERT-base,full,single,2048,123,test,Afghanistan,2025,7,unchanged,0.96532,0.017,0.01768
ModernBERT-base,full,single,2048,123,test,Afghanistan,2025,7,unchanged,0.97295,0.01133,0.01573
ModernBERT-base,full,single,2048,123,test,Afghanistan,2025,12,unchanged,0.38241,0.59928,0.01831
ModernBERT-base,full,single,2048,123,dev,Bangladesh,2025,1,unchanged,0.9499,0.02632,0.02378
ModernBERT-base,full,single,2048,123,dev,Bangladesh,2025,2,unchanged,0.89923,0.06591,0.03487
ModernBERT-base,full,single,2048,123,dev,Bangladesh,2025,3,unchanged,0.7971,0.16321,0.03969
ModernBERT-base,full,single,2048,123,test,Bangladesh,2025,6,unchanged,0.931,0.03813,0.03088
ModernBERT-base,full,single,2048,123,test,Bangladesh,2025,6,unchanged,0.96234,0.01394,0.02372
ModernBERT-base,full,single,2048,123,test,Bangladesh,2025,7,unchanged,0.96188,0.01289,0.02524
ModernBERT-base,full,single,2048,123,test,Bangladesh,2025,7,unchanged,0.97039,0.00741,0.02221
ModernBERT-base,full,single,2048,123,test,Bangladesh,2025,10,unchanged,0.9589,0.01411,0.02699
ModernBERT-base,full,single,2048,123,test,Bangladesh,2025,12,deteriorated,0.83635,0.1161,0.04755
ModernBERT-base,full,single,2048,123,dev,India,2025,1,unchanged,0.95117,0.02698,0.02185
ModernBERT-base,full,single,2048,123,dev,India,2025,2,unchanged,0.93886,0.03727,0.02387
ModernBERT-base,full,single,2048,123,dev,India,2025,3,unchanged,0.95302,0.02331,0.02367
ModernBERT-base,full,single,2048,123,test,India,2025,6,unchanged,0.94855,0.02733,0.02412
ModernBERT-base,full,single,2048,123,test,India,2025,6,unchanged,0.95195,0.02346,0.02459
ModernBERT-base,full,single,2048,123,test,India,2025,7,unchanged,0.97116,0.00916,0.01969
ModernBERT-base,full,single,2048,123,test,India,2025,7,unchanged,0.97922,0.00426,0.01652
ModernBERT-base,full,single,2048,123,test,India,2025,10,improved,0.97581,0.00618,0.01801
ModernBERT-base,full,single,2048,123,test,India,2025,12,unchanged,0.96586,0.01124,0.02289
ModernBERT-base,full,single,2048,123,dev,Pakistan,2025,1,unchanged,0.12507,0.86984,0.00509
ModernBERT-base,full,single,2048,123,dev,Pakistan,2025,2,unchanged,0.05825,0.93912,0.00264
ModernBERT-base,full,single,2048,123,dev,Pakistan,2025,3,unchanged,0.04541,0.95219,0.0024
ModernBERT-base,full,single,2048,123,test,Pakistan,2025,6,unchanged,0.69174,0.28058,0.02767
ModernBERT-base,full,single,2048,123,test,Pakistan,2025,6,unchanged,0.88202,0.0894,0.02857
ModernBERT-base,full,single,2048,123,test,Pakistan,2025,7,unchanged,0.91205,0.06063,0.02733
ModernBERT-base,full,single,2048,123,test,Pakistan,2025,7,unchanged,0.95354,0.02278,0.02369
ModernBERT-base,full,single,2048,123,test,Pakistan,2025,12,unchanged,0.09086,0.90432,0.00482
ModernBERT-base,full,single,2048,123,dev,Sri Lanka,2025,1,unchanged,0.96832,0.00763,0.02405
ModernBERT-base,full,single,2048,123,dev,Sri Lanka,2025,2,unchanged,0.97194,0.00625,0.02181
ModernBERT-base,full,single,2048,123,dev,Sri Lanka,2025,3,unchanged,0.97002,0.00735,0.02264
ModernBERT-base,full,single,2048,123,test,Sri Lanka,2025,6,unchanged,0.9769,0.00521,0.01789
ModernBERT-base,full,single,2048,123,test,Sri Lanka,2025,6,unchanged,0.98157,0.00317,0.01526
ModernBERT-base,full,single,2048,123,test,Sri Lanka,2025,7,unchanged,0.9835,0.00285,0.01365
ModernBERT-base,full,single,2048,123,test,Sri Lanka,2025,7,unchanged,0.98649,0.00185,0.01167
ModernBERT-base,full,single,2048,123,test,Sri Lanka,2025,10,unchanged,0.98407,0.00264,0.01329
ModernBERT-base,full,single,2048,123,test,Sri Lanka,2025,12,unchanged,0.96025,0.00971,0.03003
ModernBERT-base,full,single,2048,123,dev,Myanmar,2025,1,unchanged,0.59676,0.37198,0.03126
ModernBERT-base,full,single,2048,123,dev,Myanmar,2025,2,unchanged,0.75636,0.21544,0.0282
ModernBERT-base,full,single,2048,123,dev,Myanmar,2025,3,unchanged,0.88751,0.08484,0.02765
ModernBERT-base,full,single,2048,123,test,Myanmar,2025,6,unchanged,0.95491,0.02263,0.02246
ModernBERT-base,full,single,2048,123,test,Myanmar,2025,6,unchanged,0.96576,0.01356,0.02068
ModernBERT-base,full,single,2048,123,test,Myanmar,2025,7,unchanged,0.96882,0.01043,0.02075
ModernBERT-base,full,single,2048,123,test,Myanmar,2025,7,unchanged,0.97394,0.00616,0.0199
ModernBERT-base,full,single,2048,123,test,Myanmar,2025,10,unchanged,0.9715,0.00881,0.0197
ModernBERT-base,full,single,2048,123,test,Myanmar,2025,12,unchanged,0.95876,0.01742,0.02382
ModernBERT-base,full,single,2048,123,dev,Philippines,2025,1,unchanged,0.98195,0.00377,0.01428
ModernBERT-base,full,single,2048,123,dev,Philippines,2025,2,unchanged,0.98086,0.00401,0.01513
ModernBERT-base,full,single,2048,123,dev,Philippines,2025,3,unchanged,0.9819,0.00365,0.01445
ModernBERT-base,full,single,2048,123,test,Philippines,2025,6,unchanged,0.98306,0.0028,0.01413
ModernBERT-base,full,single,2048,123,test,Philippines,2025,6,unchanged,0.98635,0.00185,0.0118
ModernBERT-base,full,single,2048,123,test,Philippines,2025,7,unchanged,0.98594,0.00203,0.01203
ModernBERT-base,full,single,2048,123,test,Philippines,2025,7,unchanged,0.98757,0.00142,0.01101
ModernBERT-base,full,single,2048,123,test,Philippines,2025,10,unchanged,0.98526,0.00209,0.01265
ModernBERT-base,full,single,2048,123,test,Philippines,2025,12,unchanged,0.97849,0.004,0.01751
ModernBERT-base,full,single,2048,123,dev,South China Sea,2025,1,unchanged,0.96057,0.02224,0.01719
ModernBERT-base,full,single,2048,123,dev,South China Sea,2025,2,unchanged,0.95761,0.02512,0.01727
ModernBERT-base,full,single,2048,123,dev,South China Sea,2025,3,unchanged,0.9592,0.02364,0.01716
ModernBERT-base,full,single,2048,123,test,South China Sea,2025,6,unchanged,0.97027,0.01417,0.01556
ModernBERT-base,full,single,2048,123,test,South China Sea,2025,6,unchanged,0.97504,0.01126,0.01369
ModernBERT-base,full,single,2048,123,test,South China Sea,2025,7,unchanged,0.97359,0.01151,0.0149
ModernBERT-base,full,single,2048,123,test,South China Sea,2025,7,unchanged,0.97744,0.00794,0.01461
ModernBERT-base,full,single,2048,123,test,South China Sea,2025,10,unchanged,0.96531,0.01782,0.01687
ModernBERT-base,full,single,2048,123,test,South China Sea,2025,12,unchanged,0.95217,0.02853,0.0193
ModernBERT-base,full,single,2048,123,dev,Thailand,2025,1,unchanged,0.98325,0.00428,0.01247
ModernBERT-base,full,single,2048,123,dev,Thailand,2025,2,unchanged,0.98032,0.00548,0.0142
ModernBERT-base,full,single,2048,123,dev,Thailand,2025,3,unchanged,0.98006,0.00574,0.0142
ModernBERT-base,full,single,2048,123,test,Thailand,2025,6,deteriorated,0.9753,0.00805,0.01665
ModernBERT-base,full,single,2048,123,test,Thailand,2025,6,deteriorated,0.97771,0.00649,0.0158
ModernBERT-base,full,single,2048,123,test,Thailand,2025,7,unchanged,0.97991,0.00556,0.01453
ModernBERT-base,full,single,2048,123,test,Thailand,2025,7,unchanged,0.98191,0.00441,0.01368
ModernBERT-base,full,single,2048,123,test,Thailand,2025,10,improved,0.98417,0.00344,0.01239
ModernBERT-base,full,single,2048,123,test,Thailand,2025,12,unchanged,0.979,0.00461,0.01639
ModernBERT-base,full,single,2048,123,test,Guatemala,2025,10,unchanged,0.96381,0.00874,0.02745
ModernBERT-base,full,single,2048,123,dev,Bolivia,2025,1,unchanged,0.04119,0.95604,0.00277
ModernBERT-base,full,single,2048,123,dev,Bolivia,2025,2,unchanged,0.3892,0.58884,0.02196
ModernBERT-base,full,single,2048,123,test,Bolivia,2025,10,improved,0.92777,0.0108,0.06143
ModernBERT-base,full,single,2048,123,test,Bolivia,2025,12,unchanged,0.84188,0.0952,0.06292
ModernBERT-base,full,single,2048,123,dev,Peru,2025,3,unchanged,0.8903,0.06325,0.04645
ModernBERT-base,full,single,2048,123,test,Peru,2025,10,deteriorated,0.0011,0.99877,0.00013
ModernBERT-base,full,single,2048,123,test,Madagascar,2025,10,deteriorated,0.01728,0.9811,0.00162
ModernBERT-base,full,single,2048,123,dev,Guinea-Bissau,2025,2,deteriorated,0.00628,0.99242,0.0013
ModernBERT-base,full,single,2048,123,dev,Guinea-Bissau,2025,2,deteriorated,0.0165,0.98158,0.00192
ModernBERT-base,full,single,2048,123,dev,Guinea-Bissau,2025,3,unchanged,0.34082,0.62686,0.03233
ModernBERT-base,full,single,2048,123,test,Guinea-Bissau,2025,12,unchanged,0.05907,0.93492,0.00601
ModernBERT-base,full,single,2048,123,dev,Guyana,2025,3,unchanged,0.95056,0.01912,0.03032
ModernBERT-base,full,single,2048,123,dev,Jordan,2025,2,unchanged,0.9178,0.05426,0.02793
ModernBERT-base,full,single,2048,123,test,Kazakhstan,2026,3,unchanged,0.96023,0.00445,0.03532
ModernBERT-base,full,single,2048,123,dev,Togo,2025,2,unchanged,0.95571,0.02128,0.02301
ModernBERT-base,full,single,2048,123,dev,Togo,2025,2,unchanged,0.97982,0.0053,0.01488
ModernBERT-base,full,single,2048,123,dev,Togo,2025,3,unchanged,0.98037,0.00167,0.01796
ModernBERT-base,full,single,2048,123,test,Togo,2025,7,unchanged,0.61845,0.34154,0.04
ModernBERT-base,full,single,2048,123,test,Togo,2025,10,unchanged,0.27374,0.71279,0.01347
ModernBERT-base,full,single,2048,123,test,Papua New Guinea,2025,10,unchanged,0.96337,0.00468,0.03195
ModernBERT-base,full,single,2048,123,test,Cambodia,2025,7,unchanged,0.89627,0.07159,0.03214
ModernBERT-base,full,single,2048,123,test,Cambodia,2025,7,unchanged,0.97276,0.01089,0.01635
ModernBERT-base,full,single,2048,123,test,Brazil,2025,10,unchanged,0.01735,0.98134,0.0013
ModernBERT-base,full,single,2048,123,test,Angola,2025,7,deteriorated,0.00157,0.99825,0.00018
ModernBERT-base,full,single,2048,123,dev,Indonesia,2025,1,unchanged,0.96882,0.0106,0.02058
ModernBERT-base,full,single,2048,123,dev,Indonesia,2025,2,unchanged,0.95793,0.01882,0.02324
ModernBERT-base,full,single,2048,123,dev,Indonesia,2025,3,unchanged,0.95031,0.02717,0.02252
ModernBERT-base,full,single,2048,123,test,Indonesia,2025,6,unchanged,0.96216,0.01708,0.02076
ModernBERT-base,full,single,2048,123,test,Indonesia,2025,6,unchanged,0.97283,0.00976,0.01741
ModernBERT-base,full,single,2048,123,test,Indonesia,2025,7,unchanged,0.97716,0.00563,0.01721
ModernBERT-base,full,single,2048,123,test,Indonesia,2025,7,unchanged,0.98247,0.00244,0.01509
ModernBERT-base,full,single,2048,123,test,Indonesia,2025,10,unchanged,0.97515,0.00598,0.01886
ModernBERT-base,full,single,2048,123,test,Indonesia,2025,12,unchanged,0.94709,0.02584,0.02708
ModernBERT-base,full,single,2048,123,test,Ghana,2025,7,unchanged,0.83334,0.14767,0.019
ModernBERT-base,full,single,2048,123,dev,South Africa,2025,1,unchanged,0.97095,0.00777,0.02128
ModernBERT-base,full,single,2048,123,dev,South Africa,2025,2,unchanged,0.95712,0.01465,0.02823
ModernBERT-base,full,single,2048,123,dev,South Africa,2025,2,unchanged,0.95789,0.01536,0.02675
ModernBERT-base,full,single,2048,123,dev,South Africa,2025,3,unchanged,0.95753,0.01488,0.02759
ModernBERT-base,full,single,2048,123,test,South Africa,2025,7,unchanged,0.96596,0.00738,0.02666
ModernBERT-base,full,single,2048,123,test,South Africa,2025,10,unchanged,0.97115,0.0051,0.02375
ModernBERT-base,full,single,2048,123,test,South Africa,2025,12,unchanged,0.97417,0.00699,0.01885
ModernBERT-base,full,single,2048,123,test,Qatar,2025,6,unchanged,0.00376,0.99596,0.00028
ModernBERT-base,full,single,2048,123,test,Qatar,2025,6,unchanged,0.04124,0.95718,0.00158
ModernBERT-base,full,single,2048,123,test,Morocco,2025,10,deteriorated,0.16759,0.81811,0.0143
ModernBERT-base,full,single,2048,123,dev,Comoros Islands,2025,1,unchanged,0.0045,0.99496,0.00054
ModernBERT-base,full,single,2048,123,dev,Russia/U.S.,2025,1,unchanged,0.98466,0.00323,0.01211
ModernBERT-base,full,single,2048,123,dev,Russia/U.S.,2025,2,unchanged,0.9208,0.04842,0.03078
ModernBERT-base,full,single,2048,123,dev,Amazon,2025,1,unchanged,0.91155,0.05083,0.03762
ModernBERT-base,full,single,2048,123,dev,Amazon,2025,2,unchanged,0.905,0.06354,0.03146
ModernBERT-base,full,single,2048,123,dev,Amazon,2025,3,unchanged,0.9488,0.0247,0.0265
ModernBERT-base,full,single,2048,123,test,Amazon,2025,7,deteriorated,0.97072,0.00654,0.02274
ModernBERT-base,full,single,2048,123,test,Amazon,2025,10,unchanged,0.96796,0.00694,0.0251
ModernBERT-base,full,single,2048,123,test,Amazon,2025,12,unchanged,0.97103,0.00586,0.02311
ModernBERT-base,full,single,2048,123,test,China-U.S.,2025,6,unchanged,0.9711,0.00542,0.02347
ModernBERT-base,full,single,2048,123,test,China-U.S.,2025,6,unchanged,0.98136,0.00259,0.01605
ModernBERT-base,full,single,2048,123,test,China-U.S.,2025,10,improved,0.97598,0.00431,0.01971
ModernBERT-base,full,single,2048,123,test,China-U.S.,2025,12,unchanged,0.96924,0.00788,0.02288
ModernBERT-base,full,single,2048,123,dev,Cook Islands,2025,2,unchanged,0.90019,0.03253,0.06728
ModernBERT-base,full,single,2048,123,dev,Tasman Sea,2025,2,unchanged,0.76917,0.19372,0.03712
ModernBERT-base,full,single,2048,123,test,New Caledonia,2025,7,improved,0.80495,0.11596,0.07908
ModernBERT-base,full,single,2048,123,test,New Caledonia,2025,7,improved,0.95302,0.01705,0.02993
ModernBERT-base,full,single,2048,124,dev,Cameroon,2025,1,unchanged,0.78331,0.18281,0.03388
ModernBERT-base,full,single,2048,124,dev,Cameroon,2025,2,unchanged,0.60619,0.36339,0.03042
ModernBERT-base,full,single,2048,124,dev,Cameroon,2025,2,unchanged,0.54845,0.42381,0.02774
ModernBERT-base,full,single,2048,124,dev,Cameroon,2025,3,unchanged,0.45574,0.52048,0.02378
ModernBERT-base,full,single,2048,124,test,Cameroon,2025,7,unchanged,0.5534,0.41773,0.02887
ModernBERT-base,full,single,2048,124,test,Cameroon,2025,12,unchanged,0.91445,0.05438,0.03117
ModernBERT-base,full,single,2048,124,dev,Chad,2025,1,unchanged,0.49305,0.48163,0.02533
ModernBERT-base,full,single,2048,124,dev,Chad,2025,2,unchanged,0.28189,0.70317,0.01494
ModernBERT-base,full,single,2048,124,dev,Chad,2025,2,unchanged,0.33199,0.65,0.01801
ModernBERT-base,full,single,2048,124,dev,Chad,2025,3,unchanged,0.48514,0.48895,0.02591
ModernBERT-base,full,single,2048,124,test,Chad,2025,7,unchanged,0.59986,0.36956,0.03057
ModernBERT-base,full,single,2048,124,test,Chad,2025,10,deteriorated,0.74759,0.21799,0.03442
ModernBERT-base,full,single,2048,124,test,Chad,2025,12,unchanged,0.32127,0.66177,0.01696
ModernBERT-base,full,single,2048,124,dev,Gabon,2025,1,unchanged,0.91914,0.05085,0.03001
ModernBERT-base,full,single,2048,124,dev,Gabon,2025,3,unchanged,0.92074,0.04966,0.0296
ModernBERT-base,full,single,2048,124,dev,Kenya,2025,1,unchanged,0.85317,0.11323,0.0336
ModernBERT-base,full,single,2048,124,dev,Kenya,2025,2,unchanged,0.84799,0.11835,0.03366
ModernBERT-base,full,single,2048,124,dev,Kenya,2025,2,unchanged,0.83444,0.13138,0.03417
ModernBERT-base,full,single,2048,124,dev,Kenya,2025,3,unchanged,0.85825,0.10795,0.0338
ModernBERT-base,full,single,2048,124,test,Kenya,2025,7,deteriorated,0.33066,0.65248,0.01685
ModernBERT-base,full,single,2048,124,test,Kenya,2025,10,unchanged,0.17234,0.81898,0.00868
ModernBERT-base,full,single,2048,124,test,Kenya,2025,12,unchanged,0.64846,0.31976,0.03178
ModernBERT-base,full,single,2048,124,dev,Mozambique,2025,1,improved,0.92084,0.04909,0.03007
ModernBERT-base,full,single,2048,124,dev,Mozambique,2025,2,unchanged,0.47724,0.49625,0.02651
ModernBERT-base,full,single,2048,124,dev,Mozambique,2025,2,unchanged,0.41821,0.55838,0.02341
ModernBERT-base,full,single,2048,124,dev,Mozambique,2025,3,improved,0.64064,0.32593,0.03343
ModernBERT-base,full,single,2048,124,test,Mozambique,2025,7,unchanged,0.84194,0.12411,0.03395
ModernBERT-base,full,single,2048,124,test,Mozambique,2025,10,unchanged,0.91682,0.05254,0.03065
ModernBERT-base,full,single,2048,124,test,Mozambique,2025,12,unchanged,0.86628,0.10065,0.03307
ModernBERT-base,full,single,2048,124,dev,Tanzania,2025,1,unchanged,0.90798,0.06071,0.03131
ModernBERT-base,full,single,2048,124,dev,Tanzania,2025,2,unchanged,0.89619,0.07116,0.03264
ModernBERT-base,full,single,2048,124,dev,Tanzania,2025,2,unchanged,0.87786,0.08863,0.03351
ModernBERT-base,full,single,2048,124,dev,Tanzania,2025,3,unchanged,0.89681,0.07052,0.03267
ModernBERT-base,full,single,2048,124,test,Tanzania,2025,7,unchanged,0.92022,0.04973,0.03005
ModernBERT-base,full,single,2048,124,test,Tanzania,2025,12,unchanged,0.53293,0.43838,0.02869
ModernBERT-base,full,single,2048,124,dev,Zimbabwe,2025,1,unchanged,0.93119,0.04156,0.02725
ModernBERT-base,full,single,2048,124,dev,Zimbabwe,2025,2,unchanged,0.93003,0.04232,0.02765
ModernBERT-base,full,single,2048,124,dev,Zimbabwe,2025,2,unchanged,0.92987,0.04248,0.02764
ModernBERT-base,full,single,2048,124,dev,Zimbabwe,2025,3,deteriorated,0.92936,0.04279,0.02785
ModernBERT-base,full,single,2048,124,test,Zimbabwe,2025,7,unchanged,0.93088,0.04187,0.02725
ModernBERT-base,full,single,2048,124,test,Zimbabwe,2025,10,unchanged,0.93099,0.04155,0.02746
ModernBERT-base,full,single,2048,124,test,Zimbabwe,2025,12,unchanged,0.93088,0.04187,0.02725
ModernBERT-base,full,single,2048,124,test,Burundi,2025,7,unchanged,0.91244,0.0561,0.03147
ModernBERT-base,full,single,2048,124,test,Burundi,2025,10,unchanged,0.91436,0.05459,0.03104
ModernBERT-base,full,single,2048,124,test,DR Congo,2025,10,unchanged,0.56035,0.40996,0.0297
ModernBERT-base,full,single,2048,124,test,DR Congo,2025,12,deteriorated,0.4059,0.57242,0.02168
ModernBERT-base,full,single,2048,124,dev,Rwanda,2025,2,unchanged,0.91355,0.05519,0.03126
ModernBERT-base,full,single,2048,124,dev,Rwanda,2025,2,unchanged,0.91378,0.0552,0.03102
ModernBERT-base,full,single,2048,124,dev,Rwanda,2025,3,unchanged,0.91395,0.05478,0.03127
ModernBERT-base,full,single,2048,124,test,Rwanda,2025,7,unchanged,0.92088,0.04928,0.02983
ModernBERT-base,full,single,2048,124,test,Rwanda,2025,10,unchanged,0.92518,0.04588,0.02894
ModernBERT-base,full,single,2048,124,test,Rwanda,2025,12,unchanged,0.90388,0.06421,0.03191
ModernBERT-base,full,single,2048,124,dev,Uganda,2025,1,unchanged,0.90489,0.06292,0.0322
ModernBERT-base,full,single,2048,124,dev,Uganda,2025,2,unchanged,0.87959,0.08709,0.03332
ModernBERT-base,full,single,2048,124,dev,Uganda,2025,2,unchanged,0.86061,0.10576,0.03363
ModernBERT-base,full,single,2048,124,dev,Uganda,2025,3,unchanged,0.83758,0.12838,0.03404
ModernBERT-base,full,single,2048,124,test,Uganda,2025,7,unchanged,0.61063,0.35897,0.0304
ModernBERT-base,full,single,2048,124,test,Uganda,2025,10,unchanged,0.77377,0.19223,0.034
ModernBERT-base,full,single,2048,124,dev,Eritrea,2025,1,unchanged,0.92822,0.04375,0.02803
ModernBERT-base,full,single,2048,124,dev,Eritrea,2025,2,unchanged,0.92458,0.04639,0.02903
ModernBERT-base,full,single,2048,124,dev,Eritrea,2025,2,unchanged,0.92545,0.04572,0.02883
ModernBERT-base,full,single,2048,124,test,Eritrea,2025,7,unchanged,0.92249,0.04832,0.02919
ModernBERT-base,full,single,2048,124,test,Eritrea,2025,10,unchanged,0.92139,0.04864,0.02997
ModernBERT-base,full,single,2048,124,test,Eritrea,2025,12,unchanged,0.92072,0.04956,0.02971
ModernBERT-base,full,single,2048,124,dev,Ethiopia,2025,1,unchanged,0.90042,0.06703,0.03254
ModernBERT-base,full,single,2048,124,dev,Ethiopia,2025,2,unchanged,0.90762,0.06033,0.03204
ModernBERT-base,full,single,2048,124,dev,Ethiopia,2025,2,unchanged,0.90794,0.06,0.03205
ModernBERT-base,full,single,2048,124,test,Ethiopia,2025,7,unchanged,0.42759,0.54903,0.02338
ModernBERT-base,full,single,2048,124,test,Ethiopia,2025,10,unchanged,0.82177,0.14378,0.03445
ModernBERT-base,full,single,2048,124,test,Ethiopia,2025,12,deteriorated,0.77351,0.19329,0.0332
ModernBERT-base,full,single,2048,124,test,Nile Waters,2025,7,unchanged,0.92349,0.04818,0.02833
ModernBERT-base,full,single,2048,124,test,Nile Waters,2025,10,unchanged,0.91449,0.05471,0.03081
ModernBERT-base,full,single,2048,124,test,Nile Waters,2025,12,unchanged,0.91367,0.05519,0.03114
ModernBERT-base,full,single,2048,124,dev,Somalia,2025,1,unchanged,0.64781,0.32069,0.03151
ModernBERT-base,full,single,2048,124,dev,Somalia,2025,2,unchanged,0.59914,0.37056,0.0303
ModernBERT-base,full,single,2048,124,dev,Somalia,2025,2,unchanged,0.54058,0.43099,0.02843
ModernBERT-base,full,single,2048,124,dev,Somalia,2025,3,unchanged,0.79214,0.17333,0.03453
ModernBERT-base,full,single,2048,124,test,Somalia,2025,7,deteriorated,0.80175,0.16384,0.03441
ModernBERT-base,full,single,2048,124,test,Somalia,2025,10,unchanged,0.82154,0.14402,0.03444
ModernBERT-base,full,single,2048,124,test,Somalia,2025,12,unchanged,0.8331,0.13278,0.03412
ModernBERT-base,full,single,2048,124,dev,Somaliland,2025,1,unchanged,0.91472,0.05398,0.0313
ModernBERT-base,full,single,2048,124,dev,Somaliland,2025,2,unchanged,0.91463,0.05408,0.0313
ModernBERT-base,full,single,2048,124,dev,Somaliland,2025,2,unchanged,0.91436,0.05459,0.03104
ModernBERT-base,full,single,2048,124,dev,Somaliland,2025,3,unchanged,0.87338,0.09328,0.03334
ModernBERT-base,full,single,2048,124,test,Somaliland,2025,7,unchanged,0.90456,0.06376,0.03169
ModernBERT-base,full,single,2048,124,test,Somaliland,2025,10,unchanged,0.92785,0.04391,0.02824
ModernBERT-base,full,single,2048,124,test,Somaliland,2025,12,unchanged,0.88423,0.08305,0.03272
ModernBERT-base,full,single,2048,124,dev,South Sudan,2025,1,unchanged,0.86723,0.09915,0.03363
ModernBERT-base,full,single,2048,124,dev,South Sudan,2025,2,unchanged,0.84557,0.12034,0.03409
ModernBERT-base,full,single,2048,124,dev,South Sudan,2025,2,unchanged,0.84998,0.11548,0.03454
ModernBERT-base,full,single,2048,124,test,South Sudan,2025,7,unchanged,0.88057,0.08736,0.03207
ModernBERT-base,full,single,2048,124,test,South Sudan,2025,10,unchanged,0.89729,0.07028,0.03243
ModernBERT-base,full,single,2048,124,test,South Sudan,2025,12,unchanged,0.90192,0.06623,0.03184
ModernBERT-base,full,single,2048,124,dev,Sudan,2025,2,deteriorated,0.26219,0.72392,0.0139
ModernBERT-base,full,single,2048,124,dev,Sudan,2025,2,deteriorated,0.37556,0.60485,0.0196
ModernBERT-base,full,single,2048,124,dev,Sudan,2025,3,unchanged,0.75254,0.21226,0.0352
ModernBERT-base,full,single,2048,124,test,Sudan,2025,7,unchanged,0.18479,0.80583,0.00938
ModernBERT-base,full,single,2048,124,test,Sudan,2025,12,unchanged,0.25109,0.73512,0.01378
ModernBERT-base,full,single,2048,124,dev,Burkina Faso,2025,1,unchanged,0.84535,0.12084,0.03382
ModernBERT-base,full,single,2048,124,dev,Burkina Faso,2025,2,unchanged,0.65875,0.30996,0.0313
ModernBERT-base,full,single,2048,124,dev,Burkina Faso,2025,2,unchanged,0.47873,0.4978,0.02347
ModernBERT-base,full,single,2048,124,dev,Burkina Faso,2025,3,deteriorated,0.18028,0.81112,0.0086
ModernBERT-base,full,single,2048,124,test,Burkina Faso,2025,7,unchanged,0.17021,0.82161,0.00818
ModernBERT-base,full,single,2048,124,test,Burkina Faso,2025,10,unchanged,0.73386,0.23182,0.03432
ModernBERT-base,full,single,2048,124,test,Burkina Faso,2025,12,unchanged,0.88328,0.08378,0.03294
ModernBERT-base,full,single,2048,124,dev,Guinea,2025,1,unchanged,0.89931,0.06894,0.03175
ModernBERT-base,full,single,2048,124,dev,Guinea,2025,2,unchanged,0.90808,0.0606,0.03132
ModernBERT-base,full,single,2048,124,dev,Guinea,2025,2,unchanged,0.91507,0.0541,0.03083
ModernBERT-base,full,single,2048,124,dev,Guinea,2025,3,unchanged,0.91515,0.0539,0.03095
ModernBERT-base,full,single,2048,124,test,Guinea,2025,7,unchanged,0.9193,0.05056,0.03013
ModernBERT-base,full,single,2048,124,test,Guinea,2025,10,unchanged,0.87234,0.09589,0.03177
ModernBERT-base,full,single,2048,124,test,Guinea,2025,12,unchanged,0.87557,0.09152,0.03291
ModernBERT-base,full,single,2048,124,dev,Nigeria,2025,1,unchanged,0.6724,0.2949,0.0327
ModernBERT-base,full,single,2048,124,dev,Nigeria,2025,2,unchanged,0.45566,0.52038,0.02396
ModernBERT-base,full,single,2048,124,dev,Nigeria,2025,2,unchanged,0.22477,0.76336,0.01187
ModernBERT-base,full,single,2048,124,dev,Nigeria,2025,3,unchanged,0.33629,0.64568,0.01803
ModernBERT-base,full,single,2048,124,test,Nigeria,2025,7,unchanged,0.54845,0.42381,0.02774
ModernBERT-base,full,single,2048,124,test,Nigeria,2025,10,unchanged,0.58765,0.38239,0.02995
ModernBERT-base,full,single,2048,124,test,Nigeria,2025,12,unchanged,0.43165,0.54565,0.0227
ModernBERT-base,full,single,2048,124,dev,Senegal,2025,2,unchanged,0.90228,0.06511,0.03261
ModernBERT-base,full,single,2048,124,dev,Senegal,2025,2,unchanged,0.89649,0.07008,0.03343
ModernBERT-base,full,single,2048,124,dev,Kosovo,2025,1,unchanged,0.91326,0.05692,0.02982
ModernBERT-base,full,single,2048,124,dev,Kosovo,2025,2,unchanged,0.92099,0.04929,0.02972
ModernBERT-base,full,single,2048,124,dev,Kosovo,2025,3,unchanged,0.92081,0.04947,0.02972
ModernBERT-base,full,single,2048,124,test,Kosovo,2025,7,unchanged,0.88191,0.08597,0.03212
ModernBERT-base,full,single,2048,124,test,Kosovo,2025,10,unchanged,0.90818,0.06025,0.03157
ModernBERT-base,full,single,2048,124,test,Kosovo,2025,12,unchanged,0.89912,0.06812,0.03275
ModernBERT-base,full,single,2048,124,test,Kosovo,2026,3,unchanged,0.90719,0.06078,0.03203
ModernBERT-base,full,single,2048,124,dev,Armenia,2025,1,unchanged,0.92578,0.04538,0.02884
ModernBERT-base,full,single,2048,124,dev,Armenia,2025,2,unchanged,0.92462,0.04658,0.02881
ModernBERT-base,full,single,2048,124,dev,Armenia,2025,3,unchanged,0.92468,0.0464,0.02892
ModernBERT-base,full,single,2048,124,test,Armenia,2025,7,unchanged,0.92528,0.04589,0.02883
ModernBERT-base,full,single,2048,124,test,Armenia,2025,10,unchanged,0.92369,0.04708,0.02923
ModernBERT-base,full,single,2048,124,test,Armenia,2025,12,unchanged,0.92462,0.04658,0.02881
ModernBERT-base,full,single,2048,124,test,Armenia,2026,3,unchanged,0.92074,0.04966,0.0296
ModernBERT-base,full,single,2048,124,dev,Azerbaijan,2025,1,unchanged,0.9243,0.04656,0.02914
ModernBERT-base,full,single,2048,124,dev,Azerbaijan,2025,2,unchanged,0.92314,0.04742,0.02944
ModernBERT-base,full,single,2048,124,dev,Azerbaijan,2025,3,unchanged,0.92434,0.04675,0.02891
ModernBERT-base,full,single,2048,124,test,Azerbaijan,2025,7,unchanged,0.92352,0.04725,0.02923
ModernBERT-base,full,single,2048,124,test,Azerbaijan,2025,10,unchanged,0.92508,0.04588,0.02905
ModernBERT-base,full,single,2048,124,test,Azerbaijan,2025,12,unchanged,0.92561,0.04555,0.02884
ModernBERT-base,full,single,2048,124,test,Azerbaijan,2026,3,unchanged,0.92097,0.04919,0.02984
ModernBERT-base,full,single,2048,124,dev,Georgia,2025,1,unchanged,0.91488,0.0543,0.03082
ModernBERT-base,full,single,2048,124,dev,Georgia,2025,2,unchanged,0.91615,0.05322,0.03062
ModernBERT-base,full,single,2048,124,dev,Georgia,2025,3,unchanged,0.92024,0.04983,0.02993
ModernBERT-base,full,single,2048,124,test,Georgia,2025,7,unchanged,0.91964,0.05068,0.02968
ModernBERT-base,full,single,2048,124,test,Georgia,2025,10,unchanged,0.68967,0.27757,0.03276
ModernBERT-base,full,single,2048,124,test,Georgia,2025,12,unchanged,0.86832,0.0993,0.03238
ModernBERT-base,full,single,2048,124,test,Georgia,2026,3,unchanged,0.92262,0.04795,0.02943
ModernBERT-base,full,single,2048,124,dev,Belarus,2025,1,unchanged,0.91912,0.05075,0.03013
ModernBERT-base,full,single,2048,124,dev,Belarus,2025,2,unchanged,0.92026,0.04993,0.02981
ModernBERT-base,full,single,2048,124,dev,Belarus,2025,3,unchanged,0.92266,0.04814,0.0292
ModernBERT-base,full,single,2048,124,test,Belarus,2025,7,unchanged,0.92092,0.04948,0.0296
ModernBERT-base,full,single,2048,124,test,Belarus,2025,10,unchanged,0.9189,0.05074,0.03036
ModernBERT-base,full,single,2048,124,test,Belarus,2025,12,unchanged,0.91749,0.05196,0.03055
ModernBERT-base,full,single,2048,124,test,Belarus,2026,3,unchanged,0.92031,0.04964,0.03005
ModernBERT-base,full,single,2048,124,dev,Ukraine,2025,1,unchanged,0.85745,0.10904,0.03351
ModernBERT-base,full,single,2048,124,dev,Ukraine,2025,2,unchanged,0.88351,0.0838,0.03269
ModernBERT-base,full,single,2048,124,dev,Ukraine,2025,3,unchanged,0.87395,0.09243,0.03362
ModernBERT-base,full,single,2048,124,test,Ukraine,2025,12,unchanged,0.86575,0.10041,0.03383
ModernBERT-base,full,single,2048,124,test,Ukraine,2026,3,unchanged,0.87422,0.09241,0.03337
ModernBERT-base,full,single,2048,124,dev,Cyprus,2025,1,unchanged,0.92468,0.0464,0.02892
ModernBERT-base,full,single,2048,124,dev,Cyprus,2025,2,unchanged,0.92545,0.04572,0.02883
ModernBERT-base,full,single,2048,124,dev,Cyprus,2025,3,unchanged,0.92441,0.04657,0.02903
ModernBERT-base,full,single,2048,124,test,Cyprus,2025,7,unchanged,0.92533,0.04607,0.02861
ModernBERT-base,full,single,2048,124,test,Cyprus,2025,10,unchanged,0.92516,0.04624,0.0286
ModernBERT-base,full,single,2048,124,test,Cyprus,2025,12,unchanged,0.92324,0.04742,0.02933
ModernBERT-base,full,single,2048,124,test,Cyprus,2026,3,unchanged,0.89259,0.07515,0.03226
ModernBERT-base,full,single,2048,124,dev,Türkiye,2025,1,unchanged,0.90441,0.06488,0.03071
ModernBERT-base,full,single,2048,124,dev,Türkiye,2025,3,deteriorated,0.91921,0.05066,0.03013
ModernBERT-base,full,single,2048,124,test,Türkiye,2025,7,improved,0.90983,0.05805,0.03212
ModernBERT-base,full,single,2048,124,test,Türkiye,2025,10,unchanged,0.92132,0.04883,0.02985
ModernBERT-base,full,single,2048,124,test,Türkiye,2025,12,unchanged,0.90677,0.06268,0.03055
ModernBERT-base,full,single,2048,124,test,Türkiye,2026,3,unchanged,0.90441,0.06488,0.03071
ModernBERT-base,full,single,2048,124,dev,Kyrgyzstan,2025,1,unchanged,0.92717,0.04439,0.02844
ModernBERT-base,full,single,2048,124,dev,Kyrgyzstan,2025,2,unchanged,0.92733,0.04423,0.02844
ModernBERT-base,full,single,2048,124,dev,Kyrgyzstan,2025,3,improved,0.92668,0.04489,0.02842
ModernBERT-base,full,single,2048,124,test,Kyrgyzstan,2025,7,unchanged,0.92797,0.04357,0.02846
ModernBERT-base,full,single,2048,124,test,Kyrgyzstan,2025,10,unchanged,0.92545,0.04572,0.02883
ModernBERT-base,full,single,2048,124,test,Kyrgyzstan,2025,12,unchanged,0.92701,0.04456,0.02843
ModernBERT-base,full,single,2048,124,test,Kyrgyzstan,2026,3,unchanged,0.92753,0.04424,0.02823
ModernBERT-base,full,single,2048,124,dev,Tajikistan,2025,1,unchanged,0.92501,0.04605,0.02893
ModernBERT-base,full,single,2048,124,dev,Tajikistan,2025,2,unchanged,0.9207,0.04947,0.02983
ModernBERT-base,full,single,2048,124,dev,Tajikistan,2025,3,improved,0.92262,0.04795,0.02943
ModernBERT-base,full,single,2048,124,test,Tajikistan,2025,7,unchanged,0.92485,0.04623,0.02893
ModernBERT-base,full,single,2048,124,test,Tajikistan,2025,10,unchanged,0.92478,0.0464,0.02881
ModernBERT-base,full,single,2048,124,test,Tajikistan,2025,12,unchanged,0.86639,0.10105,0.03256
ModernBERT-base,full,single,2048,124,test,Tajikistan,2026,3,unchanged,0.89188,0.07687,0.03124
ModernBERT-base,full,single,2048,124,dev,Uzbekistan,2025,1,unchanged,0.92512,0.04606,0.02882
ModernBERT-base,full,single,2048,124,dev,Uzbekistan,2025,2,unchanged,0.92701,0.04456,0.02843
ModernBERT-base,full,single,2048,124,dev,Uzbekistan,2025,3,unchanged,0.92451,0.04657,0.02892
ModernBERT-base,full,single,2048,124,test,Uzbekistan,2025,7,unchanged,0.92758,0.04441,0.02801
ModernBERT-base,full,single,2048,124,test,Uzbekistan,2025,10,unchanged,0.92753,0.04424,0.02823
ModernBERT-base,full,single,2048,124,test,Uzbekistan,2025,12,unchanged,0.92956,0.0428,0.02764
ModernBERT-base,full,single,2048,124,test,Uzbekistan,2026,3,unchanged,0.92725,0.04474,0.028
ModernBERT-base,full,single,2048,124,dev,Lebanon,2025,1,unchanged,0.24694,0.74012,0.01294
ModernBERT-base,full,single,2048,124,dev,Lebanon,2025,2,unchanged,0.65506,0.31308,0.03186
ModernBERT-base,full,single,2048,124,dev,Lebanon,2025,3,unchanged,0.31058,0.67309,0.01633
ModernBERT-base,full,single,2048,124,test,Lebanon,2025,6,unchanged,0.57808,0.39268,0.02923
ModernBERT-base,full,single,2048,124,test,Lebanon,2025,6,unchanged,0.72085,0.24622,0.03293
ModernBERT-base,full,single,2048,124,test,Lebanon,2025,7,unchanged,0.57007,0.4011,0.02883
ModernBERT-base,full,single,2048,124,test,Lebanon,2025,10,unchanged,0.37218,0.60885,0.01897
ModernBERT-base,full,single,2048,124,test,Lebanon,2025,12,unchanged,0.39177,0.58811,0.02012
ModernBERT-base,full,single,2048,124,dev,Syria,2025,1,unchanged,0.06156,0.93701,0.00143
ModernBERT-base,full,single,2048,124,dev,Syria,2025,2,unchanged,0.07812,0.91882,0.00306
ModernBERT-base,full,single,2048,124,dev,Syria,2025,3,deteriorated,0.20096,0.78863,0.0104
ModernBERT-base,full,single,2048,124,test,Syria,2025,6,deteriorated,0.2905,0.69416,0.01534
ModernBERT-base,full,single,2048,124,test,Syria,2025,6,deteriorated,0.22481,0.7635,0.01168
ModernBERT-base,full,single,2048,124,test,Syria,2025,7,deteriorated,0.12326,0.87078,0.00596
ModernBERT-base,full,single,2048,124,test,Syria,2025,10,improved,0.12244,0.87177,0.00578
ModernBERT-base,full,single,2048,124,test,Syria,2025,12,deteriorated,0.0888,0.90738,0.00383
ModernBERT-base,full,single,2048,124,dev,Iran,2025,1,unchanged,0.9197,0.05039,0.02991
ModernBERT-base,full,single,2048,124,dev,Iran,2025,2,unchanged,0.91819,0.0516,0.03021
ModernBERT-base,full,single,2048,124,dev,Iran,2025,3,unchanged,0.91828,0.0515,0.03022
ModernBERT-base,full,single,2048,124,test,Iran,2025,7,unchanged,0.89734,0.07098,0.03168
ModernBERT-base,full,single,2048,124,test,Iran,2025,10,unchanged,0.91563,0.0534,0.03097
ModernBERT-base,full,single,2048,124,test,Iran,2025,12,deteriorated,0.91278,0.05623,0.03099
ModernBERT-base,full,single,2048,124,dev,Iraq,2025,1,unchanged,0.89067,0.07714,0.03219
ModernBERT-base,full,single,2048,124,dev,Iraq,2025,2,unchanged,0.79692,0.16967,0.03341
ModernBERT-base,full,single,2048,124,dev,Iraq,2025,3,unchanged,0.84885,0.11798,0.03317
ModernBERT-base,full,single,2048,124,test,Iraq,2025,6,unchanged,0.84484,0.12189,0.03327
ModernBERT-base,full,single,2048,124,test,Iraq,2025,6,unchanged,0.86583,0.10163,0.03254
ModernBERT-base,full,single,2048,124,test,Iraq,2025,7,unchanged,0.90903,0.05937,0.0316
ModernBERT-base,full,single,2048,124,test,Iraq,2025,10,unchanged,0.90829,0.06014,0.03157
ModernBERT-base,full,single,2048,124,test,Iraq,2025,12,unchanged,0.91899,0.05065,0.03036
ModernBERT-base,full,single,2048,124,dev,Saudi Arabia,2025,1,unchanged,0.92594,0.04521,0.02885
ModernBERT-base,full,single,2048,124,dev,Saudi Arabia,2025,2,unchanged,0.92093,0.049,0.03007
ModernBERT-base,full,single,2048,124,dev,Saudi Arabia,2025,3,unchanged,0.9206,0.04946,0.02994
ModernBERT-base,full,single,2048,124,test,Saudi Arabia,2025,6,unchanged,0.91921,0.05066,0.03013
ModernBERT-base,full,single,2048,124,test,Saudi Arabia,2025,6,unchanged,0.92035,0.04984,0.02982
ModernBERT-base,full,single,2048,124,test,Saudi Arabia,2025,7,unchanged,0.92508,0.04588,0.02905
ModernBERT-base,full,single,2048,124,test,Saudi Arabia,2025,10,unchanged,0.92307,0.0476,0.02933
ModernBERT-base,full,single,2048,124,test,Saudi Arabia,2025,12,unchanged,0.91026,0.05785,0.03189
ModernBERT-base,full,single,2048,124,test,Yemen,2025,6,unchanged,0.77695,0.18892,0.03414
ModernBERT-base,full,single,2048,124,test,Yemen,2025,6,unchanged,0.7989,0.16681,0.03429
ModernBERT-base,full,single,2048,124,test,Yemen,2025,7,deteriorated,0.5744,0.39632,0.02928
ModernBERT-base,full,single,2048,124,dev,Algeria,2025,1,unchanged,0.92528,0.04589,0.02883
ModernBERT-base,full,single,2048,124,dev,Algeria,2025,2,unchanged,0.91756,0.05177,0.03067
ModernBERT-base,full,single,2048,124,dev,Algeria,2025,3,unchanged,0.91977,0.0502,0.03003
ModernBERT-base,full,single,2048,124,test,Algeria,2025,6,unchanged,0.92304,0.04797,0.02898
ModernBERT-base,full,single,2048,124,test,Algeria,2025,6,unchanged,0.92341,0.04725,0.02934
ModernBERT-base,full,single,2048,124,test,Algeria,2025,7,unchanged,0.92753,0.04424,0.02823
ModernBERT-base,full,single,2048,124,test,Algeria,2025,10,unchanged,0.92561,0.04555,0.02884
ModernBERT-base,full,single,2048,124,test,Algeria,2025,12,unchanged,0.92314,0.04742,0.02944
ModernBERT-base,full,single,2048,124,dev,Egypt,2025,1,unchanged,0.92545,0.04572,0.02883
ModernBERT-base,full,single,2048,124,dev,Egypt,2025,2,unchanged,0.92478,0.0464,0.02881
ModernBERT-base,full,single,2048,124,dev,Egypt,2025,3,unchanged,0.9239,0.04709,0.02901
ModernBERT-base,full,single,2048,124,test,Egypt,2025,6,unchanged,0.92491,0.04605,0.02904
ModernBERT-base,full,single,2048,124,test,Egypt,2025,6,unchanged,0.9247,0.04604,0.02926
ModernBERT-base,full,single,2048,124,test,Egypt,2025,7,unchanged,0.9248,0.04604,0.02915
ModernBERT-base,full,single,2048,124,test,Egypt,2025,10,unchanged,0.9268,0.04455,0.02865
ModernBERT-base,full,single,2048,124,test,Egypt,2025,12,unchanged,0.92508,0.04588,0.02905
ModernBERT-base,full,single,2048,124,dev,Libya,2025,1,unchanged,0.92108,0.0492,0.02972
ModernBERT-base,full,single,2048,124,dev,Libya,2025,2,unchanged,0.91843,0.05111,0.03046
ModernBERT-base,full,single,2048,124,dev,Libya,2025,3,unchanged,0.92115,0.04901,0.02984
ModernBERT-base,full,single,2048,124,test,Libya,2025,6,unchanged,0.90388,0.06396,0.03216
ModernBERT-base,full,single,2048,124,test,Libya,2025,6,unchanged,0.89708,0.06999,0.03293
ModernBERT-base,full,single,2048,124,test,Libya,2025,7,unchanged,0.91102,0.05756,0.03142
ModernBERT-base,full,single,2048,124,test,Libya,2025,10,unchanged,0.90148,0.06594,0.03258
ModernBERT-base,full,single,2048,124,test,Libya,2025,12,unchanged,0.60803,0.36025,0.03172
ModernBERT-base,full,single,2048,124,dev,Tunisia,2025,1,unchanged,0.92524,0.04571,0.02905
ModernBERT-base,full,single,2048,124,dev,Tunisia,2025,2,unchanged,0.91921,0.05066,0.03013
ModernBERT-base,full,single,2048,124,dev,Tunisia,2025,3,unchanged,0.91439,0.05481,0.0308
ModernBERT-base,full,single,2048,124,test,Tunisia,2025,6,unchanged,0.91517,0.054,0.03083
ModernBERT-base,full,single,2048,124,test,Tunisia,2025,6,unchanged,0.91702,0.05245,0.03053
ModernBERT-base,full,single,2048,124,test,Tunisia,2025,7,unchanged,0.92049,0.04946,0.03006
ModernBERT-base,full,single,2048,124,test,Tunisia,2025,10,unchanged,0.87519,0.09243,0.03238
ModernBERT-base,full,single,2048,124,test,Tunisia,2025,12,unchanged,0.7579,0.20801,0.03409
ModernBERT-base,full,single,2048,124,dev,Western Sahara,2025,1,unchanged,0.87384,0.09383,0.03233
ModernBERT-base,full,single,2048,124,dev,Western Sahara,2025,2,unchanged,0.8866,0.08111,0.03229
ModernBERT-base,full,single,2048,124,dev,Western Sahara,2025,3,unchanged,0.90842,0.06074,0.03084
ModernBERT-base,full,single,2048,124,test,Western Sahara,2025,6,unchanged,0.92373,0.04726,0.02901
ModernBERT-base,full,single,2048,124,test,Western Sahara,2025,6,unchanged,0.92017,0.05002,0.02981
ModernBERT-base,full,single,2048,124,test,Western Sahara,2025,7,unchanged,0.91868,0.05132,0.03
ModernBERT-base,full,single,2048,124,test,Western Sahara,2025,10,unchanged,0.91222,0.05752,0.03025
ModernBERT-base,full,single,2048,124,test,Western Sahara,2025,12,unchanged,0.92512,0.04606,0.02882
ModernBERT-base,full,single,2048,124,dev,Central African Republic,2025,1,unchanged,0.91678,0.05305,0.03017
ModernBERT-base,full,single,2048,124,dev,Central African Republic,2025,2,unchanged,0.91747,0.05186,0.03067
ModernBERT-base,full,single,2048,124,dev,Central African Republic,2025,2,unchanged,0.91495,0.05399,0.03106
ModernBERT-base,full,single,2048,124,dev,Central African Republic,2025,3,unchanged,0.92262,0.04795,0.02943
ModernBERT-base,full,single,2048,124,test,Central African Republic,2025,7,unchanged,0.89718,0.07014,0.03268
ModernBERT-base,full,single,2048,124,test,Central African Republic,2025,10,unchanged,0.91439,0.05481,0.0308
ModernBERT-base,full,single,2048,124,dev,Mali,2025,1,unchanged,0.76258,0.20285,0.03457
ModernBERT-base,full,single,2048,124,dev,Mali,2025,2,unchanged,0.73847,0.22699,0.03454
ModernBERT-base,full,single,2048,124,dev,Mali,2025,2,unchanged,0.66878,0.29793,0.0333
ModernBERT-base,full,single,2048,124,dev,Mali,2025,3,unchanged,0.76438,0.20097,0.03465
ModernBERT-base,full,single,2048,124,test,Mali,2025,7,deteriorated,0.71651,0.25152,0.03198
ModernBERT-base,full,single,2048,124,test,Mali,2025,12,unchanged,0.89899,0.06852,0.03249
ModernBERT-base,full,single,2048,124,dev,Niger,2025,1,unchanged,0.91957,0.05087,0.02956
ModernBERT-base,full,single,2048,124,dev,Niger,2025,2,unchanged,0.90645,0.06205,0.03151
ModernBERT-base,full,single,2048,124,dev,Niger,2025,2,unchanged,0.90364,0.06495,0.03141
ModernBERT-base,full,single,2048,124,dev,Niger,2025,3,deteriorated,0.91055,0.05878,0.03067
ModernBERT-base,full,single,2048,124,test,Niger,2025,7,unchanged,0.88418,0.08436,0.03146
ModernBERT-base,full,single,2048,124,test,Niger,2025,10,unchanged,0.80042,0.1655,0.03409
ModernBERT-base,full,single,2048,124,test,Niger,2025,12,unchanged,0.89887,0.06864,0.03249
ModernBERT-base,full,single,2048,124,dev,Benin,2025,1,deteriorated,0.77554,0.19117,0.03329
ModernBERT-base,full,single,2048,124,dev,Benin,2025,2,unchanged,0.58732,0.38367,0.02901
ModernBERT-base,full,single,2048,124,dev,Benin,2025,2,unchanged,0.45035,0.52651,0.02313
ModernBERT-base,full,single,2048,124,dev,Benin,2025,3,unchanged,0.64405,0.32512,0.03084
ModernBERT-base,full,single,2048,124,test,Benin,2025,7,unchanged,0.92335,0.04743,0.02922
ModernBERT-base,full,single,2048,124,test,Benin,2025,10,unchanged,0.70867,0.25767,0.03367
ModernBERT-base,full,single,2048,124,test,Benin,2025,12,deteriorated,0.53169,0.44079,0.02753
ModernBERT-base,full,single,2048,124,dev,Moldova,2025,1,deteriorated,0.91495,0.05399,0.03106
ModernBERT-base,full,single,2048,124,dev,Moldova,2025,2,unchanged,0.91326,0.05549,0.03125
ModernBERT-base,full,single,2048,124,test,Moldova,2026,3,unchanged,0.90721,0.06126,0.03153
ModernBERT-base,full,single,2048,124,test,Israel/Palestine,2025,12,unchanged,0.9024,0.06473,0.03287
ModernBERT-base,full,single,2048,124,dev,Colombia,2025,2,unchanged,0.89825,0.06954,0.03221
ModernBERT-base,full,single,2048,124,dev,Colombia,2025,3,unchanged,0.9187,0.05083,0.03047
ModernBERT-base,full,single,2048,124,test,Colombia,2025,7,unchanged,0.90622,0.06203,0.03174
ModernBERT-base,full,single,2048,124,test,Colombia,2025,10,deteriorated,0.90826,0.05967,0.03207
ModernBERT-base,full,single,2048,124,test,Colombia,2025,12,unchanged,0.77944,0.18658,0.03398
ModernBERT-base,full,single,2048,124,dev,Ecuador,2025,1,deteriorated,0.57581,0.39575,0.02844
ModernBERT-base,full,single,2048,124,dev,Ecuador,2025,2,unchanged,0.58968,0.38073,0.02959
ModernBERT-base,full,single,2048,124,dev,Ecuador,2025,3,unchanged,0.58718,0.38358,0.02923
ModernBERT-base,full,single,2048,124,test,Ecuador,2025,7,unchanged,0.90087,0.06733,0.0318
ModernBERT-base,full,single,2048,124,test,Ecuador,2025,10,unchanged,0.57631,0.39455,0.02914
ModernBERT-base,full,single,2048,124,test,Ecuador,2025,12,unchanged,0.33372,0.64831,0.01797
ModernBERT-base,full,single,2048,124,dev,Venezuela,2025,1,unchanged,0.91965,0.05009,0.03026
ModernBERT-base,full,single,2048,124,dev,Venezuela,2025,2,unchanged,0.91771,0.05137,0.03092
ModernBERT-base,full,single,2048,124,dev,Venezuela,2025,3,unchanged,0.9184,0.05161,0.02999
ModernBERT-base,full,single,2048,124,test,Venezuela,2025,7,unchanged,0.91018,0.05819,0.03164
ModernBERT-base,full,single,2048,124,dev,El Salvador,2025,1,unchanged,0.92132,0.04883,0.02985
ModernBERT-base,full,single,2048,124,dev,El Salvador,2025,2,unchanged,0.92331,0.04724,0.02945
ModernBERT-base,full,single,2048,124,dev,El Salvador,2025,3,unchanged,0.92088,0.04928,0.02983
ModernBERT-base,full,single,2048,124,test,El Salvador,2025,7,deteriorated,0.92318,0.04761,0.02922
ModernBERT-base,full,single,2048,124,test,El Salvador,2025,10,unchanged,0.92392,0.04672,0.02935
ModernBERT-base,full,single,2048,124,test,El Salvador,2025,12,unchanged,0.92516,0.04624,0.0286
ModernBERT-base,full,single,2048,124,test,Honduras,2025,12,deteriorated,0.9051,0.06244,0.03246
ModernBERT-base,full,single,2048,124,dev,Mexico,2025,1,unchanged,0.87763,0.08861,0.03376
ModernBERT-base,full,single,2048,124,dev,Mexico,2025,2,unchanged,0.90263,0.065,0.03237
ModernBERT-base,full,single,2048,124,dev,Mexico,2025,3,unchanged,0.91009,0.05852,0.03139
ModernBERT-base,full,single,2048,124,test,Mexico,2025,7,unchanged,0.89919,0.06907,0.03175
ModernBERT-base,full,single,2048,124,test,Mexico,2025,10,unchanged,0.74511,0.22112,0.03378
ModernBERT-base,full,single,2048,124,test,Mexico,2025,12,unchanged,0.76005,0.20577,0.03419
ModernBERT-base,full,single,2048,124,dev,Nicaragua,2025,1,unchanged,0.92352,0.04725,0.02923
ModernBERT-base,full,single,2048,124,dev,Nicaragua,2025,2,deteriorated,0.92352,0.04725,0.02923
ModernBERT-base,full,single,2048,124,dev,Nicaragua,2025,3,unchanged,0.92495,0.04623,0.02882
ModernBERT-base,full,single,2048,124,test,Nicaragua,2025,7,unchanged,0.92341,0.04725,0.02934
ModernBERT-base,full,single,2048,124,test,Nicaragua,2025,10,unchanged,0.92785,0.04391,0.02824
ModernBERT-base,full,single,2048,124,test,Nicaragua,2025,12,unchanged,0.92941,0.04296,0.02763
ModernBERT-base,full,single,2048,124,dev,Haiti,2025,1,unchanged,0.70689,0.26005,0.03306
ModernBERT-base,full,single,2048,124,dev,Haiti,2025,2,unchanged,0.74213,0.2237,0.03417
ModernBERT-base,full,single,2048,124,dev,Haiti,2025,3,deteriorated,0.66695,0.30062,0.03244
ModernBERT-base,full,single,2048,124,test,Haiti,2025,7,unchanged,0.40221,0.57614,0.02165
ModernBERT-base,full,single,2048,124,test,Haiti,2025,10,unchanged,0.88804,0.07859,0.03337
ModernBERT-base,full,single,2048,124,test,Haiti,2025,12,unchanged,0.76369,0.20196,0.03435
ModernBERT-base,full,single,2048,124,dev,China/Japan,2025,1,unchanged,0.93073,0.04203,0.02724
ModernBERT-base,full,single,2048,124,dev,China/Japan,2025,2,unchanged,0.93064,0.0417,0.02767
ModernBERT-base,full,single,2048,124,dev,China/Japan,2025,3,unchanged,0.93018,0.04217,0.02765
ModernBERT-base,full,single,2048,124,test,China/Japan,2025,6,unchanged,0.93038,0.04218,0.02744
ModernBERT-base,full,single,2048,124,test,China/Japan,2025,6,unchanged,0.93069,0.04186,0.02745
ModernBERT-base,full,single,2048,124,test,China/Japan,2025,7,unchanged,0.93053,0.04202,0.02745
ModernBERT-base,full,single,2048,124,test,China/Japan,2025,7,unchanged,0.93073,0.04203,0.02724
ModernBERT-base,full,single,2048,124,test,China/Japan,2025,10,unchanged,0.93088,0.04187,0.02725
ModernBERT-base,full,single,2048,124,test,China/Japan,2025,12,unchanged,0.92921,0.04295,0.02784
ModernBERT-base,full,single,2048,124,dev,Korean Peninsula,2025,1,unchanged,0.85283,0.1141,0.03307
ModernBERT-base,full,single,2048,124,dev,Korean Peninsula,2025,2,unchanged,0.8593,0.10764,0.03306
ModernBERT-base,full,single,2048,124,dev,Korean Peninsula,2025,3,unchanged,0.88991,0.07868,0.03142
ModernBERT-base,full,single,2048,124,test,Korean Peninsula,2025,6,unchanged,0.92619,0.0454,0.02841
ModernBERT-base,full,single,2048,124,test,Korean Peninsula,2025,6,unchanged,0.92535,0.04571,0.02894
ModernBERT-base,full,single,2048,124,test,Korean Peninsula,2025,7,unchanged,0.92717,0.04439,0.02844
ModernBERT-base,full,single,2048,124,test,Korean Peninsula,2025,7,unchanged,0.91696,0.05379,0.02925
ModernBERT-base,full,single,2048,124,test,Korean Peninsula,2025,10,unchanged,0.9096,0.06023,0.03017
ModernBERT-base,full,single,2048,124,test,Korean Peninsula,2025,12,unchanged,0.92545,0.04572,0.02883
ModernBERT-base,full,single,2048,124,dev,Taiwan Strait,2025,1,unchanged,0.93023,0.04233,0.02744
ModernBERT-base,full,single,2048,124,dev,Taiwan Strait,2025,2,unchanged,0.92972,0.04264,0.02764
ModernBERT-base,full,single,2048,124,dev,Taiwan Strait,2025,3,unchanged,0.93007,0.04249,0.02744
ModernBERT-base,full,single,2048,124,test,Taiwan Strait,2025,6,unchanged,0.92992,0.04265,0.02743
ModernBERT-base,full,single,2048,124,test,Taiwan Strait,2025,6,unchanged,0.92921,0.04295,0.02784
ModernBERT-base,full,single,2048,124,test,Taiwan Strait,2025,7,unchanged,0.92952,0.04263,0.02785
ModernBERT-base,full,single,2048,124,test,Taiwan Strait,2025,7,unchanged,0.92952,0.04263,0.02785
ModernBERT-base,full,single,2048,124,test,Taiwan Strait,2025,10,unchanged,0.93069,0.04186,0.02745
ModernBERT-base,full,single,2048,124,test,Taiwan Strait,2025,12,deteriorated,0.92889,0.04328,0.02783
ModernBERT-base,full,single,2048,124,dev,Afghanistan,2025,1,unchanged,0.60804,0.36308,0.02889
ModernBERT-base,full,single,2048,124,dev,Afghanistan,2025,2,unchanged,0.76093,0.20641,0.03266
ModernBERT-base,full,single,2048,124,dev,Afghanistan,2025,3,unchanged,0.80531,0.16297,0.03172
ModernBERT-base,full,single,2048,124,test,Afghanistan,2025,7,unchanged,0.92403,0.04673,0.02924
ModernBERT-base,full,single,2048,124,test,Afghanistan,2025,7,unchanged,0.9242,0.04656,0.02925
ModernBERT-base,full,single,2048,124,test,Afghanistan,2025,12,unchanged,0.21951,0.76917,0.01132
ModernBERT-base,full,single,2048,124,dev,Bangladesh,2025,1,unchanged,0.87954,0.08941,0.03105
ModernBERT-base,full,single,2048,124,dev,Bangladesh,2025,2,unchanged,0.84535,0.12084,0.03382
ModernBERT-base,full,single,2048,124,dev,Bangladesh,2025,3,unchanged,0.8428,0.12375,0.03345
ModernBERT-base,full,single,2048,124,test,Bangladesh,2025,6,unchanged,0.90399,0.06434,0.03167
ModernBERT-base,full,single,2048,124,test,Bangladesh,2025,6,unchanged,0.91155,0.05726,0.03119
ModernBERT-base,full,single,2048,124,test,Bangladesh,2025,7,unchanged,0.88988,0.07821,0.03191
ModernBERT-base,full,single,2048,124,test,Bangladesh,2025,7,unchanged,0.88703,0.08091,0.03206
ModernBERT-base,full,single,2048,124,test,Bangladesh,2025,10,unchanged,0.89484,0.07381,0.03135
ModernBERT-base,full,single,2048,124,test,Bangladesh,2025,12,deteriorated,0.84212,0.1242,0.03369
ModernBERT-base,full,single,2048,124,dev,India,2025,1,unchanged,0.91673,0.05357,0.0297
ModernBERT-base,full,single,2048,124,dev,India,2025,2,unchanged,0.88986,0.07798,0.03216
ModernBERT-base,full,single,2048,124,dev,India,2025,3,unchanged,0.90678,0.06219,0.03103
ModernBERT-base,full,single,2048,124,test,India,2025,6,unchanged,0.87749,0.0903,0.03221
ModernBERT-base,full,single,2048,124,test,India,2025,6,unchanged,0.87456,0.09308,0.03236
ModernBERT-base,full,single,2048,124,test,India,2025,7,unchanged,0.8981,0.07117,0.03073
ModernBERT-base,full,single,2048,124,test,India,2025,7,unchanged,0.90415,0.06562,0.03022
ModernBERT-base,full,single,2048,124,test,India,2025,10,improved,0.90386,0.06497,0.03117
ModernBERT-base,full,single,2048,124,test,India,2025,12,unchanged,0.91248,0.05654,0.03098
ModernBERT-base,full,single,2048,124,dev,Pakistan,2025,1,unchanged,0.17846,0.81238,0.00917
ModernBERT-base,full,single,2048,124,dev,Pakistan,2025,2,unchanged,0.13844,0.85472,0.00684
ModernBERT-base,full,single,2048,124,dev,Pakistan,2025,3,unchanged,0.11258,0.88209,0.00533
ModernBERT-base,full,single,2048,124,test,Pakistan,2025,6,unchanged,0.4728,0.50329,0.02391
ModernBERT-base,full,single,2048,124,test,Pakistan,2025,6,unchanged,0.64389,0.32504,0.03107
ModernBERT-base,full,single,2048,124,test,Pakistan,2025,7,unchanged,0.62411,0.34601,0.02988
ModernBERT-base,full,single,2048,124,test,Pakistan,2025,7,unchanged,0.67341,0.29534,0.03125
ModernBERT-base,full,single,2048,124,test,Pakistan,2025,12,unchanged,0.13053,0.86288,0.00659
ModernBERT-base,full,single,2048,124,dev,Sri Lanka,2025,1,unchanged,0.92822,0.04375,0.02803
ModernBERT-base,full,single,2048,124,dev,Sri Lanka,2025,2,unchanged,0.92707,0.04439,0.02855
ModernBERT-base,full,single,2048,124,dev,Sri Lanka,2025,3,unchanged,0.89101,0.07778,0.03121
ModernBERT-base,full,single,2048,124,test,Sri Lanka,2025,6,unchanged,0.90408,0.06498,0.03094
ModernBERT-base,full,single,2048,124,test,Sri Lanka,2025,6,unchanged,0.91553,0.05434,0.03013
ModernBERT-base,full,single,2048,124,test,Sri Lanka,2025,7,unchanged,0.92652,0.04506,0.02842
ModernBERT-base,full,single,2048,124,test,Sri Lanka,2025,7,unchanged,0.93104,0.04171,0.02725
ModernBERT-base,full,single,2048,124,test,Sri Lanka,2025,10,unchanged,0.92921,0.04295,0.02784
ModernBERT-base,full,single,2048,124,test,Sri Lanka,2025,12,unchanged,0.92516,0.04624,0.0286
ModernBERT-base,full,single,2048,124,dev,Myanmar,2025,1,unchanged,0.89118,0.07636,0.03246
ModernBERT-base,full,single,2048,124,dev,Myanmar,2025,2,unchanged,0.90169,0.06648,0.03183
ModernBERT-base,full,single,2048,124,dev,Myanmar,2025,3,unchanged,0.90411,0.06398,0.03192
ModernBERT-base,full,single,2048,124,test,Myanmar,2025,6,unchanged,0.91722,0.05236,0.03042
ModernBERT-base,full,single,2048,124,test,Myanmar,2025,6,unchanged,0.91758,0.05187,0.03055
ModernBERT-base,full,single,2048,124,test,Myanmar,2025,7,unchanged,0.92297,0.0476,0.02944
ModernBERT-base,full,single,2048,124,test,Myanmar,2025,7,unchanged,0.92365,0.04689,0.02946
ModernBERT-base,full,single,2048,124,test,Myanmar,2025,10,unchanged,0.92161,0.04865,0.02974
ModernBERT-base,full,single,2048,124,test,Myanmar,2025,12,unchanged,0.91829,0.0516,0.0301
ModernBERT-base,full,single,2048,124,dev,Philippines,2025,1,unchanged,0.91921,0.05066,0.03013
ModernBERT-base,full,single,2048,124,dev,Philippines,2025,2,unchanged,0.91713,0.05245,0.03042
ModernBERT-base,full,single,2048,124,dev,Philippines,2025,3,unchanged,0.92524,0.04571,0.02905
ModernBERT-base,full,single,2048,124,test,Philippines,2025,6,unchanged,0.92733,0.04423,0.02844
ModernBERT-base,full,single,2048,124,test,Philippines,2025,6,unchanged,0.92733,0.04423,0.02844
ModernBERT-base,full,single,2048,124,test,Philippines,2025,7,unchanged,0.92905,0.04311,0.02784
ModernBERT-base,full,single,2048,124,test,Philippines,2025,7,unchanged,0.92925,0.04312,0.02763
ModernBERT-base,full,single,2048,124,test,Philippines,2025,10,unchanged,0.92765,0.0439,0.02845
ModernBERT-base,full,single,2048,124,test,Philippines,2025,12,unchanged,0.92331,0.04724,0.02945
ModernBERT-base,full,single,2048,124,dev,South China Sea,2025,1,unchanged,0.92853,0.04343,0.02804
ModernBERT-base,full,single,2048,124,dev,South China Sea,2025,2,unchanged,0.92859,0.04326,0.02815
ModernBERT-base,full,single,2048,124,dev,South China Sea,2025,3,unchanged,0.92849,0.04326,0.02826
ModernBERT-base,full,single,2048,124,test,South China Sea,2025,6,unchanged,0.92921,0.04295,0.02784
ModernBERT-base,full,single,2048,124,test,South China Sea,2025,6,unchanged,0.92889,0.04328,0.02783
ModernBERT-base,full,single,2048,124,test,South China Sea,2025,7,unchanged,0.92874,0.0431,0.02816
ModernBERT-base,full,single,2048,124,test,South China Sea,2025,7,unchanged,0.92952,0.04263,0.02785
ModernBERT-base,full,single,2048,124,test,South China Sea,2025,10,unchanged,0.92905,0.04311,0.02784
ModernBERT-base,full,single,2048,124,test,South China Sea,2025,12,unchanged,0.92774,0.04425,0.02802
ModernBERT-base,full,single,2048,124,dev,Thailand,2025,1,unchanged,0.92685,0.04473,0.02843
ModernBERT-base,full,single,2048,124,dev,Thailand,2025,2,unchanged,0.92705,0.04474,0.02821
ModernBERT-base,full,single,2048,124,dev,Thailand,2025,3,unchanged,0.92737,0.0444,0.02822
ModernBERT-base,full,single,2048,124,test,Thailand,2025,6,deteriorated,0.92837,0.04359,0.02803
ModernBERT-base,full,single,2048,124,test,Thailand,2025,6,deteriorated,0.92785,0.04391,0.02824
ModernBERT-base,full,single,2048,124,test,Thailand,2025,7,unchanged,0.92619,0.0454,0.02841
ModernBERT-base,full,single,2048,124,test,Thailand,2025,7,unchanged,0.92245,0.04813,0.02942
ModernBERT-base,full,single,2048,124,test,Thailand,2025,10,improved,0.92636,0.04523,0.02841
ModernBERT-base,full,single,2048,124,test,Thailand,2025,12,unchanged,0.92742,0.04458,0.02801
ModernBERT-base,full,single,2048,124,test,Guatemala,2025,10,unchanged,0.89534,0.07179,0.03287
ModernBERT-base,full,single,2048,124,dev,Bolivia,2025,1,unchanged,0.10934,0.88556,0.0051
ModernBERT-base,full,single,2048,124,dev,Bolivia,2025,2,unchanged,0.30165,0.68243,0.01592
ModernBERT-base,full,single,2048,124,test,Bolivia,2025,10,improved,0.91868,0.05132,0.03
ModernBERT-base,full,single,2048,124,test,Bolivia,2025,12,unchanged,0.9111,0.05723,0.03167
ModernBERT-base,full,single,2048,124,dev,Peru,2025,3,unchanged,0.89983,0.06765,0.03252
ModernBERT-base,full,single,2048,124,test,Peru,2025,10,deteriorated,0.05781,0.94037,0.00182
ModernBERT-base,full,single,2048,124,test,Madagascar,2025,10,deteriorated,0.29688,0.68757,0.01555
ModernBERT-base,full,single,2048,124,dev,Guinea-Bissau,2025,2,deteriorated,0.89233,0.0744,0.03327
ModernBERT-base,full,single,2048,124,dev,Guinea-Bissau,2025,2,deteriorated,0.87835,0.08812,0.03353
ModernBERT-base,full,single,2048,124,dev,Guinea-Bissau,2025,3,unchanged,0.90065,0.06705,0.0323
ModernBERT-base,full,single,2048,124,test,Guinea-Bissau,2025,12,unchanged,0.88669,0.08025,0.03306
ModernBERT-base,full,single,2048,124,dev,Guyana,2025,3,unchanged,0.91168,0.0576,0.03071
ModernBERT-base,full,single,2048,124,dev,Jordan,2025,2,unchanged,0.53095,0.44363,0.02542
ModernBERT-base,full,single,2048,124,test,Kazakhstan,2026,3,unchanged,0.91784,0.05219,0.02997
ModernBERT-base,full,single,2048,124,dev,Togo,2025,2,unchanged,0.86969,0.09762,0.03268
ModernBERT-base,full,single,2048,124,dev,Togo,2025,2,unchanged,0.902,0.06689,0.03111
ModernBERT-base,full,single,2048,124,dev,Togo,2025,3,unchanged,0.92303,0.04741,0.02956
ModernBERT-base,full,single,2048,124,test,Togo,2025,7,unchanged,0.29359,0.69067,0.01574
ModernBERT-base,full,single,2048,124,test,Togo,2025,10,unchanged,0.09968,0.8954,0.00492
ModernBERT-base,full,single,2048,124,test,Papua New Guinea,2025,10,unchanged,0.92255,0.0487,0.02874
ModernBERT-base,full,single,2048,124,test,Cambodia,2025,7,unchanged,0.72782,0.23814,0.03404
ModernBERT-base,full,single,2048,124,test,Cambodia,2025,7,unchanged,0.78373,0.18184,0.03443
ModernBERT-base,full,single,2048,124,test,Brazil,2025,10,unchanged,0.14795,0.84475,0.00731
ModernBERT-base,full,single,2048,124,test,Angola,2025,7,deteriorated,0.0666,0.93208,0.00132
ModernBERT-base,full,single,2048,124,dev,Indonesia,2025,1,unchanged,0.92733,0.04423,0.02844
ModernBERT-base,full,single,2048,124,dev,Indonesia,2025,2,unchanged,0.92631,0.04505,0.02864
ModernBERT-base,full,single,2048,124,dev,Indonesia,2025,3,unchanged,0.92436,0.04638,0.02925
ModernBERT-base,full,single,2048,124,test,Indonesia,2025,6,unchanged,0.92178,0.04847,0.02975
ModernBERT-base,full,single,2048,124,test,Indonesia,2025,6,unchanged,0.92441,0.04657,0.02903
ModernBERT-base,full,single,2048,124,test,Indonesia,2025,7,unchanged,0.92535,0.04571,0.02894
ModernBERT-base,full,single,2048,124,test,Indonesia,2025,7,unchanged,0.92753,0.04424,0.02823
ModernBERT-base,full,single,2048,124,test,Indonesia,2025,10,unchanged,0.9268,0.04455,0.02865
ModernBERT-base,full,single,2048,124,test,Indonesia,2025,12,unchanged,0.86751,0.09937,0.03312
ModernBERT-base,full,single,2048,124,test,Ghana,2025,7,unchanged,0.3057,0.67822,0.01608
ModernBERT-base,full,single,2048,124,dev,South Africa,2025,1,unchanged,0.91815,0.0514,0.03045
ModernBERT-base,full,single,2048,124,dev,South Africa,2025,2,unchanged,0.88484,0.08368,0.03148
ModernBERT-base,full,single,2048,124,dev,South Africa,2025,2,unchanged,0.87039,0.0969,0.03271
ModernBERT-base,full,single,2048,124,dev,South Africa,2025,3,unchanged,0.88779,0.0791,0.0331
ModernBERT-base,full,single,2048,124,test,South Africa,2025,7,unchanged,0.92348,0.04707,0.02945
ModernBERT-base,full,single,2048,124,test,South Africa,2025,10,unchanged,0.92348,0.04707,0.02945
ModernBERT-base,full,single,2048,124,test,South Africa,2025,12,unchanged,0.91832,0.0511,0.03058
ModernBERT-base,full,single,2048,124,test,Qatar,2025,6,unchanged,0.14844,0.84426,0.0073
ModernBERT-base,full,single,2048,124,test,Qatar,2025,6,unchanged,0.13936,0.8537,0.00694
ModernBERT-base,full,single,2048,124,test,Morocco,2025,10,deteriorated,0.07989,0.91606,0.00405
ModernBERT-base,full,single,2048,124,dev,Comoros Islands,2025,1,unchanged,0.17443,0.81607,0.0095
ModernBERT-base,full,single,2048,124,dev,Russia/U.S.,2025,1,unchanged,0.91919,0.05056,0.03025
ModernBERT-base,full,single,2048,124,dev,Russia/U.S.,2025,2,unchanged,0.91755,0.05237,0.03008
ModernBERT-base,full,single,2048,124,dev,Amazon,2025,1,unchanged,0.91699,0.05224,0.03077
ModernBERT-base,full,single,2048,124,dev,Amazon,2025,2,unchanged,0.91674,0.05274,0.03052
ModernBERT-base,full,single,2048,124,dev,Amazon,2025,3,unchanged,0.91863,0.05102,0.03035
ModernBERT-base,full,single,2048,124,test,Amazon,2025,7,deteriorated,0.92106,0.0491,0.02984
ModernBERT-base,full,single,2048,124,test,Amazon,2025,10,unchanged,0.92167,0.04847,0.02986
ModernBERT-base,full,single,2048,124,test,Amazon,2025,12,unchanged,0.92436,0.04638,0.02925
ModernBERT-base,full,single,2048,124,test,China-U.S.,2025,6,unchanged,0.92762,0.04459,0.02779
ModernBERT-base,full,single,2048,124,test,China-U.S.,2025,6,unchanged,0.92909,0.04328,0.02762
ModernBERT-base,full,single,2048,124,test,China-U.S.,2025,10,improved,0.92921,0.04295,0.02784
ModernBERT-base,full,single,2048,124,test,China-U.S.,2025,12,unchanged,0.93058,0.04218,0.02724
ModernBERT-base,full,single,2048,124,dev,Cook Islands,2025,2,unchanged,0.92339,0.04762,0.02899
ModernBERT-base,full,single,2048,124,dev,Tasman Sea,2025,2,unchanged,0.9191,0.05065,0.03025
ModernBERT-base,full,single,2048,124,test,New Caledonia,2025,7,improved,0.89592,0.0717,0.03238
ModernBERT-base,full,single,2048,124,test,New Caledonia,2025,7,improved,0.89217,0.07482,0.03301
ModernBERT-base,full,single,2048,125,dev,Cameroon,2025,1,unchanged,0.99535,0.00024,0.00442
ModernBERT-base,full,single,2048,125,dev,Cameroon,2025,2,unchanged,0.99563,0.00035,0.00402
ModernBERT-base,full,single,2048,125,dev,Cameroon,2025,2,unchanged,0.99513,0.00053,0.00435
ModernBERT-base,full,single,2048,125,dev,Cameroon,2025,3,unchanged,0.99305,0.00103,0.00593
ModernBERT-base,full,single,2048,125,test,Cameroon,2025,7,unchanged,0.98216,0.00377,0.01406
ModernBERT-base,full,single,2048,125,test,Cameroon,2025,12,unchanged,0.99273,0.00037,0.0069
ModernBERT-base,full,single,2048,125,dev,Chad,2025,1,unchanged,0.29376,0.69922,0.00702
ModernBERT-base,full,single,2048,125,dev,Chad,2025,2,unchanged,0.18272,0.81252,0.00476
ModernBERT-base,full,single,2048,125,dev,Chad,2025,2,unchanged,0.93455,0.05547,0.00998
ModernBERT-base,full,single,2048,125,dev,Chad,2025,3,unchanged,0.95422,0.03664,0.00914
ModernBERT-base,full,single,2048,125,test,Chad,2025,7,unchanged,0.99383,0.00068,0.00549
ModernBERT-base,full,single,2048,125,test,Chad,2025,10,deteriorated,0.98839,0.00458,0.00703
ModernBERT-base,full,single,2048,125,test,Chad,2025,12,unchanged,0.96513,0.02847,0.0064
ModernBERT-base,full,single,2048,125,dev,Gabon,2025,1,unchanged,0.97211,0.0002,0.02768
ModernBERT-base,full,single,2048,125,dev,Gabon,2025,3,unchanged,0.9678,0.0001,0.0321
ModernBERT-base,full,single,2048,125,dev,Kenya,2025,1,unchanged,0.99126,0.00138,0.00736
ModernBERT-base,full,single,2048,125,dev,Kenya,2025,2,unchanged,0.97562,0.01247,0.0119
ModernBERT-base,full,single,2048,125,dev,Kenya,2025,2,unchanged,0.9927,0.00089,0.00641
ModernBERT-base,full,single,2048,125,dev,Kenya,2025,3,unchanged,0.9916,0.00106,0.00734
ModernBERT-base,full,single,2048,125,test,Kenya,2025,7,deteriorated,0.23606,0.7502,0.01374
ModernBERT-base,full,single,2048,125,test,Kenya,2025,10,unchanged,0.30194,0.68846,0.00959
ModernBERT-base,full,single,2048,125,test,Kenya,2025,12,unchanged,0.87077,0.09599,0.03324
ModernBERT-base,full,single,2048,125,dev,Mozambique,2025,1,improved,0.95003,0.02323,0.02674
ModernBERT-base,full,single,2048,125,dev,Mozambique,2025,2,unchanged,0.94245,0.03301,0.02453
ModernBERT-base,full,single,2048,125,dev,Mozambique,2025,2,unchanged,0.97146,0.01583,0.01272
ModernBERT-base,full,single,2048,125,dev,Mozambique,2025,3,improved,0.96473,0.00875,0.02653
ModernBERT-base,full,single,2048,125,test,Mozambique,2025,7,unchanged,0.98637,0.00034,0.01329
ModernBERT-base,full,single,2048,125,test,Mozambique,2025,10,unchanged,0.99175,0.00018,0.00807
ModernBERT-base,full,single,2048,125,test,Mozambique,2025,12,unchanged,0.98987,0.00177,0.00837
ModernBERT-base,full,single,2048,125,dev,Tanzania,2025,1,unchanged,0.99222,0.0006,0.00717
ModernBERT-base,full,single,2048,125,dev,Tanzania,2025,2,unchanged,0.99247,0.00021,0.00732
ModernBERT-base,full,single,2048,125,dev,Tanzania,2025,2,unchanged,0.99505,0.00014,0.00481
ModernBERT-base,full,single,2048,125,dev,Tanzania,2025,3,unchanged,0.99445,0.00012,0.00544
ModernBERT-base,full,single,2048,125,test,Tanzania,2025,7,unchanged,0.99145,0.00015,0.0084
ModernBERT-base,full,single,2048,125,test,Tanzania,2025,12,unchanged,0.93928,0.05069,0.01003
ModernBERT-base,full,single,2048,125,dev,Zimbabwe,2025,1,unchanged,0.99271,0.0001,0.00719
ModernBERT-base,full,single,2048,125,dev,Zimbabwe,2025,2,unchanged,0.99134,8e-05,0.00858
ModernBERT-base,full,single,2048,125,dev,Zimbabwe,2025,2,unchanged,0.99355,7e-05,0.00639
ModernBERT-base,full,single,2048,125,dev,Zimbabwe,2025,3,deteriorated,0.9918,0.00028,0.00792
ModernBERT-base,full,single,2048,125,test,Zimbabwe,2025,7,unchanged,0.98828,0.00014,0.01158
ModernBERT-base,full,single,2048,125,test,Zimbabwe,2025,10,unchanged,0.98655,0.0001,0.01335
ModernBERT-base,full,single,2048,125,test,Zimbabwe,2025,12,unchanged,0.98599,6e-05,0.01395
ModernBERT-base,full,single,2048,125,test,Burundi,2025,7,unchanged,0.98347,0.00299,0.01354
ModernBERT-base,full,single,2048,125,test,Burundi,2025,10,unchanged,0.99079,0.00253,0.00668
ModernBERT-base,full,single,2048,125,test,DR Congo,2025,10,unchanged,0.97176,0.00719,0.02105
ModernBERT-base,full,single,2048,125,test,DR Congo,2025,12,deteriorated,0.81446,0.16515,0.02039
ModernBERT-base,full,single,2048,125,dev,Rwanda,2025,2,unchanged,0.6034,0.3732,0.0234
ModernBERT-base,full,single,2048,125,dev,Rwanda,2025,2,unchanged,0.95193,0.02966,0.01842
ModernBERT-base,full,single,2048,125,dev,Rwanda,2025,3,unchanged,0.98104,0.00365,0.01531
ModernBERT-base,full,single,2048,125,test,Rwanda,2025,7,unchanged,0.98216,0.0004,0.01744
ModernBERT-base,full,single,2048,125,test,Rwanda,2025,10,unchanged,0.98386,8e-05,0.01606
ModernBERT-base,full,single,2048,125,test,Rwanda,2025,12,unchanged,0.96186,0.01604,0.0221
ModernBERT-base,full,single,2048,125,dev,Uganda,2025,1,unchanged,0.9958,0.00095,0.00324
ModernBERT-base,full,single,2048,125,dev,Uganda,2025,2,unchanged,0.98192,0.01491,0.00317
ModernBERT-base,full,single,2048,125,dev,Uganda,2025,2,unchanged,0.9933,0.00375,0.00295
ModernBERT-base,full,single,2048,125,dev,Uganda,2025,3,unchanged,0.49235,0.50403,0.00362
ModernBERT-base,full,single,2048,125,test,Uganda,2025,7,unchanged,0.00417,0.99574,0.0001
ModernBERT-base,full,single,2048,125,test,Uganda,2025,10,unchanged,0.63518,0.35631,0.00851
ModernBERT-base,full,single,2048,125,dev,Eritrea,2025,1,unchanged,0.99414,2e-05,0.00584
ModernBERT-base,full,single,2048,125,dev,Eritrea,2025,2,unchanged,0.99505,8e-05,0.00487
ModernBERT-base,full,single,2048,125,dev,Eritrea,2025,2,unchanged,0.99699,5e-05,0.00296
ModernBERT-base,full,single,2048,125,test,Eritrea,2025,7,unchanged,0.99786,0.00011,0.00203
ModernBERT-base,full,single,2048,125,test,Eritrea,2025,10,unchanged,0.99755,0.00013,0.00232
ModernBERT-base,full,single,2048,125,test,Eritrea,2025,12,unchanged,0.99534,0.00018,0.00448
ModernBERT-base,full,single,2048,125,dev,Ethiopia,2025,1,unchanged,0.99185,0.00027,0.00788
ModernBERT-base,full,single,2048,125,dev,Ethiopia,2025,2,unchanged,0.99062,0.0002,0.00919
ModernBERT-base,full,single,2048,125,dev,Ethiopia,2025,2,unchanged,0.99044,0.00039,0.00918
ModernBERT-base,full,single,2048,125,test,Ethiopia,2025,7,unchanged,0.41928,0.57759,0.00313
ModernBERT-base,full,single,2048,125,test,Ethiopia,2025,10,unchanged,0.98124,0.0104,0.00836
ModernBERT-base,full,single,2048,125,test,Ethiopia,2025,12,deteriorated,0.21712,0.77579,0.00709
ModernBERT-base,full,single,2048,125,test,Nile Waters,2025,7,unchanged,0.99353,0.00026,0.00622
ModernBERT-base,full,single,2048,125,test,Nile Waters,2025,10,unchanged,0.90194,0.09084,0.00722
ModernBERT-base,full,single,2048,125,test,Nile Waters,2025,12,unchanged,0.98926,0.00499,0.00575
ModernBERT-base,full,single,2048,125,dev,Somalia,2025,1,unchanged,0.90949,0.06058,0.02993
ModernBERT-base,full,single,2048,125,dev,Somalia,2025,2,unchanged,0.95707,0.02322,0.01971
ModernBERT-base,full,single,2048,125,dev,Somalia,2025,2,unchanged,0.98311,0.00571,0.01118
ModernBERT-base,full,single,2048,125,dev,Somalia,2025,3,unchanged,0.9883,0.00354,0.00816
ModernBERT-base,full,single,2048,125,test,Somalia,2025,7,deteriorated,0.93119,0.04156,0.02725
ModernBERT-base,full,single,2048,125,test,Somalia,2025,10,unchanged,0.86591,0.08408,0.05001
ModernBERT-base,full,single,2048,125,test,Somalia,2025,12,unchanged,0.90867,0.00837,0.08297
ModernBERT-base,full,single,2048,125,dev,Somaliland,2025,1,unchanged,0.98864,0.00021,0.01114
ModernBERT-base,full,single,2048,125,dev,Somaliland,2025,2,unchanged,0.98795,0.00039,0.01166
ModernBERT-base,full,single,2048,125,dev,Somaliland,2025,2,unchanged,0.99079,0.00038,0.00883
ModernBERT-base,full,single,2048,125,dev,Somaliland,2025,3,unchanged,0.28977,0.69784,0.01239
ModernBERT-base,full,single,2048,125,test,Somaliland,2025,7,unchanged,0.96105,0.01093,0.02802
ModernBERT-base,full,single,2048,125,test,Somaliland,2025,10,unchanged,0.97988,0.0001,0.02002
ModernBERT-base,full,single,2048,125,test,Somaliland,2025,12,unchanged,0.10366,0.89375,0.00259
ModernBERT-base,full,single,2048,125,dev,South Sudan,2025,1,unchanged,0.98417,0.00121,0.01463
ModernBERT-base,full,single,2048,125,dev,South Sudan,2025,2,unchanged,0.98475,0.00529,0.00996
ModernBERT-base,full,single,2048,125,dev,South Sudan,2025,2,unchanged,0.99143,0.00194,0.00663
ModernBERT-base,full,single,2048,125,test,South Sudan,2025,7,unchanged,0.98973,0.00112,0.00915
ModernBERT-base,full,single,2048,125,test,South Sudan,2025,10,unchanged,0.84116,0.14646,0.01238
ModernBERT-base,full,single,2048,125,test,South Sudan,2025,12,unchanged,0.98981,0.00269,0.0075
ModernBERT-base,full,single,2048,125,dev,Sudan,2025,2,deteriorated,0.00472,0.99512,0.00016
ModernBERT-base,full,single,2048,125,dev,Sudan,2025,2,deteriorated,0.09756,0.9007,0.00174
ModernBERT-base,full,single,2048,125,dev,Sudan,2025,3,unchanged,0.412,0.58102,0.00698
ModernBERT-base,full,single,2048,125,test,Sudan,2025,7,unchanged,0.01332,0.98629,0.00039
ModernBERT-base,full,single,2048,125,test,Sudan,2025,12,unchanged,0.97654,0.01494,0.00851
ModernBERT-base,full,single,2048,125,dev,Burkina Faso,2025,1,unchanged,0.99578,0.00029,0.00393
ModernBERT-base,full,single,2048,125,dev,Burkina Faso,2025,2,unchanged,0.99493,0.00035,0.00472
ModernBERT-base,full,single,2048,125,dev,Burkina Faso,2025,2,unchanged,0.99592,0.00057,0.00351
ModernBERT-base,full,single,2048,125,dev,Burkina Faso,2025,3,deteriorated,0.27449,0.72318,0.00234
ModernBERT-base,full,single,2048,125,test,Burkina Faso,2025,7,unchanged,0.66937,0.32622,0.00441
ModernBERT-base,full,single,2048,125,test,Burkina Faso,2025,10,unchanged,0.99474,0.001,0.00426
ModernBERT-base,full,single,2048,125,test,Burkina Faso,2025,12,unchanged,0.98522,0.01036,0.00442
ModernBERT-base,full,single,2048,125,dev,Guinea,2025,1,unchanged,0.99434,0.00016,0.0055
ModernBERT-base,full,single,2048,125,dev,Guinea,2025,2,unchanged,0.99076,0.0002,0.00904
ModernBERT-base,full,single,2048,125,dev,Guinea,2025,2,unchanged,0.99346,0.00015,0.00639
ModernBERT-base,full,single,2048,125,dev,Guinea,2025,3,unchanged,0.99495,0.00014,0.0049
ModernBERT-base,full,single,2048,125,test,Guinea,2025,7,unchanged,0.98921,0.00028,0.01051
ModernBERT-base,full,single,2048,125,test,Guinea,2025,10,unchanged,0.99176,7e-05,0.00816
ModernBERT-base,full,single,2048,125,test,Guinea,2025,12,unchanged,0.97174,0.00127,0.02699
ModernBERT-base,full,single,2048,125,dev,Nigeria,2025,1,unchanged,0.99587,0.00062,0.00351
ModernBERT-base,full,single,2048,125,dev,Nigeria,2025,2,unchanged,0.9963,0.0005,0.0032
ModernBERT-base,full,single,2048,125,dev,Nigeria,2025,2,unchanged,0.99613,0.00089,0.00298
ModernBERT-base,full,single,2048,125,dev,Nigeria,2025,3,unchanged,0.99547,0.00136,0.00317
ModernBERT-base,full,single,2048,125,test,Nigeria,2025,7,unchanged,0.98815,0.00539,0.00645
ModernBERT-base,full,single,2048,125,test,Nigeria,2025,10,unchanged,0.99196,0.00352,0.00452
ModernBERT-base,full,single,2048,125,test,Nigeria,2025,12,unchanged,0.99559,0.00138,0.00302
ModernBERT-base,full,single,2048,125,dev,Senegal,2025,2,unchanged,0.90032,0.0033,0.09639
ModernBERT-base,full,single,2048,125,dev,Senegal,2025,2,unchanged,0.98591,0.00041,0.01368
ModernBERT-base,full,single,2048,125,dev,Kosovo,2025,1,unchanged,0.99525,0.00023,0.00452
ModernBERT-base,full,single,2048,125,dev,Kosovo,2025,2,unchanged,0.98866,0.00074,0.0106
ModernBERT-base,full,single,2048,125,dev,Kosovo,2025,3,unchanged,0.98994,0.00041,0.00965
ModernBERT-base,full,single,2048,125,test,Kosovo,2025,7,unchanged,0.06112,0.93663,0.00225
ModernBERT-base,full,single,2048,125,test,Kosovo,2025,10,unchanged,0.95051,0.02494,0.02455
ModernBERT-base,full,single,2048,125,test,Kosovo,2025,12,unchanged,0.78697,0.02757,0.18547
ModernBERT-base,full,single,2048,125,test,Kosovo,2026,3,unchanged,0.13078,0.85114,0.01808
ModernBERT-base,full,single,2048,125,dev,Armenia,2025,1,unchanged,0.99413,6e-05,0.00582
ModernBERT-base,full,single,2048,125,dev,Armenia,2025,2,unchanged,0.99189,6e-05,0.00805
ModernBERT-base,full,single,2048,125,dev,Armenia,2025,3,unchanged,0.97929,0.001,0.01971
ModernBERT-base,full,single,2048,125,test,Armenia,2025,7,unchanged,0.97758,0.0004,0.02202
ModernBERT-base,full,single,2048,125,test,Armenia,2025,10,unchanged,0.99129,0.00014,0.00858
ModernBERT-base,full,single,2048,125,test,Armenia,2025,12,unchanged,0.99297,7e-05,0.00696
ModernBERT-base,full,single,2048,125,test,Armenia,2026,3,unchanged,0.97988,0.01089,0.00924
ModernBERT-base,full,single,2048,125,dev,Azerbaijan,2025,1,unchanged,0.99384,0.0001,0.00607
ModernBERT-base,full,single,2048,125,dev,Azerbaijan,2025,2,unchanged,0.99618,9e-05,0.00373
ModernBERT-base,full,single,2048,125,dev,Azerbaijan,2025,3,unchanged,0.98633,0.00114,0.01254
ModernBERT-base,full,single,2048,125,test,Azerbaijan,2025,7,unchanged,0.96179,0.00321,0.035
ModernBERT-base,full,single,2048,125,test,Azerbaijan,2025,10,unchanged,0.97939,0.00038,0.02023
ModernBERT-base,full,single,2048,125,test,Azerbaijan,2025,12,unchanged,0.99166,4e-05,0.0083
ModernBERT-base,full,single,2048,125,test,Azerbaijan,2026,3,unchanged,0.98733,0.00413,0.00854
ModernBERT-base,full,single,2048,125,dev,Georgia,2025,1,unchanged,0.98655,0.00555,0.00789
ModernBERT-base,full,single,2048,125,dev,Georgia,2025,2,unchanged,0.98327,0.00308,0.01365
ModernBERT-base,full,single,2048,125,dev,Georgia,2025,3,unchanged,0.9904,0.0003,0.0093
ModernBERT-base,full,single,2048,125,test,Georgia,2025,7,unchanged,0.96576,0.01356,0.02068
ModernBERT-base,full,single,2048,125,test,Georgia,2025,10,unchanged,0.00316,0.99668,0.00016
ModernBERT-base,full,single,2048,125,test,Georgia,2025,12,unchanged,0.9704,0.02264,0.00696
ModernBERT-base,full,single,2048,125,test,Georgia,2026,3,unchanged,0.99533,0.00053,0.00413
ModernBERT-base,full,single,2048,125,dev,Belarus,2025,1,unchanged,0.99678,0.00089,0.00232
ModernBERT-base,full,single,2048,125,dev,Belarus,2025,2,unchanged,0.997,0.00037,0.00263
ModernBERT-base,full,single,2048,125,dev,Belarus,2025,3,unchanged,0.99684,0.00013,0.00303
ModernBERT-base,full,single,2048,125,test,Belarus,2025,7,unchanged,0.99628,0.00047,0.00325
ModernBERT-base,full,single,2048,125,test,Belarus,2025,10,unchanged,0.99721,5e-05,0.00274
ModernBERT-base,full,single,2048,125,test,Belarus,2025,12,unchanged,0.99522,0.00026,0.00452
ModernBERT-base,full,single,2048,125,test,Belarus,2026,3,unchanged,0.99208,0.00031,0.0076
ModernBERT-base,full,single,2048,125,dev,Ukraine,2025,1,unchanged,0.98759,0.0064,0.00601
ModernBERT-base,full,single,2048,125,dev,Ukraine,2025,2,unchanged,0.98682,0.0049,0.00828
ModernBERT-base,full,single,2048,125,dev,Ukraine,2025,3,unchanged,0.98192,0.00557,0.01251
ModernBERT-base,full,single,2048,125,test,Ukraine,2025,12,unchanged,0.55428,0.42831,0.0174
ModernBERT-base,full,single,2048,125,test,Ukraine,2026,3,unchanged,0.91184,0.07677,0.01139
ModernBERT-base,full,single,2048,125,dev,Cyprus,2025,1,unchanged,0.99376,8e-05,0.00616
ModernBERT-base,full,single,2048,125,dev,Cyprus,2025,2,unchanged,0.99261,7e-05,0.00732
ModernBERT-base,full,single,2048,125,dev,Cyprus,2025,3,unchanged,0.98867,7e-05,0.01127
ModernBERT-base,full,single,2048,125,test,Cyprus,2025,7,unchanged,0.97578,7e-05,0.02414
ModernBERT-base,full,single,2048,125,test,Cyprus,2025,10,unchanged,0.98337,0.00023,0.0164
ModernBERT-base,full,single,2048,125,test,Cyprus,2025,12,unchanged,0.98762,4e-05,0.01234
ModernBERT-base,full,single,2048,125,test,Cyprus,2026,3,unchanged,0.99071,0.00421,0.00508
ModernBERT-base,full,single,2048,125,dev,Türkiye,2025,1,unchanged,0.9925,0.00045,0.00705
ModernBERT-base,full,single,2048,125,dev,Türkiye,2025,3,deteriorated,0.9642,0.0262,0.0096
ModernBERT-base,full,single,2048,125,test,Türkiye,2025,7,improved,0.98793,0.00168,0.01039
ModernBERT-base,full,single,2048,125,test,Türkiye,2025,10,unchanged,0.99154,0.00032,0.00814
ModernBERT-base,full,single,2048,125,test,Türkiye,2025,12,unchanged,0.99193,0.00018,0.00789
ModernBERT-base,full,single,2048,125,test,Türkiye,2026,3,unchanged,0.98998,0.00104,0.00898
ModernBERT-base,full,single,2048,125,dev,Kyrgyzstan,2025,1,unchanged,0.97671,5e-05,0.02324
ModernBERT-base,full,single,2048,125,dev,Kyrgyzstan,2025,2,unchanged,0.98155,5e-05,0.0184
ModernBERT-base,full,single,2048,125,dev,Kyrgyzstan,2025,3,improved,0.9715,7e-05,0.02843
ModernBERT-base,full,single,2048,125,test,Kyrgyzstan,2025,7,unchanged,0.9859,4e-05,0.01406
ModernBERT-base,full,single,2048,125,test,Kyrgyzstan,2025,10,unchanged,0.99313,7e-05,0.0068
ModernBERT-base,full,single,2048,125,test,Kyrgyzstan,2025,12,unchanged,0.98858,0.00015,0.01128
ModernBERT-base,full,single,2048,125,test,Kyrgyzstan,2026,3,unchanged,0.99521,0.00046,0.00433
ModernBERT-base,full,single,2048,125,dev,Tajikistan,2025,1,unchanged,0.97375,0.0001,0.02615
ModernBERT-base,full,single,2048,125,dev,Tajikistan,2025,2,unchanged,0.97393,0.00012,0.02595
ModernBERT-base,full,single,2048,125,dev,Tajikistan,2025,3,improved,0.9593,0.00016,0.04053
ModernBERT-base,full,single,2048,125,test,Tajikistan,2025,7,unchanged,0.98249,0.00014,0.01737
ModernBERT-base,full,single,2048,125,test,Tajikistan,2025,10,unchanged,0.99033,8e-05,0.0096
ModernBERT-base,full,single,2048,125,test,Tajikistan,2025,12,unchanged,0.98947,0.00156,0.00897
ModernBERT-base,full,single,2048,125,test,Tajikistan,2026,3,unchanged,0.99449,0.00013,0.00538
ModernBERT-base,full,single,2048,125,dev,Uzbekistan,2025,1,unchanged,0.98762,5e-05,0.01234
ModernBERT-base,full,single,2048,125,dev,Uzbekistan,2025,2,unchanged,0.9916,3e-05,0.00836
ModernBERT-base,full,single,2048,125,dev,Uzbekistan,2025,3,unchanged,0.9882,2e-05,0.01178
ModernBERT-base,full,single,2048,125,test,Uzbekistan,2025,7,unchanged,0.98332,3e-05,0.01666
ModernBERT-base,full,single,2048,125,test,Uzbekistan,2025,10,unchanged,0.99146,5e-05,0.00849
ModernBERT-base,full,single,2048,125,test,Uzbekistan,2025,12,unchanged,0.99323,3e-05,0.00674
ModernBERT-base,full,single,2048,125,test,Uzbekistan,2026,3,unchanged,0.99362,0.0001,0.00629
ModernBERT-base,full,single,2048,125,dev,Lebanon,2025,1,unchanged,0.93299,0.01982,0.04718
ModernBERT-base,full,single,2048,125,dev,Lebanon,2025,2,unchanged,0.96769,0.0015,0.0308
ModernBERT-base,full,single,2048,125,dev,Lebanon,2025,3,unchanged,0.22992,0.76574,0.00434
ModernBERT-base,full,single,2048,125,test,Lebanon,2025,6,unchanged,0.98844,0.00469,0.00687
ModernBERT-base,full,single,2048,125,test,Lebanon,2025,6,unchanged,0.99054,0.00434,0.00512
ModernBERT-base,full,single,2048,125,test,Lebanon,2025,7,unchanged,0.72191,0.26557,0.01252
ModernBERT-base,full,single,2048,125,test,Lebanon,2025,10,unchanged,0.95169,0.03905,0.00926
ModernBERT-base,full,single,2048,125,test,Lebanon,2025,12,unchanged,0.99122,0.0021,0.00668
ModernBERT-base,full,single,2048,125,dev,Syria,2025,1,unchanged,0.03351,0.96596,0.00053
ModernBERT-base,full,single,2048,125,dev,Syria,2025,2,unchanged,0.87808,0.11384,0.00809
ModernBERT-base,full,single,2048,125,dev,Syria,2025,3,deteriorated,0.74294,0.24595,0.01111
ModernBERT-base,full,single,2048,125,test,Syria,2025,6,deteriorated,0.26404,0.72903,0.00693
ModernBERT-base,full,single,2048,125,test,Syria,2025,6,deteriorated,0.47925,0.51016,0.01059
ModernBERT-base,full,single,2048,125,test,Syria,2025,7,deteriorated,0.02259,0.97659,0.00082
ModernBERT-base,full,single,2048,125,test,Syria,2025,10,improved,0.06093,0.93644,0.00263
ModernBERT-base,full,single,2048,125,test,Syria,2025,12,deteriorated,0.00073,0.99922,5e-05
ModernBERT-base,full,single,2048,125,dev,Iran,2025,1,unchanged,0.98844,0.00112,0.01044
ModernBERT-base,full,single,2048,125,dev,Iran,2025,2,unchanged,0.98583,0.00339,0.01078
ModernBERT-base,full,single,2048,125,dev,Iran,2025,3,unchanged,0.98056,0.00896,0.01048
ModernBERT-base,full,single,2048,125,test,Iran,2025,7,unchanged,0.30531,0.68267,0.01202
ModernBERT-base,full,single,2048,125,test,Iran,2025,10,unchanged,0.95377,0.02483,0.0214
ModernBERT-base,full,single,2048,125,test,Iran,2025,12,deteriorated,0.0813,0.916,0.0027
ModernBERT-base,full,single,2048,125,dev,Iraq,2025,1,unchanged,0.99366,0.00192,0.00443
ModernBERT-base,full,single,2048,125,dev,Iraq,2025,2,unchanged,0.99314,0.0014,0.00546
ModernBERT-base,full,single,2048,125,dev,Iraq,2025,3,unchanged,0.99301,0.00111,0.00588
ModernBERT-base,full,single,2048,125,test,Iraq,2025,6,unchanged,0.99128,0.00169,0.00703
ModernBERT-base,full,single,2048,125,test,Iraq,2025,6,unchanged,0.99319,0.00122,0.00559
ModernBERT-base,full,single,2048,125,test,Iraq,2025,7,unchanged,0.9911,0.00292,0.00599
ModernBERT-base,full,single,2048,125,test,Iraq,2025,10,unchanged,0.97468,0.01613,0.00919
ModernBERT-base,full,single,2048,125,test,Iraq,2025,12,unchanged,0.98633,0.0003,0.01337
ModernBERT-base,full,single,2048,125,dev,Saudi Arabia,2025,1,unchanged,0.99133,0.00019,0.00849
ModernBERT-base,full,single,2048,125,dev,Saudi Arabia,2025,2,unchanged,0.98939,0.00041,0.01019
ModernBERT-base,full,single,2048,125,dev,Saudi Arabia,2025,3,unchanged,0.99273,0.00019,0.00708
ModernBERT-base,full,single,2048,125,test,Saudi Arabia,2025,6,unchanged,0.97849,0.01551,0.006
ModernBERT-base,full,single,2048,125,test,Saudi Arabia,2025,6,unchanged,0.99593,0.0007,0.00337
ModernBERT-base,full,single,2048,125,test,Saudi Arabia,2025,7,unchanged,0.99578,0.00017,0.00405
ModernBERT-base,full,single,2048,125,test,Saudi Arabia,2025,10,unchanged,0.9931,0.00031,0.00659
ModernBERT-base,full,single,2048,125,test,Saudi Arabia,2025,12,unchanged,0.1385,0.85845,0.00305
ModernBERT-base,full,single,2048,125,test,Yemen,2025,6,unchanged,0.63574,0.32725,0.037
ModernBERT-base,full,single,2048,125,test,Yemen,2025,6,unchanged,0.96597,0.02418,0.00985
ModernBERT-base,full,single,2048,125,test,Yemen,2025,7,deteriorated,0.98203,0.01041,0.00756
ModernBERT-base,full,single,2048,125,dev,Algeria,2025,1,unchanged,0.99527,9e-05,0.00465
ModernBERT-base,full,single,2048,125,dev,Algeria,2025,2,unchanged,0.99326,0.00217,0.00456
ModernBERT-base,full,single,2048,125,dev,Algeria,2025,3,unchanged,0.99471,0.00029,0.005
ModernBERT-base,full,single,2048,125,test,Algeria,2025,6,unchanged,0.99519,7e-05,0.00474
ModernBERT-base,full,single,2048,125,test,Algeria,2025,6,unchanged,0.99665,7e-05,0.00329
ModernBERT-base,full,single,2048,125,test,Algeria,2025,7,unchanged,0.99706,3e-05,0.00292
ModernBERT-base,full,single,2048,125,test,Algeria,2025,10,unchanged,0.99765,8e-05,0.00227
ModernBERT-base,full,single,2048,125,test,Algeria,2025,12,unchanged,0.99484,0.00029,0.00487
ModernBERT-base,full,single,2048,125,dev,Egypt,2025,1,unchanged,0.99335,8e-05,0.00658
ModernBERT-base,full,single,2048,125,dev,Egypt,2025,2,unchanged,0.99435,0.00018,0.00547
ModernBERT-base,full,single,2048,125,dev,Egypt,2025,3,unchanged,0.99266,0.00021,0.00713
ModernBERT-base,full,single,2048,125,test,Egypt,2025,6,unchanged,0.9963,0.00058,0.00312
ModernBERT-base,full,single,2048,125,test,Egypt,2025,6,unchanged,0.99712,0.00023,0.00265
ModernBERT-base,full,single,2048,125,test,Egypt,2025,7,unchanged,0.99667,0.00042,0.00291
ModernBERT-base,full,single,2048,125,test,Egypt,2025,10,unchanged,0.9958,0.00028,0.00391
ModernBERT-base,full,single,2048,125,test,Egypt,2025,12,unchanged,0.99446,0.00017,0.00536
ModernBERT-base,full,single,2048,125,dev,Libya,2025,1,unchanged,0.98275,0.00035,0.01691
ModernBERT-base,full,single,2048,125,dev,Libya,2025,2,unchanged,0.98204,0.00025,0.01771
ModernBERT-base,full,single,2048,125,dev,Libya,2025,3,unchanged,0.98868,0.0003,0.01103
ModernBERT-base,full,single,2048,125,test,Libya,2025,6,unchanged,0.9968,0.0001,0.0031
ModernBERT-base,full,single,2048,125,test,Libya,2025,6,unchanged,0.99591,0.00019,0.0039
ModernBERT-base,full,single,2048,125,test,Libya,2025,7,unchanged,0.99612,9e-05,0.00379
ModernBERT-base,full,single,2048,125,test,Libya,2025,10,unchanged,0.99397,0.00043,0.0056
ModernBERT-base,full,single,2048,125,test,Libya,2025,12,unchanged,0.61987,0.35875,0.02138
ModernBERT-base,full,single,2048,125,dev,Tunisia,2025,1,unchanged,0.99137,0.00019,0.00844
ModernBERT-base,full,single,2048,125,dev,Tunisia,2025,2,unchanged,0.99294,0.00037,0.00669
ModernBERT-base,full,single,2048,125,dev,Tunisia,2025,3,unchanged,0.99294,0.00106,0.006
ModernBERT-base,full,single,2048,125,test,Tunisia,2025,6,unchanged,0.99732,0.00025,0.00243
ModernBERT-base,full,single,2048,125,test,Tunisia,2025,6,unchanged,0.99781,0.0002,0.00199
ModernBERT-base,full,single,2048,125,test,Tunisia,2025,7,unchanged,0.9979,0.00016,0.00194
ModernBERT-base,full,single,2048,125,test,Tunisia,2025,10,unchanged,0.79706,0.19609,0.00684
ModernBERT-base,full,single,2048,125,test,Tunisia,2025,12,unchanged,0.99477,0.00087,0.00436
ModernBERT-base,full,single,2048,125,dev,Western Sahara,2025,1,unchanged,0.96007,0.0326,0.00733
ModernBERT-base,full,single,2048,125,dev,Western Sahara,2025,2,unchanged,0.99389,0.00101,0.00509
ModernBERT-base,full,single,2048,125,dev,Western Sahara,2025,3,unchanged,0.99363,0.00034,0.00602
ModernBERT-base,full,single,2048,125,test,Western Sahara,2025,6,unchanged,0.99456,4e-05,0.0054
ModernBERT-base,full,single,2048,125,test,Western Sahara,2025,6,unchanged,0.99625,4e-05,0.00371
ModernBERT-base,full,single,2048,125,test,Western Sahara,2025,7,unchanged,0.99602,4e-05,0.00394
ModernBERT-base,full,single,2048,125,test,Western Sahara,2025,10,unchanged,0.99471,5e-05,0.00524
ModernBERT-base,full,single,2048,125,test,Western Sahara,2025,12,unchanged,0.9882,2e-05,0.01178
ModernBERT-base,full,single,2048,125,dev,Central African Republic,2025,1,unchanged,0.99502,0.00019,0.00479
ModernBERT-base,full,single,2048,125,dev,Central African Republic,2025,2,unchanged,0.9954,0.00027,0.00433
ModernBERT-base,full,single,2048,125,dev,Central African Republic,2025,2,unchanged,0.99559,0.00064,0.00376
ModernBERT-base,full,single,2048,125,dev,Central African Republic,2025,3,unchanged,0.99502,0.00041,0.00457
ModernBERT-base,full,single,2048,125,test,Central African Republic,2025,7,unchanged,0.98983,0.00038,0.00978
ModernBERT-base,full,single,2048,125,test,Central African Republic,2025,10,unchanged,0.9924,0.00012,0.00748
ModernBERT-base,full,single,2048,125,dev,Mali,2025,1,unchanged,0.98948,0.0042,0.00631
ModernBERT-base,full,single,2048,125,dev,Mali,2025,2,unchanged,0.9585,0.03267,0.00883
ModernBERT-base,full,single,2048,125,dev,Mali,2025,2,unchanged,0.96226,0.02998,0.00776
ModernBERT-base,full,single,2048,125,dev,Mali,2025,3,unchanged,0.98747,0.00587,0.00665
ModernBERT-base,full,single,2048,125,test,Mali,2025,7,deteriorated,0.97887,0.00937,0.01176
ModernBERT-base,full,single,2048,125,test,Mali,2025,12,unchanged,0.99286,0.00091,0.00624
ModernBERT-base,full,single,2048,125,dev,Niger,2025,1,unchanged,0.99689,0.00036,0.00276
ModernBERT-base,full,single,2048,125,dev,Niger,2025,2,unchanged,0.99648,0.0002,0.00332
ModernBERT-base,full,single,2048,125,dev,Niger,2025,2,unchanged,0.99642,0.00028,0.0033
ModernBERT-base,full,single,2048,125,dev,Niger,2025,3,deteriorated,0.99633,0.00026,0.0034
ModernBERT-base,full,single,2048,125,test,Niger,2025,7,unchanged,0.99571,0.00016,0.00413
ModernBERT-base,full,single,2048,125,test,Niger,2025,10,unchanged,0.99358,0.00058,0.00584
ModernBERT-base,full,single,2048,125,test,Niger,2025,12,unchanged,0.99678,0.00013,0.00309
ModernBERT-base,full,single,2048,125,dev,Benin,2025,1,deteriorated,0.97205,0.02041,0.00754
ModernBERT-base,full,single,2048,125,dev,Benin,2025,2,unchanged,0.99365,0.00268,0.00367
ModernBERT-base,full,single,2048,125,dev,Benin,2025,2,unchanged,0.99553,0.00145,0.00302
ModernBERT-base,full,single,2048,125,dev,Benin,2025,3,unchanged,0.99818,0.00016,0.00166
ModernBERT-base,full,single,2048,125,test,Benin,2025,7,unchanged,0.99694,5e-05,0.003
ModernBERT-base,full,single,2048,125,test,Benin,2025,10,unchanged,0.99544,0.00043,0.00413
ModernBERT-base,full,single,2048,125,test,Benin,2025,12,deteriorated,0.98842,0.00731,0.00427
ModernBERT-base,full,single,2048,125,dev,Moldova,2025,1,deteriorated,0.79006,0.19976,0.01018
ModernBERT-base,full,single,2048,125,dev,Moldova,2025,2,unchanged,0.83981,0.14608,0.01411
ModernBERT-base,full,single,2048,125,test,Moldova,2026,3,unchanged,0.96461,0.03349,0.00189
ModernBERT-base,full,single,2048,125,test,Israel/Palestine,2025,12,unchanged,0.9836,0.00504,0.01136
ModernBERT-base,full,single,2048,125,dev,Colombia,2025,2,unchanged,0.97599,0.00262,0.02139
ModernBERT-base,full,single,2048,125,dev,Colombia,2025,3,unchanged,0.98286,0.00037,0.01676
ModernBERT-base,full,single,2048,125,test,Colombia,2025,7,unchanged,0.98063,0.00052,0.01885
ModernBERT-base,full,single,2048,125,test,Colombia,2025,10,deteriorated,0.96504,0.01244,0.02252
ModernBERT-base,full,single,2048,125,test,Colombia,2025,12,unchanged,0.1524,0.84338,0.00422
ModernBERT-base,full,single,2048,125,dev,Ecuador,2025,1,deteriorated,0.48209,0.49353,0.02438
ModernBERT-base,full,single,2048,125,dev,Ecuador,2025,2,unchanged,0.87705,0.08063,0.04232
ModernBERT-base,full,single,2048,125,dev,Ecuador,2025,3,unchanged,0.9669,0.00469,0.02841
ModernBERT-base,full,single,2048,125,test,Ecuador,2025,7,unchanged,0.99377,8e-05,0.00615
ModernBERT-base,full,single,2048,125,test,Ecuador,2025,10,unchanged,0.94107,0.04453,0.0144
ModernBERT-base,full,single,2048,125,test,Ecuador,2025,12,unchanged,0.90339,0.07272,0.02389
ModernBERT-base,full,single,2048,125,dev,Venezuela,2025,1,unchanged,0.98771,0.00093,0.01137
ModernBERT-base,full,single,2048,125,dev,Venezuela,2025,2,unchanged,0.97691,0.00106,0.02203
ModernBERT-base,full,single,2048,125,dev,Venezuela,2025,3,unchanged,0.98059,0.00095,0.01846
ModernBERT-base,full,single,2048,125,test,Venezuela,2025,7,unchanged,0.98074,0.00232,0.01694
ModernBERT-base,full,single,2048,125,dev,El Salvador,2025,1,unchanged,0.99494,5e-05,0.00501
ModernBERT-base,full,single,2048,125,dev,El Salvador,2025,2,unchanged,0.99552,9e-05,0.00439
ModernBERT-base,full,single,2048,125,dev,El Salvador,2025,3,unchanged,0.99549,0.00012,0.0044
ModernBERT-base,full,single,2048,125,test,El Salvador,2025,7,deteriorated,0.99602,5e-05,0.00393
ModernBERT-base,full,single,2048,125,test,El Salvador,2025,10,unchanged,0.99693,2e-05,0.00306
ModernBERT-base,full,single,2048,125,test,El Salvador,2025,12,unchanged,0.99454,2e-05,0.00544
ModernBERT-base,full,single,2048,125,test,Honduras,2025,12,deteriorated,0.85755,0.05951,0.08294
ModernBERT-base,full,single,2048,125,dev,Mexico,2025,1,unchanged,0.97808,0.00989,0.01203
ModernBERT-base,full,single,2048,125,dev,Mexico,2025,2,unchanged,0.99508,0.00019,0.00473
ModernBERT-base,full,single,2048,125,dev,Mexico,2025,3,unchanged,0.99397,0.00031,0.00572
ModernBERT-base,full,single,2048,125,test,Mexico,2025,7,unchanged,0.99151,0.00013,0.00836
ModernBERT-base,full,single,2048,125,test,Mexico,2025,10,unchanged,0.96616,0.01315,0.02069
ModernBERT-base,full,single,2048,125,test,Mexico,2025,12,unchanged,0.98876,0.00149,0.00975
ModernBERT-base,full,single,2048,125,dev,Nicaragua,2025,1,unchanged,0.99738,4e-05,0.00258
ModernBERT-base,full,single,2048,125,dev,Nicaragua,2025,2,deteriorated,0.99371,0.00047,0.00582
ModernBERT-base,full,single,2048,125,dev,Nicaragua,2025,3,unchanged,0.99544,7e-05,0.00449
ModernBERT-base,full,single,2048,125,test,Nicaragua,2025,7,unchanged,0.99688,5e-05,0.00308
ModernBERT-base,full,single,2048,125,test,Nicaragua,2025,10,unchanged,0.99788,3e-05,0.00209
ModernBERT-base,full,single,2048,125,test,Nicaragua,2025,12,unchanged,0.99767,2e-05,0.00231
ModernBERT-base,full,single,2048,125,dev,Haiti,2025,1,unchanged,0.98185,0.00267,0.01547
ModernBERT-base,full,single,2048,125,dev,Haiti,2025,2,unchanged,0.98622,0.00158,0.0122
ModernBERT-base,full,single,2048,125,dev,Haiti,2025,3,deteriorated,0.98618,0.00361,0.01021
ModernBERT-base,full,single,2048,125,test,Haiti,2025,7,unchanged,0.98245,0.00672,0.01083
ModernBERT-base,full,single,2048,125,test,Haiti,2025,10,unchanged,0.97819,0.00266,0.01915
ModernBERT-base,full,single,2048,125,test,Haiti,2025,12,unchanged,0.48181,0.50494,0.01325
ModernBERT-base,full,single,2048,125,dev,China/Japan,2025,1,unchanged,0.99796,0.0001,0.00194
ModernBERT-base,full,single,2048,125,dev,China/Japan,2025,2,unchanged,0.99783,9e-05,0.00208
ModernBERT-base,full,single,2048,125,dev,China/Japan,2025,3,unchanged,0.99786,5e-05,0.0021
ModernBERT-base,full,single,2048,125,test,China/Japan,2025,6,unchanged,0.99834,7e-05,0.00159
ModernBERT-base,full,single,2048,125,test,China/Japan,2025,6,unchanged,0.99846,8e-05,0.00145
ModernBERT-base,full,single,2048,125,test,China/Japan,2025,7,unchanged,0.99862,8e-05,0.0013
ModernBERT-base,full,single,2048,125,test,China/Japan,2025,7,unchanged,0.99879,9e-05,0.00112
ModernBERT-base,full,single,2048,125,test,China/Japan,2025,10,unchanged,0.99825,0.00014,0.00161
ModernBERT-base,full,single,2048,125,test,China/Japan,2025,12,unchanged,0.99667,0.00013,0.0032
ModernBERT-base,full,single,2048,125,dev,Korean Peninsula,2025,1,unchanged,0.07542,0.92246,0.00211
ModernBERT-base,full,single,2048,125,dev,Korean Peninsula,2025,2,unchanged,0.44929,0.54195,0.00876
ModernBERT-base,full,single,2048,125,dev,Korean Peninsula,2025,3,unchanged,0.97385,0.01847,0.00767
ModernBERT-base,full,single,2048,125,test,Korean Peninsula,2025,6,unchanged,0.98994,0.00082,0.00924
ModernBERT-base,full,single,2048,125,test,Korean Peninsula,2025,6,unchanged,0.99358,0.00067,0.00575
ModernBERT-base,full,single,2048,125,test,Korean Peninsula,2025,7,unchanged,0.99221,0.00062,0.00717
ModernBERT-base,full,single,2048,125,test,Korean Peninsula,2025,7,unchanged,0.99099,0.00063,0.00838
ModernBERT-base,full,single,2048,125,test,Korean Peninsula,2025,10,unchanged,0.98827,0.00125,0.01048
ModernBERT-base,full,single,2048,125,test,Korean Peninsula,2025,12,unchanged,0.98846,0.00265,0.00889
ModernBERT-base,full,single,2048,125,dev,Taiwan Strait,2025,1,unchanged,0.99408,0.00113,0.00479
ModernBERT-base,full,single,2048,125,dev,Taiwan Strait,2025,2,unchanged,0.99423,0.00134,0.00443
ModernBERT-base,full,single,2048,125,dev,Taiwan Strait,2025,3,unchanged,0.99565,0.00071,0.00365
ModernBERT-base,full,single,2048,125,test,Taiwan Strait,2025,6,unchanged,0.99852,9e-05,0.00139
ModernBERT-base,full,single,2048,125,test,Taiwan Strait,2025,6,unchanged,0.99824,0.00013,0.00164
ModernBERT-base,full,single,2048,125,test,Taiwan Strait,2025,7,unchanged,0.99846,9e-05,0.00145
ModernBERT-base,full,single,2048,125,test,Taiwan Strait,2025,7,unchanged,0.99828,0.00014,0.00159
ModernBERT-base,full,single,2048,125,test,Taiwan Strait,2025,10,unchanged,0.99762,0.00021,0.00217
ModernBERT-base,full,single,2048,125,test,Taiwan Strait,2025,12,deteriorated,0.99491,0.00136,0.00373
ModernBERT-base,full,single,2048,125,dev,Afghanistan,2025,1,unchanged,0.84886,0.13884,0.0123
ModernBERT-base,full,single,2048,125,dev,Afghanistan,2025,2,unchanged,0.95792,0.03152,0.01056
ModernBERT-base,full,single,2048,125,dev,Afghanistan,2025,3,unchanged,0.99038,0.00188,0.00774
ModernBERT-base,full,single,2048,125,test,Afghanistan,2025,7,unchanged,0.98341,0.00541,0.01118
ModernBERT-base,full,single,2048,125,test,Afghanistan,2025,7,unchanged,0.99191,0.00114,0.00695
ModernBERT-base,full,single,2048,125,test,Afghanistan,2025,12,unchanged,0.97471,0.00466,0.02063
ModernBERT-base,full,single,2048,125,dev,Bangladesh,2025,1,unchanged,0.9909,0.00018,0.00892
ModernBERT-base,full,single,2048,125,dev,Bangladesh,2025,2,unchanged,0.99207,0.00062,0.00731
ModernBERT-base,full,single,2048,125,dev,Bangladesh,2025,3,unchanged,0.9878,0.00099,0.01121
ModernBERT-base,full,single,2048,125,test,Bangladesh,2025,6,unchanged,0.9897,0.00033,0.00997
ModernBERT-base,full,single,2048,125,test,Bangladesh,2025,6,unchanged,0.99189,0.00038,0.00774
ModernBERT-base,full,single,2048,125,test,Bangladesh,2025,7,unchanged,0.95138,0.02918,0.01944
ModernBERT-base,full,single,2048,125,test,Bangladesh,2025,7,unchanged,0.98978,0.00135,0.00887
ModernBERT-base,full,single,2048,125,test,Bangladesh,2025,10,unchanged,0.97479,0.00185,0.02335
ModernBERT-base,full,single,2048,125,test,Bangladesh,2025,12,deteriorated,0.95799,0.01648,0.02553
ModernBERT-base,full,single,2048,125,dev,India,2025,1,unchanged,0.9671,0.01613,0.01677
ModernBERT-base,full,single,2048,125,dev,India,2025,2,unchanged,0.98144,0.00561,0.01295
ModernBERT-base,full,single,2048,125,dev,India,2025,3,unchanged,0.99185,0.00046,0.00769
ModernBERT-base,full,single,2048,125,test,India,2025,6,unchanged,0.99388,0.00032,0.0058
ModernBERT-base,full,single,2048,125,test,India,2025,6,unchanged,0.9951,0.00031,0.00459
ModernBERT-base,full,single,2048,125,test,India,2025,7,unchanged,0.99601,8e-05,0.00391
ModernBERT-base,full,single,2048,125,test,India,2025,7,unchanged,0.99707,5e-05,0.00288
ModernBERT-base,full,single,2048,125,test,India,2025,10,improved,0.99514,0.00022,0.00464
ModernBERT-base,full,single,2048,125,test,India,2025,12,unchanged,0.99301,0.00065,0.00633
ModernBERT-base,full,single,2048,125,dev,Pakistan,2025,1,unchanged,0.8323,0.14534,0.02235
ModernBERT-base,full,single,2048,125,dev,Pakistan,2025,2,unchanged,0.28736,0.70021,0.01243
ModernBERT-base,full,single,2048,125,dev,Pakistan,2025,3,unchanged,0.26974,0.72186,0.0084
ModernBERT-base,full,single,2048,125,test,Pakistan,2025,6,unchanged,0.97749,0.01086,0.01165
ModernBERT-base,full,single,2048,125,test,Pakistan,2025,6,unchanged,0.98101,0.00876,0.01024
ModernBERT-base,full,single,2048,125,test,Pakistan,2025,7,unchanged,0.96028,0.02172,0.01801
ModernBERT-base,full,single,2048,125,test,Pakistan,2025,7,unchanged,0.99037,0.00158,0.00805
ModernBERT-base,full,single,2048,125,test,Pakistan,2025,12,unchanged,0.95617,0.02489,0.01894
ModernBERT-base,full,single,2048,125,dev,Sri Lanka,2025,1,unchanged,0.98444,0.00011,0.01545
ModernBERT-base,full,single,2048,125,dev,Sri Lanka,2025,2,unchanged,0.98814,0.00012,0.01174
ModernBERT-base,full,single,2048,125,dev,Sri Lanka,2025,3,unchanged,0.98763,0.00034,0.01203
ModernBERT-base,full,single,2048,125,test,Sri Lanka,2025,6,unchanged,0.99152,6e-05,0.00842
ModernBERT-base,full,single,2048,125,test,Sri Lanka,2025,6,unchanged,0.99423,6e-05,0.00571
ModernBERT-base,full,single,2048,125,test,Sri Lanka,2025,7,unchanged,0.99472,5e-05,0.00523
ModernBERT-base,full,single,2048,125,test,Sri Lanka,2025,7,unchanged,0.99587,5e-05,0.00409
ModernBERT-base,full,single,2048,125,test,Sri Lanka,2025,10,unchanged,0.99484,6e-05,0.00509
ModernBERT-base,full,single,2048,125,test,Sri Lanka,2025,12,unchanged,0.9949,0.00037,0.00474
ModernBERT-base,full,single,2048,125,dev,Myanmar,2025,1,unchanged,0.33177,0.6598,0.00844
ModernBERT-base,full,single,2048,125,dev,Myanmar,2025,2,unchanged,0.47793,0.51275,0.00932
ModernBERT-base,full,single,2048,125,dev,Myanmar,2025,3,unchanged,0.71505,0.27034,0.01461
ModernBERT-base,full,single,2048,125,test,Myanmar,2025,6,unchanged,0.98161,0.00584,0.01255
ModernBERT-base,full,single,2048,125,test,Myanmar,2025,6,unchanged,0.99182,0.00242,0.00576
ModernBERT-base,full,single,2048,125,test,Myanmar,2025,7,unchanged,0.99169,0.00204,0.00628
ModernBERT-base,full,single,2048,125,test,Myanmar,2025,7,unchanged,0.99466,0.00111,0.00423
ModernBERT-base,full,single,2048,125,test,Myanmar,2025,10,unchanged,0.99053,0.00242,0.00705
ModernBERT-base,full,single,2048,125,test,Myanmar,2025,12,unchanged,0.22817,0.76589,0.00594
ModernBERT-base,full,single,2048,125,dev,Philippines,2025,1,unchanged,0.99117,0.00036,0.00848
ModernBERT-base,full,single,2048,125,dev,Philippines,2025,2,unchanged,0.99352,0.00027,0.00622
ModernBERT-base,full,single,2048,125,dev,Philippines,2025,3,unchanged,0.99465,0.00014,0.00521
ModernBERT-base,full,single,2048,125,test,Philippines,2025,6,unchanged,0.99493,6e-05,0.00501
ModernBERT-base,full,single,2048,125,test,Philippines,2025,6,unchanged,0.9952,7e-05,0.00473
ModernBERT-base,full,single,2048,125,test,Philippines,2025,7,unchanged,0.99519,8e-05,0.00474
ModernBERT-base,full,single,2048,125,test,Philippines,2025,7,unchanged,0.99509,8e-05,0.00483
ModernBERT-base,full,single,2048,125,test,Philippines,2025,10,unchanged,0.9925,0.00023,0.00727
ModernBERT-base,full,single,2048,125,test,Philippines,2025,12,unchanged,0.97639,0.00055,0.02306
ModernBERT-base,full,single,2048,125,dev,South China Sea,2025,1,unchanged,0.99534,0.00062,0.00404
ModernBERT-base,full,single,2048,125,dev,South China Sea,2025,2,unchanged,0.99686,0.00034,0.0028
ModernBERT-base,full,single,2048,125,dev,South China Sea,2025,3,unchanged,0.99681,0.00026,0.00292
ModernBERT-base,full,single,2048,125,test,South China Sea,2025,6,unchanged,0.99817,0.00013,0.0017
ModernBERT-base,full,single,2048,125,test,South China Sea,2025,6,unchanged,0.99829,0.00013,0.00157
ModernBERT-base,full,single,2048,125,test,South China Sea,2025,7,unchanged,0.99782,0.00013,0.00205
ModernBERT-base,full,single,2048,125,test,South China Sea,2025,7,unchanged,0.99724,0.0004,0.00236
ModernBERT-base,full,single,2048,125,test,South China Sea,2025,10,unchanged,0.9966,0.00049,0.00291
ModernBERT-base,full,single,2048,125,test,South China Sea,2025,12,unchanged,0.99651,0.00031,0.00318
ModernBERT-base,full,single,2048,125,dev,Thailand,2025,1,unchanged,0.9959,0.00014,0.00396
ModernBERT-base,full,single,2048,125,dev,Thailand,2025,2,unchanged,0.99564,0.0002,0.00417
ModernBERT-base,full,single,2048,125,dev,Thailand,2025,3,unchanged,0.99555,0.00044,0.00401
ModernBERT-base,full,single,2048,125,test,Thailand,2025,6,deteriorated,0.9944,0.00037,0.00524
ModernBERT-base,full,single,2048,125,test,Thailand,2025,6,deteriorated,0.99531,0.00046,0.00423
ModernBERT-base,full,single,2048,125,test,Thailand,2025,7,unchanged,0.98875,0.00427,0.00698
ModernBERT-base,full,single,2048,125,test,Thailand,2025,7,unchanged,0.99431,0.00059,0.0051
ModernBERT-base,full,single,2048,125,test,Thailand,2025,10,improved,0.993,0.00039,0.00661
ModernBERT-base,full,single,2048,125,test,Thailand,2025,12,unchanged,0.97554,0.00079,0.02367
ModernBERT-base,full,single,2048,125,test,Guatemala,2025,10,unchanged,0.98919,0.00096,0.00985
ModernBERT-base,full,single,2048,125,dev,Bolivia,2025,1,unchanged,0.9634,0.02996,0.00665
ModernBERT-base,full,single,2048,125,dev,Bolivia,2025,2,unchanged,0.98349,0.00441,0.01209
ModernBERT-base,full,single,2048,125,test,Bolivia,2025,10,improved,0.84909,0.00104,0.14987
ModernBERT-base,full,single,2048,125,test,Bolivia,2025,12,unchanged,0.92421,0.04766,0.02813
ModernBERT-base,full,single,2048,125,dev,Peru,2025,3,unchanged,0.9811,0.00565,0.01325
ModernBERT-base,full,single,2048,125,test,Peru,2025,10,deteriorated,0.00346,0.99615,0.00039
ModernBERT-base,full,single,2048,125,test,Madagascar,2025,10,deteriorated,0.00701,0.9927,0.00029
ModernBERT-base,full,single,2048,125,dev,Guinea-Bissau,2025,2,deteriorated,0.00043,0.99952,5e-05
ModernBERT-base,full,single,2048,125,dev,Guinea-Bissau,2025,2,deteriorated,0.02282,0.97633,0.00085
ModernBERT-base,full,single,2048,125,dev,Guinea-Bissau,2025,3,unchanged,0.81229,0.17362,0.01409
ModernBERT-base,full,single,2048,125,test,Guinea-Bissau,2025,12,unchanged,0.97979,0.00322,0.01699
ModernBERT-base,full,single,2048,125,dev,Guyana,2025,3,unchanged,0.99299,0.00331,0.00369
ModernBERT-base,full,single,2048,125,dev,Jordan,2025,2,unchanged,0.95493,0.03533,0.00973
ModernBERT-base,full,single,2048,125,test,Kazakhstan,2026,3,unchanged,0.9238,0.00037,0.07583
ModernBERT-base,full,single,2048,125,dev,Togo,2025,2,unchanged,0.9928,0.00035,0.00685
ModernBERT-base,full,single,2048,125,dev,Togo,2025,2,unchanged,0.99485,9e-05,0.00506
ModernBERT-base,full,single,2048,125,dev,Togo,2025,3,unchanged,0.98801,5e-05,0.01194
ModernBERT-base,full,single,2048,125,test,Togo,2025,7,unchanged,0.9882,0.00085,0.01096
ModernBERT-base,full,single,2048,125,test,Togo,2025,10,unchanged,0.99361,0.00096,0.00542
ModernBERT-base,full,single,2048,125,test,Papua New Guinea,2025,10,unchanged,0.98219,0.00017,0.01764
ModernBERT-base,full,single,2048,125,test,Cambodia,2025,7,unchanged,0.44609,0.5423,0.01161
ModernBERT-base,full,single,2048,125,test,Cambodia,2025,7,unchanged,0.99388,0.00061,0.00551
ModernBERT-base,full,single,2048,125,test,Brazil,2025,10,unchanged,0.00046,0.99947,7e-05
ModernBERT-base,full,single,2048,125,test,Angola,2025,7,deteriorated,0.00018,0.99981,1e-05
ModernBERT-base,full,single,2048,125,dev,Indonesia,2025,1,unchanged,0.99159,0.00018,0.00823
ModernBERT-base,full,single,2048,125,dev,Indonesia,2025,2,unchanged,0.97131,0.01711,0.01158
ModernBERT-base,full,single,2048,125,dev,Indonesia,2025,3,unchanged,0.99105,0.00306,0.00589
ModernBERT-base,full,single,2048,125,test,Indonesia,2025,6,unchanged,0.99371,0.00024,0.00605
ModernBERT-base,full,single,2048,125,test,Indonesia,2025,6,unchanged,0.99497,0.00041,0.00463
ModernBERT-base,full,single,2048,125,test,Indonesia,2025,7,unchanged,0.99361,0.00015,0.00624
ModernBERT-base,full,single,2048,125,test,Indonesia,2025,7,unchanged,0.99444,7e-05,0.00549
ModernBERT-base,full,single,2048,125,test,Indonesia,2025,10,unchanged,0.99302,0.00037,0.00661
ModernBERT-base,full,single,2048,125,test,Indonesia,2025,12,unchanged,0.99314,0.00045,0.00641
ModernBERT-base,full,single,2048,125,test,Ghana,2025,7,unchanged,0.98223,0.01429,0.00349
ModernBERT-base,full,single,2048,125,dev,South Africa,2025,1,unchanged,0.99061,0.00019,0.00921
ModernBERT-base,full,single,2048,125,dev,South Africa,2025,2,unchanged,0.9881,0.00047,0.01144
ModernBERT-base,full,single,2048,125,dev,South Africa,2025,2,unchanged,0.99166,0.00038,0.00797
ModernBERT-base,full,single,2048,125,dev,South Africa,2025,3,unchanged,0.98902,0.00037,0.01061
ModernBERT-base,full,single,2048,125,test,South Africa,2025,7,unchanged,0.97581,0.00071,0.02347
ModernBERT-base,full,single,2048,125,test,South Africa,2025,10,unchanged,0.9847,0.00011,0.01519
ModernBERT-base,full,single,2048,125,test,South Africa,2025,12,unchanged,0.98953,0.00029,0.01018
ModernBERT-base,full,single,2048,125,test,Qatar,2025,6,unchanged,0.02715,0.97232,0.00053
ModernBERT-base,full,single,2048,125,test,Qatar,2025,6,unchanged,0.79688,0.19991,0.00321
ModernBERT-base,full,single,2048,125,test,Morocco,2025,10,deteriorated,0.00944,0.98985,0.0007
ModernBERT-base,full,single,2048,125,dev,Comoros Islands,2025,1,unchanged,0.19164,0.78816,0.0202
ModernBERT-base,full,single,2048,125,dev,Russia/U.S.,2025,1,unchanged,0.99897,7e-05,0.00096
ModernBERT-base,full,single,2048,125,dev,Russia/U.S.,2025,2,unchanged,0.97888,0.00364,0.01748
ModernBERT-base,full,single,2048,125,dev,Amazon,2025,1,unchanged,0.98075,0.00303,0.01623
ModernBERT-base,full,single,2048,125,dev,Amazon,2025,2,unchanged,0.98772,0.00245,0.00984
ModernBERT-base,full,single,2048,125,dev,Amazon,2025,3,unchanged,0.99346,0.00073,0.00582
ModernBERT-base,full,single,2048,125,test,Amazon,2025,7,deteriorated,0.67637,0.30846,0.01518
ModernBERT-base,full,single,2048,125,test,Amazon,2025,10,unchanged,0.97652,0.00581,0.01768
ModernBERT-base,full,single,2048,125,test,Amazon,2025,12,unchanged,0.99071,0.00055,0.00874
ModernBERT-base,full,single,2048,125,test,China-U.S.,2025,6,unchanged,0.983,0.00025,0.01675
ModernBERT-base,full,single,2048,125,test,China-U.S.,2025,6,unchanged,0.99421,0.0001,0.00569
ModernBERT-base,full,single,2048,125,test,China-U.S.,2025,10,improved,0.9839,0.00016,0.01593
ModernBERT-base,full,single,2048,125,test,China-U.S.,2025,12,unchanged,0.98905,0.00011,0.01084
ModernBERT-base,full,single,2048,125,dev,Cook Islands,2025,2,unchanged,0.96858,0.01163,0.01979
ModernBERT-base,full,single,2048,125,dev,Tasman Sea,2025,2,unchanged,0.83799,0.15993,0.00208
ModernBERT-base,full,single,2048,125,test,New Caledonia,2025,7,improved,0.92942,0.00166,0.06892
ModernBERT-base,full,single,2048,125,test,New Caledonia,2025,7,improved,0.98538,0.00025,0.01437
ConfliBERT-v2,current,single,512,123,dev,Cameroon,2025,1,unchanged,1.0,0.0,0.0
ConfliBERT-v2,current,single,512,123,dev,Cameroon,2025,2,unchanged,1.0,0.0,0.0
ConfliBERT-v2,current,single,512,123,dev,Cameroon,2025,2,unchanged,1.0,0.0,0.0
ConfliBERT-v2,current,single,512,123,dev,Cameroon,2025,3,unchanged,1.0,0.0,0.0
ConfliBERT-v2,current,single,512,123,test,Cameroon,2025,7,unchanged,1.0,0.0,0.0
ConfliBERT-v2,current,single,512,123,test,Cameroon,2025,12,unchanged,1.0,0.0,0.0
ConfliBERT-v2,current,single,512,123,dev,Chad,2025,1,unchanged,0.62976,0.37022,2e-05
ConfliBERT-v2,current,single,512,123,dev,Chad,2025,2,unchanged,0.99998,1e-05,1e-05
ConfliBERT-v2,current,single,512,123,dev,Chad,2025,2,unchanged,0.99998,1e-05,1e-05
ConfliBERT-v2,current,single,512,123,dev,Chad,2025,3,unchanged,1.0,0.0,0.0
ConfliBERT-v2,current,single,512,123,test,Chad,2025,7,unchanged,1.0,0.0,0.0
ConfliBERT-v2,current,single,512,123,test,Chad,2025,10,deteriorated,1.0,0.0,0.0
ConfliBERT-v2,current,single,512,123,test,Chad,2025,12,unchanged,0.98985,0.01013,2e-05
ConfliBERT-v2,current,single,512,123,dev,Gabon,2025,1,unchanged,0.9994,0.0,0.0006
ConfliBERT-v2,current,single,512,123,dev,Gabon,2025,3,unchanged,0.9995,0.0,0.0005
ConfliBERT-v2,current,single,512,123,dev,Kenya,2025,1,unchanged,1.0,0.0,0.0
ConfliBERT-v2,current,single,512,123,dev,Kenya,2025,2,unchanged,1.0,0.0,0.0
ConfliBERT-v2,current,single,512,123,dev,Kenya,2025,2,unchanged,1.0,0.0,0.0
ConfliBERT-v2,current,single,512,123,dev,Kenya,2025,3,unchanged,0.99863,0.0,0.00137
ConfliBERT-v2,current,single,512,123,test,Kenya,2025,7,deteriorated,0.0,1.0,0.0
ConfliBERT-v2,current,single,512,123,test,Kenya,2025,10,unchanged,0.00232,0.99768,0.0
ConfliBERT-v2,current,single,512,123,test,Kenya,2025,12,unchanged,0.99996,0.0,4e-05
ConfliBERT-v2,current,single,512,123,dev,Mozambique,2025,1,improved,0.99187,0.0,0.00812
ConfliBERT-v2,current,single,512,123,dev,Mozambique,2025,2,unchanged,1.0,0.0,0.0
ConfliBERT-v2,current,single,512,123,dev,Mozambique,2025,2,unchanged,1.0,0.0,0.0
ConfliBERT-v2,current,single,512,123,dev,Mozambique,2025,3,improved,5e-05,0.0,0.99995
ConfliBERT-v2,current,single,512,123,test,Mozambique,2025,7,unchanged,1.0,0.0,0.0
ConfliBERT-v2,current,single,512,123,test,Mozambique,2025,10,unchanged,1.0,0.0,0.0
ConfliBERT-v2,current,single,512,123,test,Mozambique,2025,12,unchanged,1.0,0.0,0.0
ConfliBERT-v2,current,single,512,123,dev,Tanzania,2025,1,unchanged,0.99997,0.0,2e-05
ConfliBERT-v2,current,single,512,123,dev,Tanzania,2025,2,unchanged,1.0,0.0,0.0
ConfliBERT-v2,current,single,512,123,dev,Tanzania,2025,2,unchanged,1.0,0.0,0.0
ConfliBERT-v2,current,single,512,123,dev,Tanzania,2025,3,unchanged,1.0,0.0,0.0
ConfliBERT-v2,current,single,512,123,test,Tanzania,2025,7,unchanged,1.0,0.0,0.0
ConfliBERT-v2,current,single,512,123,test,Tanzania,2025,12,unchanged,0.99999,1e-05,0.0
ConfliBERT-v2,current,single,512,123,dev,Zimbabwe,2025,1,unchanged,1.0,0.0,0.0
ConfliBERT-v2,current,single,512,123,dev,Zimbabwe,2025,2,unchanged,1.0,0.0,0.0
ConfliBERT-v2,current,single,512,123,dev,Zimbabwe,2025,2,unchanged,1.0,0.0,0.0
ConfliBERT-v2,current,single,512,123,dev,Zimbabwe,2025,3,deteriorated,0.00698,0.99301,0.0
ConfliBERT-v2,current,single,512,123,test,Zimbabwe,2025,7,unchanged,1.0,0.0,0.0
ConfliBERT-v2,current,single,512,123,test,Zimbabwe,2025,10,unchanged,1.0,0.0,0.0
ConfliBERT-v2,current,single,512,123,test,Zimbabwe,2025,12,unchanged,1.0,0.0,0.0
ConfliBERT-v2,current,single,512,123,test,Burundi,2025,7,unchanged,1.0,0.0,0.0
ConfliBERT-v2,current,single,512,123,test,Burundi,2025,10,unchanged,1.0,0.0,0.0
ConfliBERT-v2,current,single,512,123,test,DR Congo,2025,10,unchanged,0.99998,0.0,2e-05
ConfliBERT-v2,current,single,512,123,test,DR Congo,2025,12,deteriorated,0.7866,0.21337,3e-05
ConfliBERT-v2,current,single,512,123,dev,Rwanda,2025,2,unchanged,0.99999,1e-05,0.0
ConfliBERT-v2,current,single,512,123,dev,Rwanda,2025,2,unchanged,0.99998,1e-05,0.0
ConfliBERT-v2,current,single,512,123,dev,Rwanda,2025,3,unchanged,1.0,0.0,0.0
ConfliBERT-v2,current,single,512,123,test,Rwanda,2025,7,unchanged,0.99986,0.0,0.00014
ConfliBERT-v2,current,single,512,123,test,Rwanda,2025,10,unchanged,0.99997,0.0,3e-05
ConfliBERT-v2,current,single,512,123,test,Rwanda,2025,12,unchanged,0.99968,8e-05,0.00024
ConfliBERT-v2,current,single,512,123,dev,Uganda,2025,1,unchanged,1.0,0.0,0.0
ConfliBERT-v2,current,single,512,123,dev,Uganda,2025,2,unchanged,1.0,0.0,0.0
ConfliBERT-v2,current,single,512,123,dev,Uganda,2025,2,unchanged,1.0,0.0,0.0
ConfliBERT-v2,current,single,512,123,dev,Uganda,2025,3,unchanged,0.99988,0.00012,0.0
ConfliBERT-v2,current,single,512,123,test,Uganda,2025,7,unchanged,0.001,0.999,0.0
ConfliBERT-v2,current,single,512,123,test,Uganda,2025,10,unchanged,0.8688,0.13117,3e-05
ConfliBERT-v2,current,single,512,123,dev,Eritrea,2025,1,unchanged,0.99999,0.0,1e-05
ConfliBERT-v2,current,single,512,123,dev,Eritrea,2025,2,unchanged,0.87474,0.12504,0.00022
ConfliBERT-v2,current,single,512,123,dev,Eritrea,2025,2,unchanged,0.87474,0.12504,0.00022
ConfliBERT-v2,current,single,512,123,test,Eritrea,2025,7,unchanged,0.99992,5e-05,3e-05
ConfliBERT-v2,current,single,512,123,test,Eritrea,2025,10,unchanged,0.9997,0.00017,0.00013
ConfliBERT-v2,current,single,512,123,test,Eritrea,2025,12,unchanged,0.99996,0.0,4e-05
ConfliBERT-v2,current,single,512,123,dev,Ethiopia,2025,1,unchanged,1.0,0.0,0.0
ConfliBERT-v2,current,single,512,123,dev,Ethiopia,2025,2,unchanged,1.0,0.0,0.0
ConfliBERT-v2,current,single,512,123,dev,Ethiopia,2025,2,unchanged,1.0,0.0,0.0
ConfliBERT-v2,current,single,512,123,test,Ethiopia,2025,7,unchanged,0.9999,0.0001,0.0
ConfliBERT-v2,current,single,512,123,test,Ethiopia,2025,10,unchanged,0.99999,1e-05,0.0
ConfliBERT-v2,current,single,512,123,test,Ethiopia,2025,12,deteriorated,0.00297,0.99694,9e-05
ConfliBERT-v2,current,single,512,123,test,Nile Waters,2025,7,unchanged,0.99988,0.0,0.00012
ConfliBERT-v2,current,single,512,123,test,Nile Waters,2025,10,unchanged,0.97719,0.02271,9e-05
ConfliBERT-v2,current,single,512,123,test,Nile Waters,2025,12,unchanged,0.99994,0.0,6e-05
ConfliBERT-v2,current,single,512,123,dev,Somalia,2025,1,unchanged,1.0,0.0,0.0
ConfliBERT-v2,current,single,512,123,dev,Somalia,2025,2,unchanged,1.0,0.0,0.0
ConfliBERT-v2,current,single,512,123,dev,Somalia,2025,2,unchanged,1.0,0.0,0.0
ConfliBERT-v2,current,single,512,123,dev,Somalia,2025,3,unchanged,1.0,0.0,0.0
ConfliBERT-v2,current,single,512,123,test,Somalia,2025,7,deteriorated,0.99977,0.00023,0.0
ConfliBERT-v2,current,single,512,123,test,Somalia,2025,10,unchanged,0.99998,0.0,2e-05
ConfliBERT-v2,current,single,512,123,test,Somalia,2025,12,unchanged,0.99962,0.0,0.00038
ConfliBERT-v2,current,single,512,123,dev,Somaliland,2025,1,unchanged,0.99999,0.0,1e-05
ConfliBERT-v2,current,single,512,123,dev,Somaliland,2025,2,unchanged,0.99986,0.0,0.00014
ConfliBERT-v2,current,single,512,123,dev,Somaliland,2025,2,unchanged,0.99981,0.0,0.00019
ConfliBERT-v2,current,single,512,123,dev,Somaliland,2025,3,unchanged,0.99749,0.00181,0.0007
ConfliBERT-v2,current,single,512,123,test,Somaliland,2025,7,unchanged,0.99995,0.0,5e-05
ConfliBERT-v2,current,single,512,123,test,Somaliland,2025,10,unchanged,0.99703,0.0,0.00297
ConfliBERT-v2,current,single,512,123,test,Somaliland,2025,12,unchanged,0.00023,0.99976,1e-05
ConfliBERT-v2,current,single,512,123,dev,South Sudan,2025,1,unchanged,0.99999,0.0,1e-05
ConfliBERT-v2,current,single,512,123,dev,South Sudan,2025,2,unchanged,0.99999,1e-05,0.0
ConfliBERT-v2,current,single,512,123,dev,South Sudan,2025,2,unchanged,0.99999,1e-05,0.0
ConfliBERT-v2,current,single,512,123,test,South Sudan,2025,7,unchanged,1.0,0.0,0.0
ConfliBERT-v2,current,single,512,123,test,South Sudan,2025,10,unchanged,0.99999,0.0,0.0
ConfliBERT-v2,current,single,512,123,test,South Sudan,2025,12,unchanged,1.0,0.0,0.0
ConfliBERT-v2,current,single,512,123,dev,Sudan,2025,2,deteriorated,0.0,1.0,0.0
ConfliBERT-v2,current,single,512,123,dev,Sudan,2025,2,deteriorated,0.0,1.0,0.0
ConfliBERT-v2,current,single,512,123,dev,Sudan,2025,3,unchanged,5e-05,0.99008,0.00987
ConfliBERT-v2,current,single,512,123,test,Sudan,2025,7,unchanged,0.0,1.0,0.0
ConfliBERT-v2,current,single,512,123,test,Sudan,2025,12,unchanged,0.99931,0.00059,0.00011
ConfliBERT-v2,current,single,512,123,dev,Burkina Faso,2025,1,unchanged,1.0,0.0,0.0
ConfliBERT-v2,current,single,512,123,dev,Burkina Faso,2025,2,unchanged,1.0,0.0,0.0
ConfliBERT-v2,current,single,512,123,dev,Burkina Faso,2025,2,unchanged,1.0,0.0,0.0
ConfliBERT-v2,current,single,512,123,dev,Burkina Faso,2025,3,deteriorated,0.0,1.0,0.0
ConfliBERT-v2,current,single,512,123,test,Burkina Faso,2025,7,unchanged,0.0001,0.9999,0.0
ConfliBERT-v2,current,single,512,123,test,Burkina Faso,2025,10,unchanged,1.0,0.0,0.0
ConfliBERT-v2,current,single,512,123,test,Burkina Faso,2025,12,unchanged,1.0,0.0,0.0
ConfliBERT-v2,current,single,512,123,dev,Guinea,2025,1,unchanged,1.0,0.0,0.0
ConfliBERT-v2,current,single,512,123,dev,Guinea,2025,2,unchanged,1.0,0.0,0.0
ConfliBERT-v2,current,single,512,123,dev,Guinea,2025,2,unchanged,1.0,0.0,0.0
ConfliBERT-v2,current,single,512,123,dev,Guinea,2025,3,unchanged,1.0,0.0,0.0
ConfliBERT-v2,current,single,512,123,test,Guinea,2025,7,unchanged,1.0,0.0,0.0
ConfliBERT-v2,current,single,512,123,test,Guinea,2025,10,unchanged,1.0,0.0,0.0
ConfliBERT-v2,current,single,512,123,test,Guinea,2025,12,unchanged,0.80316,2e-05,0.19682
ConfliBERT-v2,current,single,512,123,dev,Nigeria,2025,1,unchanged,1.0,0.0,0.0
ConfliBERT-v2,current,single,512,123,dev,Nigeria,2025,2,unchanged,1.0,0.0,0.0
ConfliBERT-v2,current,single,512,123,dev,Nigeria,2025,2,unchanged,1.0,0.0,0.0
ConfliBERT-v2,current,single,512,123,dev,Nigeria,2025,3,unchanged,1.0,0.0,0.0
ConfliBERT-v2,current,single,512,123,test,Nigeria,2025,7,unchanged,1.0,0.0,0.0
ConfliBERT-v2,current,single,512,123,test,Nigeria,2025,10,unchanged,1.0,0.0,0.0
ConfliBERT-v2,current,single,512,123,test,Nigeria,2025,12,unchanged,1.0,0.0,0.0
ConfliBERT-v2,current,single,512,123,dev,Senegal,2025,2,unchanged,0.15817,0.0,0.84183
ConfliBERT-v2,current,single,512,123,dev,Senegal,2025,2,unchanged,0.19683,0.0,0.80317
ConfliBERT-v2,current,single,512,123,dev,Kosovo,2025,1,unchanged,1.0,0.0,0.0
ConfliBERT-v2,current,single,512,123,dev,Kosovo,2025,2,unchanged,0.99999,0.0,1e-05
ConfliBERT-v2,current,single,512,123,dev,Kosovo,2025,3,unchanged,0.99965,0.0,0.00035
ConfliBERT-v2,current,single,512,123,test,Kosovo,2025,7,unchanged,0.99999,1e-05,0.0
ConfliBERT-v2,current,single,512,123,test,Kosovo,2025,10,unchanged,0.99236,5e-05,0.00759
ConfliBERT-v2,current,single,512,123,test,Kosovo,2025,12,unchanged,0.06656,6e-05,0.93337
ConfliBERT-v2,current,single,512,123,test,Kosovo,2026,3,unchanged,0.99998,2e-05,0.0
ConfliBERT-v2,current,single,512,123,dev,Armenia,2025,1,unchanged,0.99999,0.0,1e-05
ConfliBERT-v2,current,single,512,123,dev,Armenia,2025,2,unchanged,1.0,0.0,0.0
ConfliBERT-v2,current,single,512,123,dev,Armenia,2025,3,unchanged,0.66539,3e-05,0.33458
ConfliBERT-v2,current,single,512,123,test,Armenia,2025,7,unchanged,0.49609,0.0,0.50391
ConfliBERT-v2,current,single,512,123,test,Armenia,2025,10,unchanged,0.99996,0.0,4e-05
ConfliBERT-v2,current,single,512,123,test,Armenia,2025,12,unchanged,0.99999,0.0,1e-05
ConfliBERT-v2,current,single,512,123,test,Armenia,2026,3,unchanged,0.99999,1e-05,1e-05
ConfliBERT-v2,current,single,512,123,dev,Azerbaijan,2025,1,unchanged,1.0,0.0,0.0
ConfliBERT-v2,current,single,512,123,dev,Azerbaijan,2025,2,unchanged,1.0,0.0,0.0
ConfliBERT-v2,current,single,512,123,dev,Azerbaijan,2025,3,unchanged,0.71541,2e-05,0.28457
ConfliBERT-v2,current,single,512,123,test,Azerbaijan,2025,7,unchanged,0.63341,1e-05,0.36659
ConfliBERT-v2,current,single,512,123,test,Azerbaijan,2025,10,unchanged,0.99997,0.0,3e-05
ConfliBERT-v2,current,single,512,123,test,Azerbaijan,2025,12,unchanged,0.99998,0.0,1e-05
ConfliBERT-v2,current,single,512,123,test,Azerbaijan,2026,3,unchanged,0.99957,0.00039,4e-05
ConfliBERT-v2,current,single,512,123,dev,Georgia,2025,1,unchanged,1.0,0.0,0.0
ConfliBERT-v2,current,single,512,123,dev,Georgia,2025,2,unchanged,1.0,0.0,0.0
ConfliBERT-v2,current,single,512,123,dev,Georgia,2025,3,unchanged,1.0,0.0,0.0
ConfliBERT-v2,current,single,512,123,test,Georgia,2025,7,unchanged,0.99994,6e-05,0.0
ConfliBERT-v2,current,single,512,123,test,Georgia,2025,10,unchanged,0.78266,0.21734,0.0
ConfliBERT-v2,current,single,512,123,test,Georgia,2025,12,unchanged,0.99999,0.0,1e-05
ConfliBERT-v2,current,single,512,123,test,Georgia,2026,3,unchanged,1.0,0.0,0.0
ConfliBERT-v2,current,single,512,123,dev,Belarus,2025,1,unchanged,0.99994,6e-05,0.0
ConfliBERT-v2,current,single,512,123,dev,Belarus,2025,2,unchanged,0.99999,0.0,1e-05
ConfliBERT-v2,current,single,512,123,dev,Belarus,2025,3,unchanged,1.0,0.0,0.0
ConfliBERT-v2,current,single,512,123,test,Belarus,2025,7,unchanged,1.0,0.0,0.0
ConfliBERT-v2,current,single,512,123,test,Belarus,2025,10,unchanged,1.0,0.0,0.0
ConfliBERT-v2,current,single,512,123,test,Belarus,2025,12,unchanged,0.99985,0.0,0.00014
ConfliBERT-v2,current,single,512,123,test,Belarus,2026,3,unchanged,0.99822,0.0,0.00178
ConfliBERT-v2,current,single,512,123,dev,Ukraine,2025,1,unchanged,1.0,0.0,0.0
ConfliBERT-v2,current,single,512,123,dev,Ukraine,2025,2,unchanged,1.0,0.0,0.0
ConfliBERT-v2,current,single,512,123,dev,Ukraine,2025,3,unchanged,1.0,0.0,0.0
ConfliBERT-v2,current,single,512,123,test,Ukraine,2025,12,unchanged,1.0,0.0,0.0
ConfliBERT-v2,current,single,512,123,test,Ukraine,2026,3,unchanged,1.0,0.0,0.0
ConfliBERT-v2,current,single,512,123,dev,Cyprus,2025,1,unchanged,0.99894,0.0,0.00106
ConfliBERT-v2,current,single,512,123,dev,Cyprus,2025,2,unchanged,0.99997,0.0,3e-05
ConfliBERT-v2,current,single,512,123,dev,Cyprus,2025,3,unchanged,0.97595,0.0,0.02405
ConfliBERT-v2,current,single,512,123,test,Cyprus,2025,7,unchanged,0.99887,0.0,0.00113
ConfliBERT-v2,current,single,512,123,test,Cyprus,2025,10,unchanged,0.99998,0.0,2e-05
ConfliBERT-v2,current,single,512,123,test,Cyprus,2025,12,unchanged,1.0,0.0,0.0
ConfliBERT-v2,current,single,512,123,test,Cyprus,2026,3,unchanged,0.99947,0.00049,4e-05
ConfliBERT-v2,current,single,512,123,dev,Türkiye,2025,1,unchanged,1.0,0.0,0.0
ConfliBERT-v2,current,single,512,123,dev,Türkiye,2025,3,deteriorated,0.0,1.0,0.0
ConfliBERT-v2,current,single,512,123,test,Türkiye,2025,7,improved,0.99999,0.0,1e-05
ConfliBERT-v2,current,single,512,123,test,Türkiye,2025,10,unchanged,0.98636,0.0,0.01364
ConfliBERT-v2,current,single,512,123,test,Türkiye,2025,12,unchanged,0.99998,0.0,2e-05
ConfliBERT-v2,current,single,512,123,test,Türkiye,2026,3,unchanged,1.0,0.0,0.0
ConfliBERT-v2,current,single,512,123,dev,Kyrgyzstan,2025,1,unchanged,0.99832,0.0,0.00168
ConfliBERT-v2,current,single,512,123,dev,Kyrgyzstan,2025,2,unchanged,0.90731,0.0,0.09269
ConfliBERT-v2,current,single,512,123,dev,Kyrgyzstan,2025,3,improved,0.00108,0.0,0.99892
ConfliBERT-v2,current,single,512,123,test,Kyrgyzstan,2025,7,unchanged,0.99999,0.0,1e-05
ConfliBERT-v2,current,single,512,123,test,Kyrgyzstan,2025,10,unchanged,0.99998,0.0,2e-05
ConfliBERT-v2,current,single,512,123,test,Kyrgyzstan,2025,12,unchanged,0.99999,0.0,1e-05
ConfliBERT-v2,current,single,512,123,test,Kyrgyzstan,2026,3,unchanged,1.0,0.0,0.0
ConfliBERT-v2,current,single,512,123,dev,Tajikistan,2025,1,unchanged,0.99993,0.0,7e-05
ConfliBERT-v2,current,single,512,123,dev,Tajikistan,2025,2,unchanged,0.01385,0.0,0.98615
ConfliBERT-v2,current,single,512,123,dev,Tajikistan,2025,3,improved,0.0001,0.0,0.9999
ConfliBERT-v2,current,single,512,123,test,Tajikistan,2025,7,unchanged,0.99984,0.0,0.00016
ConfliBERT-v2,current,single,512,123,test,Tajikistan,2025,10,unchanged,0.99969,0.0,0.00031
ConfliBERT-v2,current,single,512,123,test,Tajikistan,2025,12,unchanged,0.99997,0.0,3e-05
ConfliBERT-v2,current,single,512,123,test,Tajikistan,2026,3,unchanged,0.99995,0.0,5e-05
ConfliBERT-v2,current,single,512,123,dev,Uzbekistan,2025,1,unchanged,0.97838,0.0,0.02162
ConfliBERT-v2,current,single,512,123,dev,Uzbekistan,2025,2,unchanged,0.9997,0.0,0.0003
ConfliBERT-v2,current,single,512,123,dev,Uzbekistan,2025,3,unchanged,0.96153,0.0,0.03847
ConfliBERT-v2,current,single,512,123,test,Uzbekistan,2025,7,unchanged,0.99999,0.0,1e-05
ConfliBERT-v2,current,single,512,123,test,Uzbekistan,2025,10,unchanged,0.99991,0.0,9e-05
ConfliBERT-v2,current,single,512,123,test,Uzbekistan,2025,12,unchanged,0.99997,0.0,3e-05
ConfliBERT-v2,current,single,512,123,test,Uzbekistan,2026,3,unchanged,0.99997,0.0,3e-05
ConfliBERT-v2,current,single,512,123,dev,Lebanon,2025,1,unchanged,1.0,0.0,0.0
ConfliBERT-v2,current,single,512,123,dev,Lebanon,2025,2,unchanged,1.0,0.0,0.0
ConfliBERT-v2,current,single,512,123,dev,Lebanon,2025,3,unchanged,0.0,1.0,0.0
ConfliBERT-v2,current,single,512,123,test,Lebanon,2025,6,unchanged,1.0,0.0,0.0
ConfliBERT-v2,current,single,512,123,test,Lebanon,2025,6,unchanged,1.0,0.0,0.0
ConfliBERT-v2,current,single,512,123,test,Lebanon,2025,7,unchanged,0.99991,9e-05,0.0
ConfliBERT-v2,current,single,512,123,test,Lebanon,2025,10,unchanged,1.0,0.0,0.0
ConfliBERT-v2,current,single,512,123,test,Lebanon,2025,12,unchanged,1.0,0.0,0.0
ConfliBERT-v2,current,single,512,123,dev,Syria,2025,1,unchanged,1.0,0.0,0.0
ConfliBERT-v2,current,single,512,123,dev,Syria,2025,2,unchanged,1.0,0.0,0.0
ConfliBERT-v2,current,single,512,123,dev,Syria,2025,3,deteriorated,0.0,1.0,0.0
ConfliBERT-v2,current,single,512,123,test,Syria,2025,6,deteriorated,0.0,1.0,0.0
ConfliBERT-v2,current,single,512,123,test,Syria,2025,6,deteriorated,0.0,1.0,0.0
ConfliBERT-v2,current,single,512,123,test,Syria,2025,7,deteriorated,0.0,1.0,0.0
ConfliBERT-v2,current,single,512,123,test,Syria,2025,10,improved,0.00303,0.0,0.99697
ConfliBERT-v2,current,single,512,123,test,Syria,2025,12,deteriorated,0.0,1.0,0.0
ConfliBERT-v2,current,single,512,123,dev,Iran,2025,1,unchanged,1.0,0.0,0.0
ConfliBERT-v2,current,single,512,123,dev,Iran,2025,2,unchanged,1.0,0.0,0.0
ConfliBERT-v2,current,single,512,123,dev,Iran,2025,3,unchanged,0.99996,3e-05,1e-05
ConfliBERT-v2,current,single,512,123,test,Iran,2025,7,unchanged,0.99999,1e-05,0.0
ConfliBERT-v2,current,single,512,123,test,Iran,2025,10,unchanged,1.0,0.0,0.0
ConfliBERT-v2,current,single,512,123,test,Iran,2025,12,deteriorated,0.25386,0.74613,1e-05
ConfliBERT-v2,current,single,512,123,dev,Iraq,2025,1,unchanged,0.99999,0.0,0.0
ConfliBERT-v2,current,single,512,123,dev,Iraq,2025,2,unchanged,0.99999,0.0,1e-05
ConfliBERT-v2,current,single,512,123,dev,Iraq,2025,3,unchanged,0.99998,2e-05,0.0
ConfliBERT-v2,current,single,512,123,test,Iraq,2025,6,unchanged,1.0,0.0,0.0
ConfliBERT-v2,current,single,512,123,test,Iraq,2025,6,unchanged,1.0,0.0,0.0
ConfliBERT-v2,current,single,512,123,test,Iraq,2025,7,unchanged,0.99972,9e-05,0.00019
ConfliBERT-v2,current,single,512,123,test,Iraq,2025,10,unchanged,0.99998,1e-05,1e-05
ConfliBERT-v2,current,single,512,123,test,Iraq,2025,12,unchanged,0.99999,0.0,1e-05
ConfliBERT-v2,current,single,512,123,dev,Saudi Arabia,2025,1,unchanged,0.99998,0.0,2e-05
ConfliBERT-v2,current,single,512,123,dev,Saudi Arabia,2025,2,unchanged,1.0,0.0,0.0
ConfliBERT-v2,current,single,512,123,dev,Saudi Arabia,2025,3,unchanged,1.0,0.0,0.0
ConfliBERT-v2,current,single,512,123,test,Saudi Arabia,2025,6,unchanged,0.99995,3e-05,2e-05
ConfliBERT-v2,current,single,512,123,test,Saudi Arabia,2025,6,unchanged,0.99995,3e-05,2e-05
ConfliBERT-v2,current,single,512,123,test,Saudi Arabia,2025,7,unchanged,0.99999,0.0,1e-05
ConfliBERT-v2,current,single,512,123,test,Saudi Arabia,2025,10,unchanged,0.99996,0.0,4e-05
ConfliBERT-v2,current,single,512,123,test,Saudi Arabia,2025,12,unchanged,0.20817,0.79179,4e-05
ConfliBERT-v2,current,single,512,123,test,Yemen,2025,6,unchanged,1.0,0.0,0.0
ConfliBERT-v2,current,single,512,123,test,Yemen,2025,6,unchanged,1.0,0.0,0.0
ConfliBERT-v2,current,single,512,123,test,Yemen,2025,7,deteriorated,1.0,0.0,0.0
ConfliBERT-v2,current,single,512,123,dev,Algeria,2025,1,unchanged,1.0,0.0,0.0
ConfliBERT-v2,current,single,512,123,dev,Algeria,2025,2,unchanged,0.00709,0.9929,1e-05
ConfliBERT-v2,current,single,512,123,dev,Algeria,2025,3,unchanged,0.99997,0.0,3e-05
ConfliBERT-v2,current,single,512,123,test,Algeria,2025,6,unchanged,1.0,0.0,0.0
ConfliBERT-v2,current,single,512,123,test,Algeria,2025,6,unchanged,1.0,0.0,0.0
ConfliBERT-v2,current,single,512,123,test,Algeria,2025,7,unchanged,1.0,0.0,0.0
ConfliBERT-v2,current,single,512,123,test,Algeria,2025,10,unchanged,0.99989,6e-05,5e-05
ConfliBERT-v2,current,single,512,123,test,Algeria,2025,12,unchanged,1.0,0.0,0.0
ConfliBERT-v2,current,single,512,123,dev,Egypt,2025,1,unchanged,0.99993,0.0,7e-05
ConfliBERT-v2,current,single,512,123,dev,Egypt,2025,2,unchanged,0.99998,0.0,2e-05
ConfliBERT-v2,current,single,512,123,dev,Egypt,2025,3,unchanged,0.99999,0.0,1e-05
ConfliBERT-v2,current,single,512,123,test,Egypt,2025,6,unchanged,1.0,0.0,0.0
ConfliBERT-v2,current,single,512,123,test,Egypt,2025,6,unchanged,1.0,0.0,0.0
ConfliBERT-v2,current,single,512,123,test,Egypt,2025,7,unchanged,0.99982,0.00017,1e-05
ConfliBERT-v2,current,single,512,123,test,Egypt,2025,10,unchanged,0.99838,0.0,0.00162
ConfliBERT-v2,current,single,512,123,test,Egypt,2025,12,unchanged,0.99999,0.0,1e-05
ConfliBERT-v2,current,single,512,123,dev,Libya,2025,1,unchanged,1.0,0.0,0.0
ConfliBERT-v2,current,single,512,123,dev,Libya,2025,2,unchanged,1.0,0.0,0.0
ConfliBERT-v2,current,single,512,123,dev,Libya,2025,3,unchanged,0.99994,5e-05,1e-05
ConfliBERT-v2,current,single,512,123,test,Libya,2025,6,unchanged,1.0,0.0,0.0
ConfliBERT-v2,current,single,512,123,test,Libya,2025,6,unchanged,1.0,0.0,0.0
ConfliBERT-v2,current,single,512,123,test,Libya,2025,7,unchanged,1.0,0.0,0.0
ConfliBERT-v2,current,single,512,123,test,Libya,2025,10,unchanged,1.0,0.0,0.0
ConfliBERT-v2,current,single,512,123,test,Libya,2025,12,unchanged,0.99993,0.0,7e-05
ConfliBERT-v2,current,single,512,123,dev,Tunisia,2025,1,unchanged,0.99997,0.0,2e-05
ConfliBERT-v2,current,single,512,123,dev,Tunisia,2025,2,unchanged,1.0,0.0,0.0
ConfliBERT-v2,current,single,512,123,dev,Tunisia,2025,3,unchanged,0.99999,1e-05,0.0
ConfliBERT-v2,current,single,512,123,test,Tunisia,2025,6,unchanged,1.0,0.0,0.0
ConfliBERT-v2,current,single,512,123,test,Tunisia,2025,6,unchanged,1.0,0.0,0.0
ConfliBERT-v2,current,single,512,123,test,Tunisia,2025,7,unchanged,0.99998,1e-05,1e-05
ConfliBERT-v2,current,single,512,123,test,Tunisia,2025,10,unchanged,0.99701,0.00299,1e-05
ConfliBERT-v2,current,single,512,123,test,Tunisia,2025,12,unchanged,1.0,0.0,0.0
ConfliBERT-v2,current,single,512,123,dev,Western Sahara,2025,1,unchanged,0.99993,5e-05,2e-05
ConfliBERT-v2,current,single,512,123,dev,Western Sahara,2025,2,unchanged,1.0,0.0,0.0
ConfliBERT-v2,current,single,512,123,dev,Western Sahara,2025,3,unchanged,0.99998,0.0,2e-05
ConfliBERT-v2,current,single,512,123,test,Western Sahara,2025,6,unchanged,1.0,0.0,0.0
ConfliBERT-v2,current,single,512,123,test,Western Sahara,2025,6,unchanged,1.0,0.0,0.0
ConfliBERT-v2,current,single,512,123,test,Western Sahara,2025,7,unchanged,1.0,0.0,0.0
ConfliBERT-v2,current,single,512,123,test,Western Sahara,2025,10,unchanged,0.99992,0.0,8e-05
ConfliBERT-v2,current,single,512,123,test,Western Sahara,2025,12,unchanged,0.99995,0.0,5e-05
ConfliBERT-v2,current,single,512,123,dev,Central African Republic,2025,1,unchanged,1.0,0.0,0.0
ConfliBERT-v2,current,single,512,123,dev,Central African Republic,2025,2,unchanged,1.0,0.0,0.0
ConfliBERT-v2,current,single,512,123,dev,Central African Republic,2025,2,unchanged,1.0,0.0,0.0
ConfliBERT-v2,current,single,512,123,dev,Central African Republic,2025,3,unchanged,1.0,0.0,0.0
ConfliBERT-v2,current,single,512,123,test,Central African Republic,2025,7,unchanged,1.0,0.0,0.0
ConfliBERT-v2,current,single,512,123,test,Central African Republic,2025,10,unchanged,1.0,0.0,0.0
ConfliBERT-v2,current,single,512,123,dev,Mali,2025,1,unchanged,1.0,0.0,0.0
ConfliBERT-v2,current,single,512,123,dev,Mali,2025,2,unchanged,1.0,0.0,0.0
ConfliBERT-v2,current,single,512,123,dev,Mali,2025,2,unchanged,1.0,0.0,0.0
ConfliBERT-v2,current,single,512,123,dev,Mali,2025,3,unchanged,1.0,0.0,0.0
ConfliBERT-v2,current,single,512,123,test,Mali,2025,7,deteriorated,0.99195,0.00778,0.00027
ConfliBERT-v2,current,single,512,123,test,Mali,2025,12,unchanged,1.0,0.0,0.0
ConfliBERT-v2,current,single,512,123,dev,Niger,2025,1,unchanged,1.0,0.0,0.0
ConfliBERT-v2,current,single,512,123,dev,Niger,2025,2,unchanged,1.0,0.0,0.0
ConfliBERT-v2,current,single,512,123,dev,Niger,2025,2,unchanged,1.0,0.0,0.0
ConfliBERT-v2,current,single,512,123,dev,Niger,2025,3,deteriorated,1.0,0.0,0.0
ConfliBERT-v2,current,single,512,123,test,Niger,2025,7,unchanged,1.0,0.0,0.0
ConfliBERT-v2,current,single,512,123,test,Niger,2025,10,unchanged,0.99994,0.0,6e-05
ConfliBERT-v2,current,single,512,123,test,Niger,2025,12,unchanged,1.0,0.0,0.0
ConfliBERT-v2,current,single,512,123,dev,Benin,2025,1,deteriorated,0.00185,0.99815,0.0
ConfliBERT-v2,current,single,512,123,dev,Benin,2025,2,unchanged,1.0,0.0,0.0
ConfliBERT-v2,current,single,512,123,dev,Benin,2025,2,unchanged,1.0,0.0,0.0
ConfliBERT-v2,current,single,512,123,dev,Benin,2025,3,unchanged,1.0,0.0,0.0
ConfliBERT-v2,current,single,512,123,test,Benin,2025,7,unchanged,1.0,0.0,0.0
ConfliBERT-v2,current,single,512,123,test,Benin,2025,10,unchanged,1.0,0.0,0.0
ConfliBERT-v2,current,single,512,123,test,Benin,2025,12,deteriorated,0.00099,0.99901,0.0
ConfliBERT-v2,current,single,512,123,dev,Moldova,2025,1,deteriorated,0.02065,0.97933,2e-05
ConfliBERT-v2,current,single,512,123,dev,Moldova,2025,2,unchanged,0.99984,5e-05,0.00012
ConfliBERT-v2,current,single,512,123,test,Moldova,2026,3,unchanged,0.99975,0.00024,1e-05
ConfliBERT-v2,current,single,512,123,test,Israel/Palestine,2025,12,unchanged,1.0,0.0,0.0
ConfliBERT-v2,current,single,512,123,dev,Colombia,2025,2,unchanged,0.00241,0.99759,0.0
ConfliBERT-v2,current,single,512,123,dev,Colombia,2025,3,unchanged,1.0,0.0,0.0
ConfliBERT-v2,current,single,512,123,test,Colombia,2025,7,unchanged,0.99929,0.0007,1e-05
ConfliBERT-v2,current,single,512,123,test,Colombia,2025,10,deteriorated,9e-05,0.9999,1e-05
ConfliBERT-v2,current,single,512,123,test,Colombia,2025,12,unchanged,0.00137,0.99863,0.0
ConfliBERT-v2,current,single,512,123,dev,Ecuador,2025,1,deteriorated,0.7853,0.21469,1e-05
ConfliBERT-v2,current,single,512,123,dev,Ecuador,2025,2,unchanged,0.99999,0.0,1e-05
ConfliBERT-v2,current,single,512,123,dev,Ecuador,2025,3,unchanged,1.0,0.0,0.0
ConfliBERT-v2,current,single,512,123,test,Ecuador,2025,7,unchanged,1.0,0.0,0.0
ConfliBERT-v2,current,single,512,123,test,Ecuador,2025,10,unchanged,1.0,0.0,0.0
ConfliBERT-v2,current,single,512,123,test,Ecuador,2025,12,unchanged,1.0,0.0,0.0
ConfliBERT-v2,current,single,512,123,dev,Venezuela,2025,1,unchanged,1.0,0.0,0.0
ConfliBERT-v2,current,single,512,123,dev,Venezuela,2025,2,unchanged,0.99999,0.0,1e-05
ConfliBERT-v2,current,single,512,123,dev,Venezuela,2025,3,unchanged,1.0,0.0,0.0
ConfliBERT-v2,current,single,512,123,test,Venezuela,2025,7,unchanged,1.0,0.0,0.0
ConfliBERT-v2,current,single,512,123,dev,El Salvador,2025,1,unchanged,0.99997,0.0,3e-05
ConfliBERT-v2,current,single,512,123,dev,El Salvador,2025,2,unchanged,0.99999,0.0,1e-05
ConfliBERT-v2,current,single,512,123,dev,El Salvador,2025,3,unchanged,1.0,0.0,0.0
ConfliBERT-v2,current,single,512,123,test,El Salvador,2025,7,deteriorated,1.0,0.0,0.0
ConfliBERT-v2,current,single,512,123,test,El Salvador,2025,10,unchanged,1.0,0.0,0.0
ConfliBERT-v2,current,single,512,123,test,El Salvador,2025,12,unchanged,1.0,0.0,0.0
ConfliBERT-v2,current,single,512,123,test,Honduras,2025,12,deteriorated,6e-05,0.99993,0.0
ConfliBERT-v2,current,single,512,123,dev,Mexico,2025,1,unchanged,1.0,0.0,0.0
ConfliBERT-v2,current,single,512,123,dev,Mexico,2025,2,unchanged,1.0,0.0,0.0
ConfliBERT-v2,current,single,512,123,dev,Mexico,2025,3,unchanged,1.0,0.0,0.0
ConfliBERT-v2,current,single,512,123,test,Mexico,2025,7,unchanged,1.0,0.0,0.0
ConfliBERT-v2,current,single,512,123,test,Mexico,2025,10,unchanged,1.0,0.0,0.0
ConfliBERT-v2,current,single,512,123,test,Mexico,2025,12,unchanged,1.0,0.0,0.0
ConfliBERT-v2,current,single,512,123,dev,Nicaragua,2025,1,unchanged,1.0,0.0,0.0
ConfliBERT-v2,current,single,512,123,dev,Nicaragua,2025,2,deteriorated,1.0,0.0,0.0
ConfliBERT-v2,current,single,512,123,dev,Nicaragua,2025,3,unchanged,1.0,0.0,0.0
ConfliBERT-v2,current,single,512,123,test,Nicaragua,2025,7,unchanged,1.0,0.0,0.0
ConfliBERT-v2,current,single,512,123,test,Nicaragua,2025,10,unchanged,1.0,0.0,0.0
ConfliBERT-v2,current,single,512,123,test,Nicaragua,2025,12,unchanged,1.0,0.0,0.0
ConfliBERT-v2,current,single,512,123,dev,Haiti,2025,1,unchanged,1.0,0.0,0.0
ConfliBERT-v2,current,single,512,123,dev,Haiti,2025,2,unchanged,1.0,0.0,0.0
ConfliBERT-v2,current,single,512,123,dev,Haiti,2025,3,deteriorated,0.9991,0.00086,3e-05
ConfliBERT-v2,current,single,512,123,test,Haiti,2025,7,unchanged,0.99998,0.0,1e-05
ConfliBERT-v2,current,single,512,123,test,Haiti,2025,10,unchanged,0.99997,0.0,3e-05
ConfliBERT-v2,current,single,512,123,test,Haiti,2025,12,unchanged,0.99944,0.0005,5e-05
ConfliBERT-v2,current,single,512,123,dev,China/Japan,2025,1,unchanged,0.99999,0.0,1e-05
ConfliBERT-v2,current,single,512,123,dev,China/Japan,2025,2,unchanged,0.99999,0.0,1e-05
ConfliBERT-v2,current,single,512,123,dev,China/Japan,2025,3,unchanged,0.99999,0.0,1e-05
ConfliBERT-v2,current,single,512,123,test,China/Japan,2025,6,unchanged,0.99998,1e-05,1e-05
ConfliBERT-v2,current,single,512,123,test,China/Japan,2025,6,unchanged,0.99998,1e-05,1e-05
ConfliBERT-v2,current,single,512,123,test,China/Japan,2025,7,unchanged,1.0,0.0,0.0
ConfliBERT-v2,current,single,512,123,test,China/Japan,2025,7,unchanged,1.0,0.0,0.0
ConfliBERT-v2,current,single,512,123,test,China/Japan,2025,10,unchanged,0.99999,0.0,0.0
ConfliBERT-v2,current,single,512,123,test,China/Japan,2025,12,unchanged,1.0,0.0,0.0
ConfliBERT-v2,current,single,512,123,dev,Korean Peninsula,2025,1,unchanged,1.0,0.0,0.0
ConfliBERT-v2,current,single,512,123,dev,Korean Peninsula,2025,2,unchanged,1.0,0.0,0.0
ConfliBERT-v2,current,single,512,123,dev,Korean Peninsula,2025,3,unchanged,1.0,0.0,0.0
ConfliBERT-v2,current,single,512,123,test,Korean Peninsula,2025,6,unchanged,0.99998,0.0,2e-05
ConfliBERT-v2,current,single,512,123,test,Korean Peninsula,2025,6,unchanged,0.99998,0.0,2e-05
ConfliBERT-v2,current,single,512,123,test,Korean Peninsula,2025,7,unchanged,1.0,0.0,0.0
ConfliBERT-v2,current,single,512,123,test,Korean Peninsula,2025,7,unchanged,1.0,0.0,0.0
ConfliBERT-v2,current,single,512,123,test,Korean Peninsula,2025,10,unchanged,0.99999,0.0,0.0
ConfliBERT-v2,current,single,512,123,test,Korean Peninsula,2025,12,unchanged,1.0,0.0,0.0
ConfliBERT-v2,current,single,512,123,dev,Taiwan Strait,2025,1,unchanged,1.0,0.0,0.0
ConfliBERT-v2,current,single,512,123,dev,Taiwan Strait,2025,2,unchanged,1.0,0.0,0.0
ConfliBERT-v2,current,single,512,123,dev,Taiwan Strait,2025,3,unchanged,1.0,0.0,0.0
ConfliBERT-v2,current,single,512,123,test,Taiwan Strait,2025,6,unchanged,1.0,0.0,0.0
ConfliBERT-v2,current,single,512,123,test,Taiwan Strait,2025,6,unchanged,1.0,0.0,0.0
ConfliBERT-v2,current,single,512,123,test,Taiwan Strait,2025,7,unchanged,1.0,0.0,0.0
ConfliBERT-v2,current,single,512,123,test,Taiwan Strait,2025,7,unchanged,1.0,0.0,0.0
ConfliBERT-v2,current,single,512,123,test,Taiwan Strait,2025,10,unchanged,1.0,0.0,0.0
ConfliBERT-v2,current,single,512,123,test,Taiwan Strait,2025,12,deteriorated,0.35036,0.64946,0.00018
ConfliBERT-v2,current,single,512,123,dev,Afghanistan,2025,1,unchanged,0.99999,0.0,1e-05
ConfliBERT-v2,current,single,512,123,dev,Afghanistan,2025,2,unchanged,1.0,0.0,0.0
ConfliBERT-v2,current,single,512,123,dev,Afghanistan,2025,3,unchanged,0.99977,0.0,0.00023
ConfliBERT-v2,current,single,512,123,test,Afghanistan,2025,7,unchanged,1.0,0.0,0.0
ConfliBERT-v2,current,single,512,123,test,Afghanistan,2025,7,unchanged,1.0,0.0,0.0
ConfliBERT-v2,current,single,512,123,test,Afghanistan,2025,12,unchanged,1.0,0.0,0.0
ConfliBERT-v2,current,single,512,123,dev,Bangladesh,2025,1,unchanged,1.0,0.0,0.0
ConfliBERT-v2,current,single,512,123,dev,Bangladesh,2025,2,unchanged,1.0,0.0,0.0
ConfliBERT-v2,current,single,512,123,dev,Bangladesh,2025,3,unchanged,1.0,0.0,0.0
ConfliBERT-v2,current,single,512,123,test,Bangladesh,2025,6,unchanged,1.0,0.0,0.0
ConfliBERT-v2,current,single,512,123,test,Bangladesh,2025,6,unchanged,1.0,0.0,0.0
ConfliBERT-v2,current,single,512,123,test,Bangladesh,2025,7,unchanged,1.0,0.0,0.0
ConfliBERT-v2,current,single,512,123,test,Bangladesh,2025,7,unchanged,1.0,0.0,0.0
ConfliBERT-v2,current,single,512,123,test,Bangladesh,2025,10,unchanged,0.99995,0.0,5e-05
ConfliBERT-v2,current,single,512,123,test,Bangladesh,2025,12,deteriorated,0.08693,0.91296,0.00011
ConfliBERT-v2,current,single,512,123,dev,India,2025,1,unchanged,1.0,0.0,0.0
ConfliBERT-v2,current,single,512,123,dev,India,2025,2,unchanged,0.99999,1e-05,0.0
ConfliBERT-v2,current,single,512,123,dev,India,2025,3,unchanged,1.0,0.0,0.0
ConfliBERT-v2,current,single,512,123,test,India,2025,6,unchanged,0.99999,0.0,1e-05
ConfliBERT-v2,current,single,512,123,test,India,2025,6,unchanged,0.99999,0.0,1e-05
ConfliBERT-v2,current,single,512,123,test,India,2025,7,unchanged,0.99999,0.0,1e-05
ConfliBERT-v2,current,single,512,123,test,India,2025,7,unchanged,0.99999,0.0,1e-05
ConfliBERT-v2,current,single,512,123,test,India,2025,10,improved,0.99936,6e-05,0.00058
ConfliBERT-v2,current,single,512,123,test,India,2025,12,unchanged,1.0,0.0,0.0
ConfliBERT-v2,current,single,512,123,dev,Pakistan,2025,1,unchanged,1.0,0.0,0.0
ConfliBERT-v2,current,single,512,123,dev,Pakistan,2025,2,unchanged,0.99999,1e-05,0.0
ConfliBERT-v2,current,single,512,123,dev,Pakistan,2025,3,unchanged,3e-05,0.99997,0.0
ConfliBERT-v2,current,single,512,123,test,Pakistan,2025,6,unchanged,1.0,0.0,0.0
ConfliBERT-v2,current,single,512,123,test,Pakistan,2025,6,unchanged,1.0,0.0,0.0
ConfliBERT-v2,current,single,512,123,test,Pakistan,2025,7,unchanged,1.0,0.0,0.0
ConfliBERT-v2,current,single,512,123,test,Pakistan,2025,7,unchanged,1.0,0.0,0.0
ConfliBERT-v2,current,single,512,123,test,Pakistan,2025,12,unchanged,1.0,0.0,0.0
ConfliBERT-v2,current,single,512,123,dev,Sri Lanka,2025,1,unchanged,0.99999,0.0,1e-05
ConfliBERT-v2,current,single,512,123,dev,Sri Lanka,2025,2,unchanged,0.99999,0.0,1e-05
ConfliBERT-v2,current,single,512,123,dev,Sri Lanka,2025,3,unchanged,0.99998,0.0,1e-05
ConfliBERT-v2,current,single,512,123,test,Sri Lanka,2025,6,unchanged,0.99999,0.0,1e-05
ConfliBERT-v2,current,single,512,123,test,Sri Lanka,2025,6,unchanged,0.99999,0.0,1e-05
ConfliBERT-v2,current,single,512,123,test,Sri Lanka,2025,7,unchanged,1.0,0.0,0.0
ConfliBERT-v2,current,single,512,123,test,Sri Lanka,2025,7,unchanged,1.0,0.0,0.0
ConfliBERT-v2,current,single,512,123,test,Sri Lanka,2025,10,unchanged,1.0,0.0,0.0
ConfliBERT-v2,current,single,512,123,test,Sri Lanka,2025,12,unchanged,0.87575,0.12421,4e-05
ConfliBERT-v2,current,single,512,123,dev,Myanmar,2025,1,unchanged,0.994,0.0,0.006
ConfliBERT-v2,current,single,512,123,dev,Myanmar,2025,2,unchanged,0.20434,0.79564,3e-05
ConfliBERT-v2,current,single,512,123,dev,Myanmar,2025,3,unchanged,1.0,0.0,0.0
ConfliBERT-v2,current,single,512,123,test,Myanmar,2025,6,unchanged,1.0,0.0,0.0
ConfliBERT-v2,current,single,512,123,test,Myanmar,2025,6,unchanged,1.0,0.0,0.0
ConfliBERT-v2,current,single,512,123,test,Myanmar,2025,7,unchanged,0.99997,2e-05,1e-05
ConfliBERT-v2,current,single,512,123,test,Myanmar,2025,7,unchanged,0.99997,2e-05,1e-05
ConfliBERT-v2,current,single,512,123,test,Myanmar,2025,10,unchanged,0.99996,1e-05,4e-05
ConfliBERT-v2,current,single,512,123,test,Myanmar,2025,12,unchanged,0.29098,0.70902,0.0
ConfliBERT-v2,current,single,512,123,dev,Philippines,2025,1,unchanged,1.0,0.0,0.0
ConfliBERT-v2,current,single,512,123,dev,Philippines,2025,2,unchanged,1.0,0.0,0.0
ConfliBERT-v2,current,single,512,123,dev,Philippines,2025,3,unchanged,1.0,0.0,0.0
ConfliBERT-v2,current,single,512,123,test,Philippines,2025,6,unchanged,1.0,0.0,0.0
ConfliBERT-v2,current,single,512,123,test,Philippines,2025,6,unchanged,1.0,0.0,0.0
ConfliBERT-v2,current,single,512,123,test,Philippines,2025,7,unchanged,1.0,0.0,0.0
ConfliBERT-v2,current,single,512,123,test,Philippines,2025,7,unchanged,1.0,0.0,0.0
ConfliBERT-v2,current,single,512,123,test,Philippines,2025,10,unchanged,0.99943,0.0005,7e-05
ConfliBERT-v2,current,single,512,123,test,Philippines,2025,12,unchanged,0.99977,0.0,0.00022
ConfliBERT-v2,current,single,512,123,dev,South China Sea,2025,1,unchanged,0.99998,0.0,1e-05
ConfliBERT-v2,current,single,512,123,dev,South China Sea,2025,2,unchanged,1.0,0.0,0.0
ConfliBERT-v2,current,single,512,123,dev,South China Sea,2025,3,unchanged,1.0,0.0,0.0
ConfliBERT-v2,current,single,512,123,test,South China Sea,2025,6,unchanged,0.99997,1e-05,2e-05
ConfliBERT-v2,current,single,512,123,test,South China Sea,2025,6,unchanged,0.99997,1e-05,2e-05
ConfliBERT-v2,current,single,512,123,test,South China Sea,2025,7,unchanged,1.0,0.0,0.0
ConfliBERT-v2,current,single,512,123,test,South China Sea,2025,7,unchanged,1.0,0.0,0.0
ConfliBERT-v2,current,single,512,123,test,South China Sea,2025,10,unchanged,0.99999,0.0,0.0
ConfliBERT-v2,current,single,512,123,test,South China Sea,2025,12,unchanged,0.99997,1e-05,2e-05
ConfliBERT-v2,current,single,512,123,dev,Thailand,2025,1,unchanged,1.0,0.0,0.0
ConfliBERT-v2,current,single,512,123,dev,Thailand,2025,2,unchanged,0.99996,1e-05,4e-05
ConfliBERT-v2,current,single,512,123,dev,Thailand,2025,3,unchanged,0.99659,0.00339,2e-05
ConfliBERT-v2,current,single,512,123,test,Thailand,2025,6,deteriorated,0.01287,0.98713,0.0
ConfliBERT-v2,current,single,512,123,test,Thailand,2025,6,deteriorated,0.01287,0.98713,0.0
ConfliBERT-v2,current,single,512,123,test,Thailand,2025,7,unchanged,0.92515,9e-05,0.07476
ConfliBERT-v2,current,single,512,123,test,Thailand,2025,7,unchanged,0.92515,9e-05,0.07476
ConfliBERT-v2,current,single,512,123,test,Thailand,2025,10,improved,0.99998,0.0,2e-05
ConfliBERT-v2,current,single,512,123,test,Thailand,2025,12,unchanged,0.23642,0.76319,0.00039
ConfliBERT-v2,current,single,512,123,test,Guatemala,2025,10,unchanged,0.99979,0.0,0.00021
ConfliBERT-v2,current,single,512,123,dev,Bolivia,2025,1,unchanged,1.0,0.0,0.0
ConfliBERT-v2,current,single,512,123,dev,Bolivia,2025,2,unchanged,0.99934,1e-05,0.00066
ConfliBERT-v2,current,single,512,123,test,Bolivia,2025,10,improved,0.72487,0.0,0.27513
ConfliBERT-v2,current,single,512,123,test,Bolivia,2025,12,unchanged,0.99999,0.0,1e-05
ConfliBERT-v2,current,single,512,123,dev,Peru,2025,3,unchanged,0.99831,0.00142,0.00027
ConfliBERT-v2,current,single,512,123,test,Peru,2025,10,deteriorated,0.0184,0.98159,1e-05
ConfliBERT-v2,current,single,512,123,test,Madagascar,2025,10,deteriorated,0.84694,0.15304,2e-05
ConfliBERT-v2,current,single,512,123,dev,Guinea-Bissau,2025,2,deteriorated,0.0,1.0,0.0
ConfliBERT-v2,current,single,512,123,dev,Guinea-Bissau,2025,2,deteriorated,0.0,1.0,0.0
ConfliBERT-v2,current,single,512,123,dev,Guinea-Bissau,2025,3,unchanged,1.0,0.0,0.0
ConfliBERT-v2,current,single,512,123,test,Guinea-Bissau,2025,12,unchanged,0.99999,0.0,1e-05
ConfliBERT-v2,current,single,512,123,dev,Guyana,2025,3,unchanged,0.99992,1e-05,7e-05
ConfliBERT-v2,current,single,512,123,dev,Jordan,2025,2,unchanged,0.99995,4e-05,0.0
ConfliBERT-v2,current,single,512,123,test,Kazakhstan,2026,3,unchanged,0.99737,0.0,0.00263
ConfliBERT-v2,current,single,512,123,dev,Togo,2025,2,unchanged,1.0,0.0,0.0
ConfliBERT-v2,current,single,512,123,dev,Togo,2025,2,unchanged,0.99999,0.0,1e-05
ConfliBERT-v2,current,single,512,123,dev,Togo,2025,3,unchanged,0.99999,0.0,1e-05
ConfliBERT-v2,current,single,512,123,test,Togo,2025,7,unchanged,1.0,0.0,0.0
ConfliBERT-v2,current,single,512,123,test,Togo,2025,10,unchanged,0.99999,0.0,1e-05
ConfliBERT-v2,current,single,512,123,test,Papua New Guinea,2025,10,unchanged,0.9926,0.0,0.0074
ConfliBERT-v2,current,single,512,123,test,Cambodia,2025,7,unchanged,0.05108,0.0,0.94891
ConfliBERT-v2,current,single,512,123,test,Cambodia,2025,7,unchanged,0.05108,0.0,0.94891
ConfliBERT-v2,current,single,512,123,test,Brazil,2025,10,unchanged,0.0,1.0,0.0
ConfliBERT-v2,current,single,512,123,test,Angola,2025,7,deteriorated,0.00265,0.99735,0.0
ConfliBERT-v2,current,single,512,123,dev,Indonesia,2025,1,unchanged,0.99995,1e-05,5e-05
ConfliBERT-v2,current,single,512,123,dev,Indonesia,2025,2,unchanged,1.0,0.0,0.0
ConfliBERT-v2,current,single,512,123,dev,Indonesia,2025,3,unchanged,0.99999,1e-05,1e-05
ConfliBERT-v2,current,single,512,123,test,Indonesia,2025,6,unchanged,1.0,0.0,0.0
ConfliBERT-v2,current,single,512,123,test,Indonesia,2025,6,unchanged,1.0,0.0,0.0
ConfliBERT-v2,current,single,512,123,test,Indonesia,2025,7,unchanged,0.99987,0.0,0.00013
ConfliBERT-v2,current,single,512,123,test,Indonesia,2025,7,unchanged,0.99987,0.0,0.00013
ConfliBERT-v2,current,single,512,123,test,Indonesia,2025,10,unchanged,0.99998,1e-05,0.0
ConfliBERT-v2,current,single,512,123,test,Indonesia,2025,12,unchanged,0.99999,0.0,1e-05
ConfliBERT-v2,current,single,512,123,test,Ghana,2025,7,unchanged,0.99942,6e-05,0.00052
ConfliBERT-v2,current,single,512,123,dev,South Africa,2025,1,unchanged,1.0,0.0,0.0
ConfliBERT-v2,current,single,512,123,dev,South Africa,2025,2,unchanged,0.99999,0.0,1e-05
ConfliBERT-v2,current,single,512,123,dev,South Africa,2025,2,unchanged,0.99999,0.0,1e-05
ConfliBERT-v2,current,single,512,123,dev,South Africa,2025,3,unchanged,1.0,0.0,0.0
ConfliBERT-v2,current,single,512,123,test,South Africa,2025,7,unchanged,0.99996,0.0,4e-05
ConfliBERT-v2,current,single,512,123,test,South Africa,2025,10,unchanged,0.99999,0.0,1e-05
ConfliBERT-v2,current,single,512,123,test,South Africa,2025,12,unchanged,1.0,0.0,0.0
ConfliBERT-v2,current,single,512,123,test,Qatar,2025,6,unchanged,2e-05,0.99997,0.0
ConfliBERT-v2,current,single,512,123,test,Qatar,2025,6,unchanged,2e-05,0.99997,0.0
ConfliBERT-v2,current,single,512,123,test,Morocco,2025,10,deteriorated,0.0,1.0,0.0
ConfliBERT-v2,current,single,512,123,dev,Comoros Islands,2025,1,unchanged,0.99998,0.0,2e-05
ConfliBERT-v2,current,single,512,123,dev,Russia/U.S.,2025,1,unchanged,0.99999,0.0,1e-05
ConfliBERT-v2,current,single,512,123,dev,Russia/U.S.,2025,2,unchanged,1.0,0.0,0.0
ConfliBERT-v2,current,single,512,123,dev,Amazon,2025,1,unchanged,0.9999,7e-05,3e-05
ConfliBERT-v2,current,single,512,123,dev,Amazon,2025,2,unchanged,1.0,0.0,0.0
ConfliBERT-v2,current,single,512,123,dev,Amazon,2025,3,unchanged,0.99999,0.0,1e-05
ConfliBERT-v2,current,single,512,123,test,Amazon,2025,7,deteriorated,0.62243,0.37752,5e-05
ConfliBERT-v2,current,single,512,123,test,Amazon,2025,10,unchanged,0.99884,0.0,0.00116
ConfliBERT-v2,current,single,512,123,test,Amazon,2025,12,unchanged,0.99998,0.0,2e-05
ConfliBERT-v2,current,single,512,123,test,China-U.S.,2025,6,unchanged,0.99765,0.0,0.00234
ConfliBERT-v2,current,single,512,123,test,China-U.S.,2025,6,unchanged,0.99765,0.0,0.00234
ConfliBERT-v2,current,single,512,123,test,China-U.S.,2025,10,improved,0.99587,0.0,0.00413
ConfliBERT-v2,current,single,512,123,test,China-U.S.,2025,12,unchanged,0.99993,0.0,7e-05
ConfliBERT-v2,current,single,512,123,dev,Cook Islands,2025,2,unchanged,0.99376,0.0061,0.00014
ConfliBERT-v2,current,single,512,123,dev,Tasman Sea,2025,2,unchanged,0.93403,0.06558,0.0004
ConfliBERT-v2,current,single,512,123,test,New Caledonia,2025,7,improved,0.0,0.0,1.0
ConfliBERT-v2,current,single,512,123,test,New Caledonia,2025,7,improved,0.0,0.0,1.0
ConfliBERT-v2,current,single,512,124,dev,Cameroon,2025,1,unchanged,0.99985,3e-05,0.00012
ConfliBERT-v2,current,single,512,124,dev,Cameroon,2025,2,unchanged,0.99973,6e-05,0.00021
ConfliBERT-v2,current,single,512,124,dev,Cameroon,2025,2,unchanged,0.99976,5e-05,0.00019
ConfliBERT-v2,current,single,512,124,dev,Cameroon,2025,3,unchanged,0.98014,0.00583,0.01404
ConfliBERT-v2,current,single,512,124,test,Cameroon,2025,7,unchanged,0.99239,0.00169,0.00592
ConfliBERT-v2,current,single,512,124,test,Cameroon,2025,12,unchanged,0.99963,0.0001,0.00027
ConfliBERT-v2,current,single,512,124,dev,Chad,2025,1,unchanged,0.00276,0.99664,0.00061
ConfliBERT-v2,current,single,512,124,dev,Chad,2025,2,unchanged,0.96621,0.01125,0.02255
ConfliBERT-v2,current,single,512,124,dev,Chad,2025,2,unchanged,0.9813,0.00503,0.01367
ConfliBERT-v2,current,single,512,124,dev,Chad,2025,3,unchanged,0.95564,0.01166,0.0327
ConfliBERT-v2,current,single,512,124,test,Chad,2025,7,unchanged,0.99913,0.00013,0.00073
ConfliBERT-v2,current,single,512,124,test,Chad,2025,10,deteriorated,0.92634,0.02301,0.05065
ConfliBERT-v2,current,single,512,124,test,Chad,2025,12,unchanged,0.49622,0.42944,0.07434
ConfliBERT-v2,current,single,512,124,dev,Gabon,2025,1,unchanged,0.99969,5e-05,0.00027
ConfliBERT-v2,current,single,512,124,dev,Gabon,2025,3,unchanged,0.99985,2e-05,0.00013
ConfliBERT-v2,current,single,512,124,dev,Kenya,2025,1,unchanged,0.99931,0.00013,0.00057
ConfliBERT-v2,current,single,512,124,dev,Kenya,2025,2,unchanged,0.99903,0.00014,0.00083
ConfliBERT-v2,current,single,512,124,dev,Kenya,2025,2,unchanged,0.99916,0.00011,0.00073
ConfliBERT-v2,current,single,512,124,dev,Kenya,2025,3,unchanged,0.99922,0.0001,0.00068
ConfliBERT-v2,current,single,512,124,test,Kenya,2025,7,deteriorated,0.00133,0.99835,0.00031
ConfliBERT-v2,current,single,512,124,test,Kenya,2025,10,unchanged,0.23484,0.71985,0.04531
ConfliBERT-v2,current,single,512,124,test,Kenya,2025,12,unchanged,0.9451,0.01369,0.0412
ConfliBERT-v2,current,single,512,124,dev,Mozambique,2025,1,improved,0.91665,0.0252,0.05814
ConfliBERT-v2,current,single,512,124,dev,Mozambique,2025,2,unchanged,0.91268,0.04026,0.04707
ConfliBERT-v2,current,single,512,124,dev,Mozambique,2025,2,unchanged,0.89623,0.0534,0.05036
ConfliBERT-v2,current,single,512,124,dev,Mozambique,2025,3,improved,0.97126,0.00753,0.02121
ConfliBERT-v2,current,single,512,124,test,Mozambique,2025,7,unchanged,0.99276,0.00156,0.00568
ConfliBERT-v2,current,single,512,124,test,Mozambique,2025,10,unchanged,0.99952,9e-05,0.00039
ConfliBERT-v2,current,single,512,124,test,Mozambique,2025,12,unchanged,0.99777,0.00055,0.00167
ConfliBERT-v2,current,single,512,124,dev,Tanzania,2025,1,unchanged,0.99991,3e-05,6e-05
ConfliBERT-v2,current,single,512,124,dev,Tanzania,2025,2,unchanged,0.99978,7e-05,0.00015
ConfliBERT-v2,current,single,512,124,dev,Tanzania,2025,2,unchanged,0.99975,9e-05,0.00017
ConfliBERT-v2,current,single,512,124,dev,Tanzania,2025,3,unchanged,0.9998,7e-05,0.00013
ConfliBERT-v2,current,single,512,124,test,Tanzania,2025,7,unchanged,0.99974,7e-05,0.00018
ConfliBERT-v2,current,single,512,124,test,Tanzania,2025,12,unchanged,0.79155,0.12821,0.08023
ConfliBERT-v2,current,single,512,124,dev,Zimbabwe,2025,1,unchanged,0.9998,4e-05,0.00016
ConfliBERT-v2,current,single,512,124,dev,Zimbabwe,2025,2,unchanged,0.99949,0.00015,0.00036
ConfliBERT-v2,current,single,512,124,dev,Zimbabwe,2025,2,unchanged,0.99953,0.00014,0.00033
ConfliBERT-v2,current,single,512,124,dev,Zimbabwe,2025,3,deteriorated,0.74445,0.16274,0.09282
ConfliBERT-v2,current,single,512,124,test,Zimbabwe,2025,7,unchanged,0.99972,9e-05,0.00019
ConfliBERT-v2,current,single,512,124,test,Zimbabwe,2025,10,unchanged,0.99947,9e-05,0.00044
ConfliBERT-v2,current,single,512,124,test,Zimbabwe,2025,12,unchanged,0.99974,9e-05,0.00018
ConfliBERT-v2,current,single,512,124,test,Burundi,2025,7,unchanged,0.9986,0.00025,0.00115
ConfliBERT-v2,current,single,512,124,test,Burundi,2025,10,unchanged,0.9997,9e-05,0.00021
ConfliBERT-v2,current,single,512,124,test,DR Congo,2025,10,unchanged,0.99866,0.00026,0.00108
ConfliBERT-v2,current,single,512,124,test,DR Congo,2025,12,deteriorated,0.00194,0.99764,0.00042
ConfliBERT-v2,current,single,512,124,dev,Rwanda,2025,2,unchanged,0.99764,0.00048,0.00188
ConfliBERT-v2,current,single,512,124,dev,Rwanda,2025,2,unchanged,0.99853,0.00029,0.00119
ConfliBERT-v2,current,single,512,124,dev,Rwanda,2025,3,unchanged,0.995,0.00124,0.00376
ConfliBERT-v2,current,single,512,124,test,Rwanda,2025,7,unchanged,0.99975,8e-05,0.00018
ConfliBERT-v2,current,single,512,124,test,Rwanda,2025,10,unchanged,0.99951,0.0001,0.00039
ConfliBERT-v2,current,single,512,124,test,Rwanda,2025,12,unchanged,0.0007,0.99912,0.00018
ConfliBERT-v2,current,single,512,124,dev,Uganda,2025,1,unchanged,0.92858,0.02573,0.04569
ConfliBERT-v2,current,single,512,124,dev,Uganda,2025,2,unchanged,0.99926,0.00017,0.00057
ConfliBERT-v2,current,single,512,124,dev,Uganda,2025,2,unchanged,0.99914,0.0002,0.00066
ConfliBERT-v2,current,single,512,124,dev,Uganda,2025,3,unchanged,0.30777,0.65154,0.04069
ConfliBERT-v2,current,single,512,124,test,Uganda,2025,7,unchanged,0.04912,0.94136,0.00952
ConfliBERT-v2,current,single,512,124,test,Uganda,2025,10,unchanged,0.99776,0.00039,0.00185
ConfliBERT-v2,current,single,512,124,dev,Eritrea,2025,1,unchanged,0.99978,8e-05,0.00014
ConfliBERT-v2,current,single,512,124,dev,Eritrea,2025,2,unchanged,0.99977,7e-05,0.00017
ConfliBERT-v2,current,single,512,124,dev,Eritrea,2025,2,unchanged,0.99977,7e-05,0.00017
ConfliBERT-v2,current,single,512,124,test,Eritrea,2025,7,unchanged,0.9988,0.00018,0.00102
ConfliBERT-v2,current,single,512,124,test,Eritrea,2025,10,unchanged,0.99824,0.0003,0.00145
ConfliBERT-v2,current,single,512,124,test,Eritrea,2025,12,unchanged,0.99985,5e-05,0.00011
ConfliBERT-v2,current,single,512,124,dev,Ethiopia,2025,1,unchanged,0.99964,7e-05,0.00029
ConfliBERT-v2,current,single,512,124,dev,Ethiopia,2025,2,unchanged,0.99978,5e-05,0.00016
ConfliBERT-v2,current,single,512,124,dev,Ethiopia,2025,2,unchanged,0.99981,5e-05,0.00014
ConfliBERT-v2,current,single,512,124,test,Ethiopia,2025,7,unchanged,0.12407,0.8558,0.02013
ConfliBERT-v2,current,single,512,124,test,Ethiopia,2025,10,unchanged,0.99746,0.00051,0.00203
ConfliBERT-v2,current,single,512,124,test,Ethiopia,2025,12,deteriorated,0.00086,0.99891,0.00023
ConfliBERT-v2,current,single,512,124,test,Nile Waters,2025,7,unchanged,0.9999,3e-05,8e-05
ConfliBERT-v2,current,single,512,124,test,Nile Waters,2025,10,unchanged,0.97028,0.0082,0.02152
ConfliBERT-v2,current,single,512,124,test,Nile Waters,2025,12,unchanged,0.99917,0.00012,0.00072
ConfliBERT-v2,current,single,512,124,dev,Somalia,2025,1,unchanged,0.97692,0.00614,0.01694
ConfliBERT-v2,current,single,512,124,dev,Somalia,2025,2,unchanged,0.99938,0.00015,0.00048
ConfliBERT-v2,current,single,512,124,dev,Somalia,2025,2,unchanged,0.99926,0.00018,0.00057
ConfliBERT-v2,current,single,512,124,dev,Somalia,2025,3,unchanged,0.99952,0.00011,0.00037
ConfliBERT-v2,current,single,512,124,test,Somalia,2025,7,deteriorated,0.96052,0.01328,0.0262
ConfliBERT-v2,current,single,512,124,test,Somalia,2025,10,unchanged,0.98838,0.0022,0.00943
ConfliBERT-v2,current,single,512,124,test,Somalia,2025,12,unchanged,0.86422,0.05997,0.07581
ConfliBERT-v2,current,single,512,124,dev,Somaliland,2025,1,unchanged,0.99984,3e-05,0.00013
ConfliBERT-v2,current,single,512,124,dev,Somaliland,2025,2,unchanged,0.99926,0.00011,0.00063
ConfliBERT-v2,current,single,512,124,dev,Somaliland,2025,2,unchanged,0.99905,0.00013,0.00082
ConfliBERT-v2,current,single,512,124,dev,Somaliland,2025,3,unchanged,0.94579,0.01517,0.03904
ConfliBERT-v2,current,single,512,124,test,Somaliland,2025,7,unchanged,0.99987,4e-05,9e-05
ConfliBERT-v2,current,single,512,124,test,Somaliland,2025,10,unchanged,0.99576,0.00064,0.00359
ConfliBERT-v2,current,single,512,124,test,Somaliland,2025,12,unchanged,0.15206,0.82213,0.02582
ConfliBERT-v2,current,single,512,124,dev,South Sudan,2025,1,unchanged,0.59313,0.32692,0.07996
ConfliBERT-v2,current,single,512,124,dev,South Sudan,2025,2,unchanged,0.98517,0.00422,0.01061
ConfliBERT-v2,current,single,512,124,dev,South Sudan,2025,2,unchanged,0.9934,0.00164,0.00495
ConfliBERT-v2,current,single,512,124,test,South Sudan,2025,7,unchanged,0.99756,0.00062,0.00182
ConfliBERT-v2,current,single,512,124,test,South Sudan,2025,10,unchanged,0.96679,0.00863,0.02458
ConfliBERT-v2,current,single,512,124,test,South Sudan,2025,12,unchanged,0.9995,0.00011,0.00039
ConfliBERT-v2,current,single,512,124,dev,Sudan,2025,2,deteriorated,0.01114,0.98728,0.00158
ConfliBERT-v2,current,single,512,124,dev,Sudan,2025,2,deteriorated,0.00609,0.99283,0.00108
ConfliBERT-v2,current,single,512,124,dev,Sudan,2025,3,unchanged,0.00113,0.99858,0.00029
ConfliBERT-v2,current,single,512,124,test,Sudan,2025,7,unchanged,0.00021,0.99972,7e-05
ConfliBERT-v2,current,single,512,124,test,Sudan,2025,12,unchanged,0.0832,0.90233,0.01447
ConfliBERT-v2,current,single,512,124,dev,Burkina Faso,2025,1,unchanged,0.99976,7e-05,0.00017
ConfliBERT-v2,current,single,512,124,dev,Burkina Faso,2025,2,unchanged,0.96711,0.01266,0.02023
ConfliBERT-v2,current,single,512,124,dev,Burkina Faso,2025,2,unchanged,0.97906,0.00713,0.0138
ConfliBERT-v2,current,single,512,124,dev,Burkina Faso,2025,3,deteriorated,0.00019,0.99975,6e-05
ConfliBERT-v2,current,single,512,124,test,Burkina Faso,2025,7,unchanged,0.00241,0.99712,0.00046
ConfliBERT-v2,current,single,512,124,test,Burkina Faso,2025,10,unchanged,0.99972,5e-05,0.00023
ConfliBERT-v2,current,single,512,124,test,Burkina Faso,2025,12,unchanged,0.99377,0.00122,0.00502
ConfliBERT-v2,current,single,512,124,dev,Guinea,2025,1,unchanged,0.9589,0.01134,0.02976
ConfliBERT-v2,current,single,512,124,dev,Guinea,2025,2,unchanged,0.99954,0.0001,0.00037
ConfliBERT-v2,current,single,512,124,dev,Guinea,2025,2,unchanged,0.99959,9e-05,0.00033
ConfliBERT-v2,current,single,512,124,dev,Guinea,2025,3,unchanged,0.99984,3e-05,0.00013
ConfliBERT-v2,current,single,512,124,test,Guinea,2025,7,unchanged,0.99981,5e-05,0.00014
ConfliBERT-v2,current,single,512,124,test,Guinea,2025,10,unchanged,0.99968,8e-05,0.00024
ConfliBERT-v2,current,single,512,124,test,Guinea,2025,12,unchanged,0.26198,0.68889,0.04913
ConfliBERT-v2,current,single,512,124,dev,Nigeria,2025,1,unchanged,0.99947,0.00012,0.00041
ConfliBERT-v2,current,single,512,124,dev,Nigeria,2025,2,unchanged,0.99974,7e-05,0.00019
ConfliBERT-v2,current,single,512,124,dev,Nigeria,2025,2,unchanged,0.99968,0.0001,0.00023
ConfliBERT-v2,current,single,512,124,dev,Nigeria,2025,3,unchanged,0.99848,0.00037,0.00114
ConfliBERT-v2,current,single,512,124,test,Nigeria,2025,7,unchanged,0.96412,0.01408,0.02181
ConfliBERT-v2,current,single,512,124,test,Nigeria,2025,10,unchanged,0.99966,0.0001,0.00024
ConfliBERT-v2,current,single,512,124,test,Nigeria,2025,12,unchanged,0.99127,0.00225,0.00647
ConfliBERT-v2,current,single,512,124,dev,Senegal,2025,2,unchanged,0.96278,0.00937,0.02785
ConfliBERT-v2,current,single,512,124,dev,Senegal,2025,2,unchanged,0.96099,0.00987,0.02913
ConfliBERT-v2,current,single,512,124,dev,Kosovo,2025,1,unchanged,0.99868,0.00022,0.0011
ConfliBERT-v2,current,single,512,124,dev,Kosovo,2025,2,unchanged,0.99412,0.00106,0.00482
ConfliBERT-v2,current,single,512,124,dev,Kosovo,2025,3,unchanged,0.9999,1e-05,9e-05
ConfliBERT-v2,current,single,512,124,test,Kosovo,2025,7,unchanged,0.99731,0.00051,0.00218
ConfliBERT-v2,current,single,512,124,test,Kosovo,2025,10,unchanged,0.99696,0.00064,0.0024
ConfliBERT-v2,current,single,512,124,test,Kosovo,2025,12,unchanged,0.0006,0.99923,0.00017
ConfliBERT-v2,current,single,512,124,test,Kosovo,2026,3,unchanged,0.96939,0.00576,0.02484
ConfliBERT-v2,current,single,512,124,dev,Armenia,2025,1,unchanged,0.9989,0.00018,0.00092
ConfliBERT-v2,current,single,512,124,dev,Armenia,2025,2,unchanged,0.9998,4e-05,0.00017
ConfliBERT-v2,current,single,512,124,dev,Armenia,2025,3,unchanged,0.97323,0.00552,0.02125
ConfliBERT-v2,current,single,512,124,test,Armenia,2025,7,unchanged,0.99977,6e-05,0.00017
ConfliBERT-v2,current,single,512,124,test,Armenia,2025,10,unchanged,0.99978,5e-05,0.00018
ConfliBERT-v2,current,single,512,124,test,Armenia,2025,12,unchanged,0.99978,5e-05,0.00018
ConfliBERT-v2,current,single,512,124,test,Armenia,2026,3,unchanged,0.99975,4e-05,0.00021
ConfliBERT-v2,current,single,512,124,dev,Azerbaijan,2025,1,unchanged,0.9995,9e-05,0.00041
ConfliBERT-v2,current,single,512,124,dev,Azerbaijan,2025,2,unchanged,0.99981,4e-05,0.00015
ConfliBERT-v2,current,single,512,124,dev,Azerbaijan,2025,3,unchanged,0.97641,0.00478,0.01882
ConfliBERT-v2,current,single,512,124,test,Azerbaijan,2025,7,unchanged,0.99966,6e-05,0.00028
ConfliBERT-v2,current,single,512,124,test,Azerbaijan,2025,10,unchanged,0.9998,4e-05,0.00016
ConfliBERT-v2,current,single,512,124,test,Azerbaijan,2025,12,unchanged,0.99967,8e-05,0.00025
ConfliBERT-v2,current,single,512,124,test,Azerbaijan,2026,3,unchanged,0.9476,0.0158,0.0366
ConfliBERT-v2,current,single,512,124,dev,Georgia,2025,1,unchanged,0.99791,0.00039,0.0017
ConfliBERT-v2,current,single,512,124,dev,Georgia,2025,2,unchanged,0.99693,0.0005,0.00257
ConfliBERT-v2,current,single,512,124,dev,Georgia,2025,3,unchanged,0.99974,5e-05,0.00021
ConfliBERT-v2,current,single,512,124,test,Georgia,2025,7,unchanged,0.98513,0.00331,0.01156
ConfliBERT-v2,current,single,512,124,test,Georgia,2025,10,unchanged,0.94187,0.01986,0.03827
ConfliBERT-v2,current,single,512,124,test,Georgia,2025,12,unchanged,0.99983,2e-05,0.00015
ConfliBERT-v2,current,single,512,124,test,Georgia,2026,3,unchanged,0.99957,6e-05,0.00037
ConfliBERT-v2,current,single,512,124,dev,Belarus,2025,1,unchanged,0.99842,0.00023,0.00135
ConfliBERT-v2,current,single,512,124,dev,Belarus,2025,2,unchanged,0.99987,3e-05,9e-05
ConfliBERT-v2,current,single,512,124,dev,Belarus,2025,3,unchanged,0.99987,2e-05,0.00011
ConfliBERT-v2,current,single,512,124,test,Belarus,2025,7,unchanged,0.99977,3e-05,0.0002
ConfliBERT-v2,current,single,512,124,test,Belarus,2025,10,unchanged,0.99984,4e-05,0.00012
ConfliBERT-v2,current,single,512,124,test,Belarus,2025,12,unchanged,0.99982,3e-05,0.00015
ConfliBERT-v2,current,single,512,124,test,Belarus,2026,3,unchanged,0.99916,0.00013,0.00072
ConfliBERT-v2,current,single,512,124,dev,Ukraine,2025,1,unchanged,0.99982,4e-05,0.00014
ConfliBERT-v2,current,single,512,124,dev,Ukraine,2025,2,unchanged,0.99932,9e-05,0.00059
ConfliBERT-v2,current,single,512,124,dev,Ukraine,2025,3,unchanged,0.99112,0.00183,0.00705
ConfliBERT-v2,current,single,512,124,test,Ukraine,2025,12,unchanged,0.96593,0.00823,0.02584
ConfliBERT-v2,current,single,512,124,test,Ukraine,2026,3,unchanged,0.9928,0.00175,0.00546
ConfliBERT-v2,current,single,512,124,dev,Cyprus,2025,1,unchanged,0.99905,0.00014,0.00082
ConfliBERT-v2,current,single,512,124,dev,Cyprus,2025,2,unchanged,0.99981,5e-05,0.00014
ConfliBERT-v2,current,single,512,124,dev,Cyprus,2025,3,unchanged,0.99979,4e-05,0.00017
ConfliBERT-v2,current,single,512,124,test,Cyprus,2025,7,unchanged,0.99987,3e-05,0.0001
ConfliBERT-v2,current,single,512,124,test,Cyprus,2025,10,unchanged,0.99965,7e-05,0.00028
ConfliBERT-v2,current,single,512,124,test,Cyprus,2025,12,unchanged,0.99981,5e-05,0.00014
ConfliBERT-v2,current,single,512,124,test,Cyprus,2026,3,unchanged,0.98708,0.00324,0.00968
ConfliBERT-v2,current,single,512,124,dev,Türkiye,2025,1,unchanged,0.99967,0.0001,0.00024
ConfliBERT-v2,current,single,512,124,dev,Türkiye,2025,3,deteriorated,0.50837,0.41981,0.07182
ConfliBERT-v2,current,single,512,124,test,Türkiye,2025,7,improved,0.99925,0.00011,0.00064
ConfliBERT-v2,current,single,512,124,test,Türkiye,2025,10,unchanged,0.99979,7e-05,0.00014
ConfliBERT-v2,current,single,512,124,test,Türkiye,2025,12,unchanged,0.9997,8e-05,0.00022
ConfliBERT-v2,current,single,512,124,test,Türkiye,2026,3,unchanged,0.99853,0.00028,0.00119
ConfliBERT-v2,current,single,512,124,dev,Kyrgyzstan,2025,1,unchanged,0.9997,7e-05,0.00022
ConfliBERT-v2,current,single,512,124,dev,Kyrgyzstan,2025,2,unchanged,0.99976,6e-05,0.00017
ConfliBERT-v2,current,single,512,124,dev,Kyrgyzstan,2025,3,improved,0.99978,4e-05,0.00018
ConfliBERT-v2,current,single,512,124,test,Kyrgyzstan,2025,7,unchanged,0.99976,7e-05,0.00018
ConfliBERT-v2,current,single,512,124,test,Kyrgyzstan,2025,10,unchanged,0.99981,3e-05,0.00016
ConfliBERT-v2,current,single,512,124,test,Kyrgyzstan,2025,12,unchanged,0.99985,4e-05,0.00011
ConfliBERT-v2,current,single,512,124,test,Kyrgyzstan,2026,3,unchanged,0.99693,0.00058,0.00249
ConfliBERT-v2,current,single,512,124,dev,Tajikistan,2025,1,unchanged,0.99949,5e-05,0.00046
ConfliBERT-v2,current,single,512,124,dev,Tajikistan,2025,2,unchanged,0.99703,0.00043,0.00254
ConfliBERT-v2,current,single,512,124,dev,Tajikistan,2025,3,improved,0.99949,9e-05,0.00043
ConfliBERT-v2,current,single,512,124,test,Tajikistan,2025,7,unchanged,0.99777,0.00037,0.00185
ConfliBERT-v2,current,single,512,124,test,Tajikistan,2025,10,unchanged,0.99991,2e-05,7e-05
ConfliBERT-v2,current,single,512,124,test,Tajikistan,2025,12,unchanged,0.96373,0.01167,0.0246
ConfliBERT-v2,current,single,512,124,test,Tajikistan,2026,3,unchanged,0.9994,0.0001,0.0005
ConfliBERT-v2,current,single,512,124,dev,Uzbekistan,2025,1,unchanged,0.99979,4e-05,0.00016
ConfliBERT-v2,current,single,512,124,dev,Uzbekistan,2025,2,unchanged,0.99979,6e-05,0.00015
ConfliBERT-v2,current,single,512,124,dev,Uzbekistan,2025,3,unchanged,0.99973,7e-05,0.0002
ConfliBERT-v2,current,single,512,124,test,Uzbekistan,2025,7,unchanged,0.99984,5e-05,0.00012
ConfliBERT-v2,current,single,512,124,test,Uzbekistan,2025,10,unchanged,0.99983,3e-05,0.00014
ConfliBERT-v2,current,single,512,124,test,Uzbekistan,2025,12,unchanged,0.99985,4e-05,0.00011
ConfliBERT-v2,current,single,512,124,test,Uzbekistan,2026,3,unchanged,0.99933,0.00011,0.00056
ConfliBERT-v2,current,single,512,124,dev,Lebanon,2025,1,unchanged,0.93201,0.02389,0.0441
ConfliBERT-v2,current,single,512,124,dev,Lebanon,2025,2,unchanged,0.99439,0.00089,0.00471
ConfliBERT-v2,current,single,512,124,dev,Lebanon,2025,3,unchanged,0.74415,0.19476,0.06108
ConfliBERT-v2,current,single,512,124,test,Lebanon,2025,6,unchanged,0.99972,6e-05,0.00022
ConfliBERT-v2,current,single,512,124,test,Lebanon,2025,6,unchanged,0.99972,6e-05,0.00022
ConfliBERT-v2,current,single,512,124,test,Lebanon,2025,7,unchanged,0.93554,0.02019,0.04427
ConfliBERT-v2,current,single,512,124,test,Lebanon,2025,10,unchanged,0.97896,0.00522,0.01582
ConfliBERT-v2,current,single,512,124,test,Lebanon,2025,12,unchanged,0.99932,0.00014,0.00054
ConfliBERT-v2,current,single,512,124,dev,Syria,2025,1,unchanged,0.99718,0.00063,0.00218
ConfliBERT-v2,current,single,512,124,dev,Syria,2025,2,unchanged,0.99964,0.0001,0.00025
ConfliBERT-v2,current,single,512,124,dev,Syria,2025,3,deteriorated,0.00073,0.99906,0.0002
ConfliBERT-v2,current,single,512,124,test,Syria,2025,6,deteriorated,0.00122,0.99844,0.00034
ConfliBERT-v2,current,single,512,124,test,Syria,2025,6,deteriorated,0.00122,0.99844,0.00034
ConfliBERT-v2,current,single,512,124,test,Syria,2025,7,deteriorated,0.00019,0.99975,6e-05
ConfliBERT-v2,current,single,512,124,test,Syria,2025,10,improved,0.67275,0.24105,0.0862
ConfliBERT-v2,current,single,512,124,test,Syria,2025,12,deteriorated,0.00013,0.99983,3e-05
ConfliBERT-v2,current,single,512,124,dev,Iran,2025,1,unchanged,0.99959,8e-05,0.00032
ConfliBERT-v2,current,single,512,124,dev,Iran,2025,2,unchanged,0.93342,0.01863,0.04795
ConfliBERT-v2,current,single,512,124,dev,Iran,2025,3,unchanged,0.3715,0.57539,0.0531
ConfliBERT-v2,current,single,512,124,test,Iran,2025,7,unchanged,0.98978,0.00227,0.00795
ConfliBERT-v2,current,single,512,124,test,Iran,2025,10,unchanged,0.99685,0.00053,0.00262
ConfliBERT-v2,current,single,512,124,test,Iran,2025,12,deteriorated,0.99565,0.00108,0.00327
ConfliBERT-v2,current,single,512,124,dev,Iraq,2025,1,unchanged,0.97556,0.00622,0.01822
ConfliBERT-v2,current,single,512,124,dev,Iraq,2025,2,unchanged,0.99969,7e-05,0.00023
ConfliBERT-v2,current,single,512,124,dev,Iraq,2025,3,unchanged,0.98497,0.00334,0.01169
ConfliBERT-v2,current,single,512,124,test,Iraq,2025,6,unchanged,0.97593,0.00647,0.0176
ConfliBERT-v2,current,single,512,124,test,Iraq,2025,6,unchanged,0.97593,0.00647,0.0176
ConfliBERT-v2,current,single,512,124,test,Iraq,2025,7,unchanged,0.99769,0.00042,0.0019
ConfliBERT-v2,current,single,512,124,test,Iraq,2025,10,unchanged,0.97989,0.00457,0.01553
ConfliBERT-v2,current,single,512,124,test,Iraq,2025,12,unchanged,0.99967,0.00011,0.00022
ConfliBERT-v2,current,single,512,124,dev,Saudi Arabia,2025,1,unchanged,0.99837,0.00023,0.0014
ConfliBERT-v2,current,single,512,124,dev,Saudi Arabia,2025,2,unchanged,0.99969,6e-05,0.00025
ConfliBERT-v2,current,single,512,124,dev,Saudi Arabia,2025,3,unchanged,0.99978,5e-05,0.00017
ConfliBERT-v2,current,single,512,124,test,Saudi Arabia,2025,6,unchanged,0.97454,0.0057,0.01976
ConfliBERT-v2,current,single,512,124,test,Saudi Arabia,2025,6,unchanged,0.97454,0.0057,0.01976
ConfliBERT-v2,current,single,512,124,test,Saudi Arabia,2025,7,unchanged,0.9998,3e-05,0.00017
ConfliBERT-v2,current,single,512,124,test,Saudi Arabia,2025,10,unchanged,0.98941,0.00216,0.00843
ConfliBERT-v2,current,single,512,124,test,Saudi Arabia,2025,12,unchanged,0.00056,0.99929,0.00015
ConfliBERT-v2,current,single,512,124,test,Yemen,2025,6,unchanged,0.96661,0.00948,0.02392
ConfliBERT-v2,current,single,512,124,test,Yemen,2025,6,unchanged,0.96661,0.00948,0.02392
ConfliBERT-v2,current,single,512,124,test,Yemen,2025,7,deteriorated,0.06246,0.92691,0.01062
ConfliBERT-v2,current,single,512,124,dev,Algeria,2025,1,unchanged,0.99981,6e-05,0.00013
ConfliBERT-v2,current,single,512,124,dev,Algeria,2025,2,unchanged,0.94246,0.02653,0.03101
ConfliBERT-v2,current,single,512,124,dev,Algeria,2025,3,unchanged,0.99979,4e-05,0.00018
ConfliBERT-v2,current,single,512,124,test,Algeria,2025,6,unchanged,0.99992,2e-05,6e-05
ConfliBERT-v2,current,single,512,124,test,Algeria,2025,6,unchanged,0.99992,2e-05,6e-05
ConfliBERT-v2,current,single,512,124,test,Algeria,2025,7,unchanged,0.99985,2e-05,0.00013
ConfliBERT-v2,current,single,512,124,test,Algeria,2025,10,unchanged,0.99964,9e-05,0.00027
ConfliBERT-v2,current,single,512,124,test,Algeria,2025,12,unchanged,0.99976,6e-05,0.00018
ConfliBERT-v2,current,single,512,124,dev,Egypt,2025,1,unchanged,0.99987,4e-05,9e-05
ConfliBERT-v2,current,single,512,124,dev,Egypt,2025,2,unchanged,0.99986,4e-05,0.0001
ConfliBERT-v2,current,single,512,124,dev,Egypt,2025,3,unchanged,0.99954,0.00011,0.00035
ConfliBERT-v2,current,single,512,124,test,Egypt,2025,6,unchanged,0.99984,4e-05,0.00012
ConfliBERT-v2,current,single,512,124,test,Egypt,2025,6,unchanged,0.99984,4e-05,0.00012
ConfliBERT-v2,current,single,512,124,test,Egypt,2025,7,unchanged,0.99679,0.00064,0.00257
ConfliBERT-v2,current,single,512,124,test,Egypt,2025,10,unchanged,0.99645,0.00049,0.00306
ConfliBERT-v2,current,single,512,124,test,Egypt,2025,12,unchanged,0.99965,0.00011,0.00024
ConfliBERT-v2,current,single,512,124,dev,Libya,2025,1,unchanged,0.99983,3e-05,0.00013
ConfliBERT-v2,current,single,512,124,dev,Libya,2025,2,unchanged,0.99984,3e-05,0.00013
ConfliBERT-v2,current,single,512,124,dev,Libya,2025,3,unchanged,0.99854,0.00033,0.00112
ConfliBERT-v2,current,single,512,124,test,Libya,2025,6,unchanged,0.98793,0.00261,0.00946
ConfliBERT-v2,current,single,512,124,test,Libya,2025,6,unchanged,0.98793,0.00261,0.00946
ConfliBERT-v2,current,single,512,124,test,Libya,2025,7,unchanged,0.99959,0.00011,0.00029
ConfliBERT-v2,current,single,512,124,test,Libya,2025,10,unchanged,0.99656,0.0006,0.00284
ConfliBERT-v2,current,single,512,124,test,Libya,2025,12,unchanged,0.98514,0.00396,0.0109
ConfliBERT-v2,current,single,512,124,dev,Tunisia,2025,1,unchanged,0.99941,9e-05,0.0005
ConfliBERT-v2,current,single,512,124,dev,Tunisia,2025,2,unchanged,0.97909,0.00426,0.01665
ConfliBERT-v2,current,single,512,124,dev,Tunisia,2025,3,unchanged,0.99951,8e-05,0.00041
ConfliBERT-v2,current,single,512,124,test,Tunisia,2025,6,unchanged,0.99975,6e-05,0.00019
ConfliBERT-v2,current,single,512,124,test,Tunisia,2025,6,unchanged,0.99975,6e-05,0.00019
ConfliBERT-v2,current,single,512,124,test,Tunisia,2025,7,unchanged,0.96619,0.0117,0.02211
ConfliBERT-v2,current,single,512,124,test,Tunisia,2025,10,unchanged,0.93381,0.03323,0.03297
ConfliBERT-v2,current,single,512,124,test,Tunisia,2025,12,unchanged,0.99968,8e-05,0.00023
ConfliBERT-v2,current,single,512,124,dev,Western Sahara,2025,1,unchanged,0.98306,0.00481,0.01214
ConfliBERT-v2,current,single,512,124,dev,Western Sahara,2025,2,unchanged,0.99962,4e-05,0.00034
ConfliBERT-v2,current,single,512,124,dev,Western Sahara,2025,3,unchanged,0.9998,5e-05,0.00014
ConfliBERT-v2,current,single,512,124,test,Western Sahara,2025,6,unchanged,0.99986,4e-05,0.0001
ConfliBERT-v2,current,single,512,124,test,Western Sahara,2025,6,unchanged,0.99986,4e-05,0.0001
ConfliBERT-v2,current,single,512,124,test,Western Sahara,2025,7,unchanged,0.99987,2e-05,0.00011
ConfliBERT-v2,current,single,512,124,test,Western Sahara,2025,10,unchanged,0.99956,5e-05,0.00039
ConfliBERT-v2,current,single,512,124,test,Western Sahara,2025,12,unchanged,0.9999,2e-05,8e-05
ConfliBERT-v2,current,single,512,124,dev,Central African Republic,2025,1,unchanged,0.9999,3e-05,8e-05
ConfliBERT-v2,current,single,512,124,dev,Central African Republic,2025,2,unchanged,0.99921,0.00016,0.00064
ConfliBERT-v2,current,single,512,124,dev,Central African Republic,2025,2,unchanged,0.9998,4e-05,0.00016
ConfliBERT-v2,current,single,512,124,dev,Central African Republic,2025,3,unchanged,0.99985,5e-05,0.0001
ConfliBERT-v2,current,single,512,124,test,Central African Republic,2025,7,unchanged,0.99978,4e-05,0.00018
ConfliBERT-v2,current,single,512,124,test,Central African Republic,2025,10,unchanged,0.99975,7e-05,0.00018
ConfliBERT-v2,current,single,512,124,dev,Mali,2025,1,unchanged,0.99956,9e-05,0.00035
ConfliBERT-v2,current,single,512,124,dev,Mali,2025,2,unchanged,0.99958,8e-05,0.00034
ConfliBERT-v2,current,single,512,124,dev,Mali,2025,2,unchanged,0.99961,7e-05,0.00031
ConfliBERT-v2,current,single,512,124,dev,Mali,2025,3,unchanged,0.99969,0.0001,0.00022
ConfliBERT-v2,current,single,512,124,test,Mali,2025,7,deteriorated,0.00538,0.9937,0.00092
ConfliBERT-v2,current,single,512,124,test,Mali,2025,12,unchanged,0.95664,0.01633,0.02703
ConfliBERT-v2,current,single,512,124,dev,Niger,2025,1,unchanged,0.99976,7e-05,0.00017
ConfliBERT-v2,current,single,512,124,dev,Niger,2025,2,unchanged,0.99934,0.00014,0.00052
ConfliBERT-v2,current,single,512,124,dev,Niger,2025,2,unchanged,0.99875,0.00025,0.001
ConfliBERT-v2,current,single,512,124,dev,Niger,2025,3,deteriorated,0.99958,6e-05,0.00037
ConfliBERT-v2,current,single,512,124,test,Niger,2025,7,unchanged,0.99976,6e-05,0.00018
ConfliBERT-v2,current,single,512,124,test,Niger,2025,10,unchanged,0.98635,0.00295,0.0107
ConfliBERT-v2,current,single,512,124,test,Niger,2025,12,unchanged,0.99965,0.00012,0.00023
ConfliBERT-v2,current,single,512,124,dev,Benin,2025,1,deteriorated,0.00113,0.99858,0.00028
ConfliBERT-v2,current,single,512,124,dev,Benin,2025,2,unchanged,0.99924,0.00022,0.00054
ConfliBERT-v2,current,single,512,124,dev,Benin,2025,2,unchanged,0.9988,0.00039,0.00081
ConfliBERT-v2,current,single,512,124,dev,Benin,2025,3,unchanged,0.99986,5e-05,9e-05
ConfliBERT-v2,current,single,512,124,test,Benin,2025,7,unchanged,0.99957,0.00011,0.00032
ConfliBERT-v2,current,single,512,124,test,Benin,2025,10,unchanged,0.9808,0.00487,0.01432
ConfliBERT-v2,current,single,512,124,test,Benin,2025,12,deteriorated,0.00088,0.99889,0.00023
ConfliBERT-v2,current,single,512,124,dev,Moldova,2025,1,deteriorated,0.93017,0.0246,0.04524
ConfliBERT-v2,current,single,512,124,dev,Moldova,2025,2,unchanged,0.9999,1e-05,9e-05
ConfliBERT-v2,current,single,512,124,test,Moldova,2026,3,unchanged,0.99721,0.00071,0.00208
ConfliBERT-v2,current,single,512,124,test,Israel/Palestine,2025,12,unchanged,0.99968,6e-05,0.00026
ConfliBERT-v2,current,single,512,124,dev,Colombia,2025,2,unchanged,0.96776,0.00857,0.02367
ConfliBERT-v2,current,single,512,124,dev,Colombia,2025,3,unchanged,0.99959,8e-05,0.00033
ConfliBERT-v2,current,single,512,124,test,Colombia,2025,7,unchanged,0.95044,0.01314,0.03642
ConfliBERT-v2,current,single,512,124,test,Colombia,2025,10,deteriorated,0.99314,0.00116,0.0057
ConfliBERT-v2,current,single,512,124,test,Colombia,2025,12,unchanged,0.0028,0.99649,0.00071
ConfliBERT-v2,current,single,512,124,dev,Ecuador,2025,1,deteriorated,0.04771,0.94529,0.007
ConfliBERT-v2,current,single,512,124,dev,Ecuador,2025,2,unchanged,0.9977,0.00044,0.00187
ConfliBERT-v2,current,single,512,124,dev,Ecuador,2025,3,unchanged,0.99934,0.00011,0.00055
ConfliBERT-v2,current,single,512,124,test,Ecuador,2025,7,unchanged,0.9998,4e-05,0.00016
ConfliBERT-v2,current,single,512,124,test,Ecuador,2025,10,unchanged,0.31257,0.65914,0.02829
ConfliBERT-v2,current,single,512,124,test,Ecuador,2025,12,unchanged,0.97972,0.00487,0.01541
ConfliBERT-v2,current,single,512,124,dev,Venezuela,2025,1,unchanged,0.81463,0.09033,0.09504
ConfliBERT-v2,current,single,512,124,dev,Venezuela,2025,2,unchanged,0.94062,0.013,0.04638
ConfliBERT-v2,current,single,512,124,dev,Venezuela,2025,3,unchanged,0.97663,0.00521,0.01817
ConfliBERT-v2,current,single,512,124,test,Venezuela,2025,7,unchanged,0.99876,0.00022,0.00102
ConfliBERT-v2,current,single,512,124,dev,El Salvador,2025,1,unchanged,0.97067,0.00568,0.02364
ConfliBERT-v2,current,single,512,124,dev,El Salvador,2025,2,unchanged,0.9998,4e-05,0.00017
ConfliBERT-v2,current,single,512,124,dev,El Salvador,2025,3,unchanged,0.99947,0.00012,0.00041
ConfliBERT-v2,current,single,512,124,test,El Salvador,2025,7,deteriorated,0.99966,7e-05,0.00027
ConfliBERT-v2,current,single,512,124,test,El Salvador,2025,10,unchanged,0.99992,2e-05,6e-05
ConfliBERT-v2,current,single,512,124,test,El Salvador,2025,12,unchanged,0.99982,5e-05,0.00013
ConfliBERT-v2,current,single,512,124,test,Honduras,2025,12,deteriorated,0.02958,0.96422,0.0062
ConfliBERT-v2,current,single,512,124,dev,Mexico,2025,1,unchanged,0.99896,0.00022,0.00082
ConfliBERT-v2,current,single,512,124,dev,Mexico,2025,2,unchanged,0.99921,0.00019,0.0006
ConfliBERT-v2,current,single,512,124,dev,Mexico,2025,3,unchanged,0.9929,0.00189,0.00521
ConfliBERT-v2,current,single,512,124,test,Mexico,2025,7,unchanged,0.99917,0.00018,0.00065
ConfliBERT-v2,current,single,512,124,test,Mexico,2025,10,unchanged,0.96829,0.00885,0.02286
ConfliBERT-v2,current,single,512,124,test,Mexico,2025,12,unchanged,0.94431,0.01468,0.04101
ConfliBERT-v2,current,single,512,124,dev,Nicaragua,2025,1,unchanged,0.99684,0.00057,0.00259
ConfliBERT-v2,current,single,512,124,dev,Nicaragua,2025,2,deteriorated,0.99714,0.00068,0.00218
ConfliBERT-v2,current,single,512,124,dev,Nicaragua,2025,3,unchanged,0.99974,8e-05,0.00018
ConfliBERT-v2,current,single,512,124,test,Nicaragua,2025,7,unchanged,0.99877,0.00027,0.00097
ConfliBERT-v2,current,single,512,124,test,Nicaragua,2025,10,unchanged,0.99981,6e-05,0.00013
ConfliBERT-v2,current,single,512,124,test,Nicaragua,2025,12,unchanged,0.99985,5e-05,0.0001
ConfliBERT-v2,current,single,512,124,dev,Haiti,2025,1,unchanged,0.99968,6e-05,0.00025
ConfliBERT-v2,current,single,512,124,dev,Haiti,2025,2,unchanged,0.99927,0.00013,0.00061
ConfliBERT-v2,current,single,512,124,dev,Haiti,2025,3,deteriorated,0.00055,0.99929,0.00016
ConfliBERT-v2,current,single,512,124,test,Haiti,2025,7,unchanged,0.99823,0.0003,0.00147
ConfliBERT-v2,current,single,512,124,test,Haiti,2025,10,unchanged,0.99814,0.00028,0.00158
ConfliBERT-v2,current,single,512,124,test,Haiti,2025,12,unchanged,0.97089,0.00808,0.02103
ConfliBERT-v2,current,single,512,124,dev,China/Japan,2025,1,unchanged,0.9999,2e-05,7e-05
ConfliBERT-v2,current,single,512,124,dev,China/Japan,2025,2,unchanged,0.99993,1e-05,6e-05
ConfliBERT-v2,current,single,512,124,dev,China/Japan,2025,3,unchanged,0.99988,3e-05,9e-05
ConfliBERT-v2,current,single,512,124,test,China/Japan,2025,6,unchanged,0.99916,0.00013,0.00071
ConfliBERT-v2,current,single,512,124,test,China/Japan,2025,6,unchanged,0.99916,0.00013,0.00071
ConfliBERT-v2,current,single,512,124,test,China/Japan,2025,7,unchanged,0.99991,2e-05,7e-05
ConfliBERT-v2,current,single,512,124,test,China/Japan,2025,7,unchanged,0.99991,2e-05,7e-05
ConfliBERT-v2,current,single,512,124,test,China/Japan,2025,10,unchanged,0.99987,3e-05,0.0001
ConfliBERT-v2,current,single,512,124,test,China/Japan,2025,12,unchanged,0.99959,5e-05,0.00037
ConfliBERT-v2,current,single,512,124,dev,Korean Peninsula,2025,1,unchanged,0.99651,0.00048,0.00301
ConfliBERT-v2,current,single,512,124,dev,Korean Peninsula,2025,2,unchanged,0.99248,0.00138,0.00614
ConfliBERT-v2,current,single,512,124,dev,Korean Peninsula,2025,3,unchanged,0.99558,0.00085,0.00356
ConfliBERT-v2,current,single,512,124,test,Korean Peninsula,2025,6,unchanged,0.99922,9e-05,0.00069
ConfliBERT-v2,current,single,512,124,test,Korean Peninsula,2025,6,unchanged,0.99922,9e-05,0.00069
ConfliBERT-v2,current,single,512,124,test,Korean Peninsula,2025,7,unchanged,0.99945,8e-05,0.00047
ConfliBERT-v2,current,single,512,124,test,Korean Peninsula,2025,7,unchanged,0.99945,8e-05,0.00047
ConfliBERT-v2,current,single,512,124,test,Korean Peninsula,2025,10,unchanged,0.99381,0.00106,0.00513
ConfliBERT-v2,current,single,512,124,test,Korean Peninsula,2025,12,unchanged,0.99972,3e-05,0.00024
ConfliBERT-v2,current,single,512,124,dev,Taiwan Strait,2025,1,unchanged,0.99545,0.00079,0.00376
ConfliBERT-v2,current,single,512,124,dev,Taiwan Strait,2025,2,unchanged,0.98219,0.00401,0.01379
ConfliBERT-v2,current,single,512,124,dev,Taiwan Strait,2025,3,unchanged,0.9997,5e-05,0.00026
ConfliBERT-v2,current,single,512,124,test,Taiwan Strait,2025,6,unchanged,0.9998,4e-05,0.00017
ConfliBERT-v2,current,single,512,124,test,Taiwan Strait,2025,6,unchanged,0.9998,4e-05,0.00017
ConfliBERT-v2,current,single,512,124,test,Taiwan Strait,2025,7,unchanged,0.99991,2e-05,7e-05
ConfliBERT-v2,current,single,512,124,test,Taiwan Strait,2025,7,unchanged,0.99991,2e-05,7e-05
ConfliBERT-v2,current,single,512,124,test,Taiwan Strait,2025,10,unchanged,0.99974,7e-05,0.00019
ConfliBERT-v2,current,single,512,124,test,Taiwan Strait,2025,12,deteriorated,0.99588,0.00078,0.00335
ConfliBERT-v2,current,single,512,124,dev,Afghanistan,2025,1,unchanged,0.99962,8e-05,0.0003
ConfliBERT-v2,current,single,512,124,dev,Afghanistan,2025,2,unchanged,0.99934,9e-05,0.00057
ConfliBERT-v2,current,single,512,124,dev,Afghanistan,2025,3,unchanged,0.9997,5e-05,0.00025
ConfliBERT-v2,current,single,512,124,test,Afghanistan,2025,7,unchanged,0.99963,8e-05,0.00028
ConfliBERT-v2,current,single,512,124,test,Afghanistan,2025,7,unchanged,0.99963,8e-05,0.00028
ConfliBERT-v2,current,single,512,124,test,Afghanistan,2025,12,unchanged,0.99137,0.00215,0.00647
ConfliBERT-v2,current,single,512,124,dev,Bangladesh,2025,1,unchanged,0.9995,9e-05,0.00042
ConfliBERT-v2,current,single,512,124,dev,Bangladesh,2025,2,unchanged,0.9888,0.0023,0.0089
ConfliBERT-v2,current,single,512,124,dev,Bangladesh,2025,3,unchanged,0.98147,0.00414,0.01439
ConfliBERT-v2,current,single,512,124,test,Bangladesh,2025,6,unchanged,0.99978,7e-05,0.00015
ConfliBERT-v2,current,single,512,124,test,Bangladesh,2025,6,unchanged,0.99978,7e-05,0.00015
ConfliBERT-v2,current,single,512,124,test,Bangladesh,2025,7,unchanged,0.99963,7e-05,0.00029
ConfliBERT-v2,current,single,512,124,test,Bangladesh,2025,7,unchanged,0.99963,7e-05,0.00029
ConfliBERT-v2,current,single,512,124,test,Bangladesh,2025,10,unchanged,0.99944,7e-05,0.00048
ConfliBERT-v2,current,single,512,124,test,Bangladesh,2025,12,deteriorated,0.52501,0.43355,0.04144
ConfliBERT-v2,current,single,512,124,dev,India,2025,1,unchanged,0.99888,0.00022,0.0009
ConfliBERT-v2,current,single,512,124,dev,India,2025,2,unchanged,0.99972,6e-05,0.00023
ConfliBERT-v2,current,single,512,124,dev,India,2025,3,unchanged,0.99932,0.00016,0.00052
ConfliBERT-v2,current,single,512,124,test,India,2025,6,unchanged,0.98369,0.00463,0.01168
ConfliBERT-v2,current,single,512,124,test,India,2025,6,unchanged,0.98369,0.00463,0.01168
ConfliBERT-v2,current,single,512,124,test,India,2025,7,unchanged,0.99938,0.00022,0.0004
ConfliBERT-v2,current,single,512,124,test,India,2025,7,unchanged,0.99938,0.00022,0.0004
ConfliBERT-v2,current,single,512,124,test,India,2025,10,improved,0.99044,0.0022,0.00736
ConfliBERT-v2,current,single,512,124,test,India,2025,12,unchanged,0.99977,7e-05,0.00016
ConfliBERT-v2,current,single,512,124,dev,Pakistan,2025,1,unchanged,0.99899,0.00018,0.00083
ConfliBERT-v2,current,single,512,124,dev,Pakistan,2025,2,unchanged,0.89965,0.04031,0.06004
ConfliBERT-v2,current,single,512,124,dev,Pakistan,2025,3,unchanged,0.0158,0.98103,0.00317
ConfliBERT-v2,current,single,512,124,test,Pakistan,2025,6,unchanged,0.99965,7e-05,0.00028
ConfliBERT-v2,current,single,512,124,test,Pakistan,2025,6,unchanged,0.99965,7e-05,0.00028
ConfliBERT-v2,current,single,512,124,test,Pakistan,2025,7,unchanged,0.99947,0.00013,0.0004
ConfliBERT-v2,current,single,512,124,test,Pakistan,2025,7,unchanged,0.99947,0.00013,0.0004
ConfliBERT-v2,current,single,512,124,test,Pakistan,2025,12,unchanged,0.992,0.00189,0.00611
ConfliBERT-v2,current,single,512,124,dev,Sri Lanka,2025,1,unchanged,0.99977,4e-05,0.00019
ConfliBERT-v2,current,single,512,124,dev,Sri Lanka,2025,2,unchanged,0.99903,0.00015,0.00082
ConfliBERT-v2,current,single,512,124,dev,Sri Lanka,2025,3,unchanged,0.99746,0.00049,0.00205
ConfliBERT-v2,current,single,512,124,test,Sri Lanka,2025,6,unchanged,0.99978,6e-05,0.00016
ConfliBERT-v2,current,single,512,124,test,Sri Lanka,2025,6,unchanged,0.99978,6e-05,0.00016
ConfliBERT-v2,current,single,512,124,test,Sri Lanka,2025,7,unchanged,0.99978,8e-05,0.00015
ConfliBERT-v2,current,single,512,124,test,Sri Lanka,2025,7,unchanged,0.99978,8e-05,0.00015
ConfliBERT-v2,current,single,512,124,test,Sri Lanka,2025,10,unchanged,0.99972,8e-05,0.00021
ConfliBERT-v2,current,single,512,124,test,Sri Lanka,2025,12,unchanged,0.7011,0.22728,0.07162
ConfliBERT-v2,current,single,512,124,dev,Myanmar,2025,1,unchanged,0.99853,0.00028,0.00119
ConfliBERT-v2,current,single,512,124,dev,Myanmar,2025,2,unchanged,0.57359,0.37179,0.05462
ConfliBERT-v2,current,single,512,124,dev,Myanmar,2025,3,unchanged,0.99946,0.00011,0.00043
ConfliBERT-v2,current,single,512,124,test,Myanmar,2025,6,unchanged,0.99923,0.00016,0.00061
ConfliBERT-v2,current,single,512,124,test,Myanmar,2025,6,unchanged,0.99923,0.00016,0.00061
ConfliBERT-v2,current,single,512,124,test,Myanmar,2025,7,unchanged,0.99776,0.00049,0.00175
ConfliBERT-v2,current,single,512,124,test,Myanmar,2025,7,unchanged,0.99776,0.00049,0.00175
ConfliBERT-v2,current,single,512,124,test,Myanmar,2025,10,unchanged,0.98867,0.0032,0.00813
ConfliBERT-v2,current,single,512,124,test,Myanmar,2025,12,unchanged,0.00067,0.99915,0.00018
ConfliBERT-v2,current,single,512,124,dev,Philippines,2025,1,unchanged,0.99743,0.0005,0.00207
ConfliBERT-v2,current,single,512,124,dev,Philippines,2025,2,unchanged,0.99922,0.00011,0.00067
ConfliBERT-v2,current,single,512,124,dev,Philippines,2025,3,unchanged,0.99989,3e-05,8e-05
ConfliBERT-v2,current,single,512,124,test,Philippines,2025,6,unchanged,0.99976,8e-05,0.00016
ConfliBERT-v2,current,single,512,124,test,Philippines,2025,6,unchanged,0.99976,8e-05,0.00016
ConfliBERT-v2,current,single,512,124,test,Philippines,2025,7,unchanged,0.99964,0.0001,0.00026
ConfliBERT-v2,current,single,512,124,test,Philippines,2025,7,unchanged,0.99964,0.0001,0.00026
ConfliBERT-v2,current,single,512,124,test,Philippines,2025,10,unchanged,0.99943,7e-05,0.0005
ConfliBERT-v2,current,single,512,124,test,Philippines,2025,12,unchanged,0.99921,0.00016,0.00063
ConfliBERT-v2,current,single,512,124,dev,South China Sea,2025,1,unchanged,0.99425,0.00111,0.00464
ConfliBERT-v2,current,single,512,124,dev,South China Sea,2025,2,unchanged,0.99183,0.00159,0.00658
ConfliBERT-v2,current,single,512,124,dev,South China Sea,2025,3,unchanged,0.99976,4e-05,0.0002
ConfliBERT-v2,current,single,512,124,test,South China Sea,2025,6,unchanged,0.99992,1e-05,6e-05
ConfliBERT-v2,current,single,512,124,test,South China Sea,2025,6,unchanged,0.99992,1e-05,6e-05
ConfliBERT-v2,current,single,512,124,test,South China Sea,2025,7,unchanged,0.99932,0.00011,0.00057
ConfliBERT-v2,current,single,512,124,test,South China Sea,2025,7,unchanged,0.99932,0.00011,0.00057
ConfliBERT-v2,current,single,512,124,test,South China Sea,2025,10,unchanged,0.99962,5e-05,0.00033
ConfliBERT-v2,current,single,512,124,test,South China Sea,2025,12,unchanged,0.99989,1e-05,0.0001
ConfliBERT-v2,current,single,512,124,dev,Thailand,2025,1,unchanged,0.99992,2e-05,6e-05
ConfliBERT-v2,current,single,512,124,dev,Thailand,2025,2,unchanged,0.9887,0.0023,0.009
ConfliBERT-v2,current,single,512,124,dev,Thailand,2025,3,unchanged,0.99968,6e-05,0.00027
ConfliBERT-v2,current,single,512,124,test,Thailand,2025,6,deteriorated,0.84158,0.08631,0.07211
ConfliBERT-v2,current,single,512,124,test,Thailand,2025,6,deteriorated,0.84158,0.08631,0.07211
ConfliBERT-v2,current,single,512,124,test,Thailand,2025,7,unchanged,0.96618,0.01065,0.02317
ConfliBERT-v2,current,single,512,124,test,Thailand,2025,7,unchanged,0.96618,0.01065,0.02317
ConfliBERT-v2,current,single,512,124,test,Thailand,2025,10,improved,0.99971,7e-05,0.00022
ConfliBERT-v2,current,single,512,124,test,Thailand,2025,12,unchanged,0.68988,0.22995,0.08017
ConfliBERT-v2,current,single,512,124,test,Guatemala,2025,10,unchanged,0.99977,3e-05,0.0002
ConfliBERT-v2,current,single,512,124,dev,Bolivia,2025,1,unchanged,0.99951,7e-05,0.00042
ConfliBERT-v2,current,single,512,124,dev,Bolivia,2025,2,unchanged,0.99951,5e-05,0.00044
ConfliBERT-v2,current,single,512,124,test,Bolivia,2025,10,improved,0.99686,0.00042,0.00271
ConfliBERT-v2,current,single,512,124,test,Bolivia,2025,12,unchanged,0.88215,0.04712,0.07073
ConfliBERT-v2,current,single,512,124,dev,Peru,2025,3,unchanged,0.98399,0.00372,0.01229
ConfliBERT-v2,current,single,512,124,test,Peru,2025,10,deteriorated,0.96462,0.01123,0.02415
ConfliBERT-v2,current,single,512,124,test,Madagascar,2025,10,deteriorated,0.00029,0.99963,9e-05
ConfliBERT-v2,current,single,512,124,dev,Guinea-Bissau,2025,2,deteriorated,0.00031,0.99959,0.0001
ConfliBERT-v2,current,single,512,124,dev,Guinea-Bissau,2025,2,deteriorated,0.00054,0.99929,0.00016
ConfliBERT-v2,current,single,512,124,dev,Guinea-Bissau,2025,3,unchanged,0.99802,0.00032,0.00166
ConfliBERT-v2,current,single,512,124,test,Guinea-Bissau,2025,12,unchanged,0.07714,0.90725,0.01561
ConfliBERT-v2,current,single,512,124,dev,Guyana,2025,3,unchanged,0.99972,6e-05,0.00023
ConfliBERT-v2,current,single,512,124,dev,Jordan,2025,2,unchanged,0.90063,0.0318,0.06758
ConfliBERT-v2,current,single,512,124,test,Kazakhstan,2026,3,unchanged,0.9991,0.00015,0.00075
ConfliBERT-v2,current,single,512,124,dev,Togo,2025,2,unchanged,0.9998,6e-05,0.00014
ConfliBERT-v2,current,single,512,124,dev,Togo,2025,2,unchanged,0.99979,7e-05,0.00014
ConfliBERT-v2,current,single,512,124,dev,Togo,2025,3,unchanged,0.99984,3e-05,0.00013
ConfliBERT-v2,current,single,512,124,test,Togo,2025,7,unchanged,0.94475,0.01961,0.03564
ConfliBERT-v2,current,single,512,124,test,Togo,2025,10,unchanged,0.99948,0.0001,0.00042
ConfliBERT-v2,current,single,512,124,test,Papua New Guinea,2025,10,unchanged,0.99985,4e-05,0.00011
ConfliBERT-v2,current,single,512,124,test,Cambodia,2025,7,unchanged,0.94244,0.01881,0.03875
ConfliBERT-v2,current,single,512,124,test,Cambodia,2025,7,unchanged,0.94244,0.01881,0.03875
ConfliBERT-v2,current,single,512,124,test,Brazil,2025,10,unchanged,0.00037,0.99952,0.00012
ConfliBERT-v2,current,single,512,124,test,Angola,2025,7,deteriorated,0.00234,0.9971,0.00056
ConfliBERT-v2,current,single,512,124,dev,Indonesia,2025,1,unchanged,0.99983,4e-05,0.00012
ConfliBERT-v2,current,single,512,124,dev,Indonesia,2025,2,unchanged,0.99836,0.0003,0.00133
ConfliBERT-v2,current,single,512,124,dev,Indonesia,2025,3,unchanged,0.93511,0.02397,0.04093
ConfliBERT-v2,current,single,512,124,test,Indonesia,2025,6,unchanged,0.99991,2e-05,7e-05
ConfliBERT-v2,current,single,512,124,test,Indonesia,2025,6,unchanged,0.99991,2e-05,7e-05
ConfliBERT-v2,current,single,512,124,test,Indonesia,2025,7,unchanged,0.99978,4e-05,0.00017
ConfliBERT-v2,current,single,512,124,test,Indonesia,2025,7,unchanged,0.99978,4e-05,0.00017
ConfliBERT-v2,current,single,512,124,test,Indonesia,2025,10,unchanged,0.93398,0.0245,0.04152
ConfliBERT-v2,current,single,512,124,test,Indonesia,2025,12,unchanged,0.99971,8e-05,0.00021
ConfliBERT-v2,current,single,512,124,test,Ghana,2025,7,unchanged,0.9993,0.00019,0.00051
ConfliBERT-v2,current,single,512,124,dev,South Africa,2025,1,unchanged,0.99979,5e-05,0.00017
ConfliBERT-v2,current,single,512,124,dev,South Africa,2025,2,unchanged,0.99685,0.00056,0.00259
ConfliBERT-v2,current,single,512,124,dev,South Africa,2025,2,unchanged,0.9952,0.00084,0.00396
ConfliBERT-v2,current,single,512,124,dev,South Africa,2025,3,unchanged,0.99974,7e-05,0.00019
ConfliBERT-v2,current,single,512,124,test,South Africa,2025,7,unchanged,0.99961,6e-05,0.00034
ConfliBERT-v2,current,single,512,124,test,South Africa,2025,10,unchanged,0.99985,3e-05,0.00012
ConfliBERT-v2,current,single,512,124,test,South Africa,2025,12,unchanged,0.99987,2e-05,0.0001
ConfliBERT-v2,current,single,512,124,test,Qatar,2025,6,unchanged,0.00038,0.99951,0.00011
ConfliBERT-v2,current,single,512,124,test,Qatar,2025,6,unchanged,0.00038,0.99951,0.00011
ConfliBERT-v2,current,single,512,124,test,Morocco,2025,10,deteriorated,0.00245,0.99696,0.00059
ConfliBERT-v2,current,single,512,124,dev,Comoros Islands,2025,1,unchanged,0.99448,0.00152,0.004
ConfliBERT-v2,current,single,512,124,dev,Russia/U.S.,2025,1,unchanged,0.99925,0.00013,0.00062
ConfliBERT-v2,current,single,512,124,dev,Russia/U.S.,2025,2,unchanged,0.98078,0.00343,0.01579
ConfliBERT-v2,current,single,512,124,dev,Amazon,2025,1,unchanged,0.97549,0.00622,0.01829
ConfliBERT-v2,current,single,512,124,dev,Amazon,2025,2,unchanged,0.99621,0.00076,0.00303
ConfliBERT-v2,current,single,512,124,dev,Amazon,2025,3,unchanged,0.99975,3e-05,0.00022
ConfliBERT-v2,current,single,512,124,test,Amazon,2025,7,deteriorated,0.00045,0.99942,0.00013
ConfliBERT-v2,current,single,512,124,test,Amazon,2025,10,unchanged,0.99617,0.00073,0.0031
ConfliBERT-v2,current,single,512,124,test,Amazon,2025,12,unchanged,0.99978,4e-05,0.00018
ConfliBERT-v2,current,single,512,124,test,China-U.S.,2025,6,unchanged,0.99951,6e-05,0.00043
ConfliBERT-v2,current,single,512,124,test,China-U.S.,2025,6,unchanged,0.99951,6e-05,0.00043
ConfliBERT-v2,current,single,512,124,test,China-U.S.,2025,10,improved,0.99786,0.00028,0.00186
ConfliBERT-v2,current,single,512,124,test,China-U.S.,2025,12,unchanged,0.99981,3e-05,0.00016
ConfliBERT-v2,current,single,512,124,dev,Cook Islands,2025,2,unchanged,0.97665,0.00525,0.0181
ConfliBERT-v2,current,single,512,124,dev,Tasman Sea,2025,2,unchanged,0.99975,2e-05,0.00023
ConfliBERT-v2,current,single,512,124,test,New Caledonia,2025,7,improved,0.96535,0.00882,0.02583
ConfliBERT-v2,current,single,512,124,test,New Caledonia,2025,7,improved,0.96535,0.00882,0.02583
ConfliBERT-v2,current,single,512,125,dev,Cameroon,2025,1,unchanged,1.0,0.0,0.0
ConfliBERT-v2,current,single,512,125,dev,Cameroon,2025,2,unchanged,1.0,0.0,0.0
ConfliBERT-v2,current,single,512,125,dev,Cameroon,2025,2,unchanged,1.0,0.0,0.0
ConfliBERT-v2,current,single,512,125,dev,Cameroon,2025,3,unchanged,1.0,0.0,0.0
ConfliBERT-v2,current,single,512,125,test,Cameroon,2025,7,unchanged,0.99869,0.0,0.00131
ConfliBERT-v2,current,single,512,125,test,Cameroon,2025,12,unchanged,1.0,0.0,0.0
ConfliBERT-v2,current,single,512,125,dev,Chad,2025,1,unchanged,0.01279,0.98707,0.00014
ConfliBERT-v2,current,single,512,125,dev,Chad,2025,2,unchanged,0.99999,1e-05,0.0
ConfliBERT-v2,current,single,512,125,dev,Chad,2025,2,unchanged,0.99999,1e-05,1e-05
ConfliBERT-v2,current,single,512,125,dev,Chad,2025,3,unchanged,1.0,0.0,0.0
ConfliBERT-v2,current,single,512,125,test,Chad,2025,7,unchanged,1.0,0.0,0.0
ConfliBERT-v2,current,single,512,125,test,Chad,2025,10,deteriorated,1.0,0.0,0.0
ConfliBERT-v2,current,single,512,125,test,Chad,2025,12,unchanged,0.98573,0.01417,9e-05
ConfliBERT-v2,current,single,512,125,dev,Gabon,2025,1,unchanged,0.99998,0.0,2e-05
ConfliBERT-v2,current,single,512,125,dev,Gabon,2025,3,unchanged,0.99999,0.0,1e-05
ConfliBERT-v2,current,single,512,125,dev,Kenya,2025,1,unchanged,0.99998,2e-05,0.0
ConfliBERT-v2,current,single,512,125,dev,Kenya,2025,2,unchanged,1.0,0.0,0.0
ConfliBERT-v2,current,single,512,125,dev,Kenya,2025,2,unchanged,1.0,0.0,0.0
ConfliBERT-v2,current,single,512,125,dev,Kenya,2025,3,unchanged,1.0,0.0,0.0
ConfliBERT-v2,current,single,512,125,test,Kenya,2025,7,deteriorated,8e-05,0.99985,6e-05
ConfliBERT-v2,current,single,512,125,test,Kenya,2025,10,unchanged,0.00023,0.99975,2e-05
ConfliBERT-v2,current,single,512,125,test,Kenya,2025,12,unchanged,0.99993,0.0,7e-05
ConfliBERT-v2,current,single,512,125,dev,Mozambique,2025,1,improved,0.47263,0.00011,0.52726
ConfliBERT-v2,current,single,512,125,dev,Mozambique,2025,2,unchanged,0.99997,3e-05,0.0
ConfliBERT-v2,current,single,512,125,dev,Mozambique,2025,2,unchanged,0.99996,4e-05,0.0
ConfliBERT-v2,current,single,512,125,dev,Mozambique,2025,3,improved,0.0,0.0,1.0
ConfliBERT-v2,current,single,512,125,test,Mozambique,2025,7,unchanged,1.0,0.0,0.0
ConfliBERT-v2,current,single,512,125,test,Mozambique,2025,10,unchanged,1.0,0.0,0.0
ConfliBERT-v2,current,single,512,125,test,Mozambique,2025,12,unchanged,1.0,0.0,0.0
ConfliBERT-v2,current,single,512,125,dev,Tanzania,2025,1,unchanged,1.0,0.0,0.0
ConfliBERT-v2,current,single,512,125,dev,Tanzania,2025,2,unchanged,1.0,0.0,0.0
ConfliBERT-v2,current,single,512,125,dev,Tanzania,2025,2,unchanged,1.0,0.0,0.0
ConfliBERT-v2,current,single,512,125,dev,Tanzania,2025,3,unchanged,1.0,0.0,0.0
ConfliBERT-v2,current,single,512,125,test,Tanzania,2025,7,unchanged,1.0,0.0,0.0
ConfliBERT-v2,current,single,512,125,test,Tanzania,2025,12,unchanged,0.99197,0.00797,7e-05
ConfliBERT-v2,current,single,512,125,dev,Zimbabwe,2025,1,unchanged,1.0,0.0,0.0
ConfliBERT-v2,current,single,512,125,dev,Zimbabwe,2025,2,unchanged,1.0,0.0,0.0
ConfliBERT-v2,current,single,512,125,dev,Zimbabwe,2025,2,unchanged,1.0,0.0,0.0
ConfliBERT-v2,current,single,512,125,dev,Zimbabwe,2025,3,deteriorated,0.00545,0.99452,3e-05
ConfliBERT-v2,current,single,512,125,test,Zimbabwe,2025,7,unchanged,1.0,0.0,0.0
ConfliBERT-v2,current,single,512,125,test,Zimbabwe,2025,10,unchanged,0.99999,0.0,1e-05
ConfliBERT-v2,current,single,512,125,test,Zimbabwe,2025,12,unchanged,1.0,0.0,0.0
ConfliBERT-v2,current,single,512,125,test,Burundi,2025,7,unchanged,1.0,0.0,0.0
ConfliBERT-v2,current,single,512,125,test,Burundi,2025,10,unchanged,1.0,0.0,0.0
ConfliBERT-v2,current,single,512,125,test,DR Congo,2025,10,unchanged,0.99986,5e-05,9e-05
ConfliBERT-v2,current,single,512,125,test,DR Congo,2025,12,deteriorated,0.19156,0.8065,0.00194
ConfliBERT-v2,current,single,512,125,dev,Rwanda,2025,2,unchanged,1.0,0.0,0.0
ConfliBERT-v2,current,single,512,125,dev,Rwanda,2025,2,unchanged,0.99999,0.0,0.0
ConfliBERT-v2,current,single,512,125,dev,Rwanda,2025,3,unchanged,0.99999,0.0,1e-05
ConfliBERT-v2,current,single,512,125,test,Rwanda,2025,7,unchanged,0.99999,0.0,1e-05
ConfliBERT-v2,current,single,512,125,test,Rwanda,2025,10,unchanged,0.99997,0.0,3e-05
ConfliBERT-v2,current,single,512,125,test,Rwanda,2025,12,unchanged,0.99915,0.00044,0.00041
ConfliBERT-v2,current,single,512,125,dev,Uganda,2025,1,unchanged,1.0,0.0,0.0
ConfliBERT-v2,current,single,512,125,dev,Uganda,2025,2,unchanged,0.99864,0.00135,0.0
ConfliBERT-v2,current,single,512,125,dev,Uganda,2025,2,unchanged,0.99576,0.00423,1e-05
ConfliBERT-v2,current,single,512,125,dev,Uganda,2025,3,unchanged,0.99864,0.00136,0.0
ConfliBERT-v2,current,single,512,125,test,Uganda,2025,7,unchanged,0.07422,0.92566,0.00011
ConfliBERT-v2,current,single,512,125,test,Uganda,2025,10,unchanged,0.99088,0.00909,3e-05
ConfliBERT-v2,current,single,512,125,dev,Eritrea,2025,1,unchanged,1.0,0.0,0.0
ConfliBERT-v2,current,single,512,125,dev,Eritrea,2025,2,unchanged,1.0,0.0,0.0
ConfliBERT-v2,current,single,512,125,dev,Eritrea,2025,2,unchanged,1.0,0.0,0.0
ConfliBERT-v2,current,single,512,125,test,Eritrea,2025,7,unchanged,1.0,0.0,0.0
ConfliBERT-v2,current,single,512,125,test,Eritrea,2025,10,unchanged,1.0,0.0,0.0
ConfliBERT-v2,current,single,512,125,test,Eritrea,2025,12,unchanged,0.99999,0.0,1e-05
ConfliBERT-v2,current,single,512,125,dev,Ethiopia,2025,1,unchanged,1.0,0.0,0.0
ConfliBERT-v2,current,single,512,125,dev,Ethiopia,2025,2,unchanged,1.0,0.0,0.0
ConfliBERT-v2,current,single,512,125,dev,Ethiopia,2025,2,unchanged,1.0,0.0,0.0
ConfliBERT-v2,current,single,512,125,test,Ethiopia,2025,7,unchanged,0.9998,0.0002,0.0
ConfliBERT-v2,current,single,512,125,test,Ethiopia,2025,10,unchanged,0.80785,0.19188,0.00027
ConfliBERT-v2,current,single,512,125,test,Ethiopia,2025,12,deteriorated,0.00043,0.99955,2e-05
ConfliBERT-v2,current,single,512,125,test,Nile Waters,2025,7,unchanged,0.99999,0.0,1e-05
ConfliBERT-v2,current,single,512,125,test,Nile Waters,2025,10,unchanged,0.99999,1e-05,0.0
ConfliBERT-v2,current,single,512,125,test,Nile Waters,2025,12,unchanged,1.0,0.0,0.0
ConfliBERT-v2,current,single,512,125,dev,Somalia,2025,1,unchanged,1.0,0.0,0.0
ConfliBERT-v2,current,single,512,125,dev,Somalia,2025,2,unchanged,1.0,0.0,0.0
ConfliBERT-v2,current,single,512,125,dev,Somalia,2025,2,unchanged,1.0,0.0,0.0
ConfliBERT-v2,current,single,512,125,dev,Somalia,2025,3,unchanged,1.0,0.0,0.0
ConfliBERT-v2,current,single,512,125,test,Somalia,2025,7,deteriorated,0.99996,0.0,4e-05
ConfliBERT-v2,current,single,512,125,test,Somalia,2025,10,unchanged,0.99996,0.0,4e-05
ConfliBERT-v2,current,single,512,125,test,Somalia,2025,12,unchanged,0.77456,3e-05,0.22541
ConfliBERT-v2,current,single,512,125,dev,Somaliland,2025,1,unchanged,1.0,0.0,0.0
ConfliBERT-v2,current,single,512,125,dev,Somaliland,2025,2,unchanged,0.99999,0.0,1e-05
ConfliBERT-v2,current,single,512,125,dev,Somaliland,2025,2,unchanged,0.99999,0.0,1e-05
ConfliBERT-v2,current,single,512,125,dev,Somaliland,2025,3,unchanged,0.99974,0.0001,0.00016
ConfliBERT-v2,current,single,512,125,test,Somaliland,2025,7,unchanged,0.99998,0.0,2e-05
ConfliBERT-v2,current,single,512,125,test,Somaliland,2025,10,unchanged,0.99997,0.0,3e-05
ConfliBERT-v2,current,single,512,125,test,Somaliland,2025,12,unchanged,0.00017,0.99982,1e-05
ConfliBERT-v2,current,single,512,125,dev,South Sudan,2025,1,unchanged,0.99875,0.0,0.00124
ConfliBERT-v2,current,single,512,125,dev,South Sudan,2025,2,unchanged,1.0,0.0,0.0
ConfliBERT-v2,current,single,512,125,dev,South Sudan,2025,2,unchanged,1.0,0.0,0.0
ConfliBERT-v2,current,single,512,125,test,South Sudan,2025,7,unchanged,1.0,0.0,0.0
ConfliBERT-v2,current,single,512,125,test,South Sudan,2025,10,unchanged,0.99999,0.0,1e-05
ConfliBERT-v2,current,single,512,125,test,South Sudan,2025,12,unchanged,1.0,0.0,0.0
ConfliBERT-v2,current,single,512,125,dev,Sudan,2025,2,deteriorated,0.0026,0.99737,3e-05
ConfliBERT-v2,current,single,512,125,dev,Sudan,2025,2,deteriorated,0.00333,0.99664,3e-05
ConfliBERT-v2,current,single,512,125,dev,Sudan,2025,3,unchanged,0.01129,0.96944,0.01927
ConfliBERT-v2,current,single,512,125,test,Sudan,2025,7,unchanged,0.0009,0.99908,2e-05
ConfliBERT-v2,current,single,512,125,test,Sudan,2025,12,unchanged,0.9995,0.00011,0.00039
ConfliBERT-v2,current,single,512,125,dev,Burkina Faso,2025,1,unchanged,1.0,0.0,0.0
ConfliBERT-v2,current,single,512,125,dev,Burkina Faso,2025,2,unchanged,1.0,0.0,0.0
ConfliBERT-v2,current,single,512,125,dev,Burkina Faso,2025,2,unchanged,1.0,0.0,0.0
ConfliBERT-v2,current,single,512,125,dev,Burkina Faso,2025,3,deteriorated,0.00013,0.99986,1e-05
ConfliBERT-v2,current,single,512,125,test,Burkina Faso,2025,7,unchanged,0.00095,0.99903,2e-05
ConfliBERT-v2,current,single,512,125,test,Burkina Faso,2025,10,unchanged,1.0,0.0,0.0
ConfliBERT-v2,current,single,512,125,test,Burkina Faso,2025,12,unchanged,1.0,0.0,0.0
ConfliBERT-v2,current,single,512,125,dev,Guinea,2025,1,unchanged,1.0,0.0,0.0
ConfliBERT-v2,current,single,512,125,dev,Guinea,2025,2,unchanged,1.0,0.0,0.0
ConfliBERT-v2,current,single,512,125,dev,Guinea,2025,2,unchanged,1.0,0.0,0.0
ConfliBERT-v2,current,single,512,125,dev,Guinea,2025,3,unchanged,1.0,0.0,0.0
ConfliBERT-v2,current,single,512,125,test,Guinea,2025,7,unchanged,1.0,0.0,0.0
ConfliBERT-v2,current,single,512,125,test,Guinea,2025,10,unchanged,1.0,0.0,0.0
ConfliBERT-v2,current,single,512,125,test,Guinea,2025,12,unchanged,0.89826,0.00096,0.10078
ConfliBERT-v2,current,single,512,125,dev,Nigeria,2025,1,unchanged,1.0,0.0,0.0
ConfliBERT-v2,current,single,512,125,dev,Nigeria,2025,2,unchanged,1.0,0.0,0.0
ConfliBERT-v2,current,single,512,125,dev,Nigeria,2025,2,unchanged,1.0,0.0,0.0
ConfliBERT-v2,current,single,512,125,dev,Nigeria,2025,3,unchanged,1.0,0.0,0.0
ConfliBERT-v2,current,single,512,125,test,Nigeria,2025,7,unchanged,0.99999,0.0,0.0
ConfliBERT-v2,current,single,512,125,test,Nigeria,2025,10,unchanged,1.0,0.0,0.0
ConfliBERT-v2,current,single,512,125,test,Nigeria,2025,12,unchanged,0.99999,0.0,0.0
ConfliBERT-v2,current,single,512,125,dev,Senegal,2025,2,unchanged,0.14034,0.0,0.85966
ConfliBERT-v2,current,single,512,125,dev,Senegal,2025,2,unchanged,0.18243,0.0,0.81757
ConfliBERT-v2,current,single,512,125,dev,Kosovo,2025,1,unchanged,1.0,0.0,0.0
ConfliBERT-v2,current,single,512,125,dev,Kosovo,2025,2,unchanged,0.99999,0.0,1e-05
ConfliBERT-v2,current,single,512,125,dev,Kosovo,2025,3,unchanged,1.0,0.0,0.0
ConfliBERT-v2,current,single,512,125,test,Kosovo,2025,7,unchanged,0.99995,5e-05,0.0
ConfliBERT-v2,current,single,512,125,test,Kosovo,2025,10,unchanged,0.87057,3e-05,0.1294
ConfliBERT-v2,current,single,512,125,test,Kosovo,2025,12,unchanged,0.00023,3e-05,0.99975
ConfliBERT-v2,current,single,512,125,test,Kosovo,2026,3,unchanged,0.99999,1e-05,0.0
ConfliBERT-v2,current,single,512,125,dev,Armenia,2025,1,unchanged,1.0,0.0,0.0
ConfliBERT-v2,current,single,512,125,dev,Armenia,2025,2,unchanged,1.0,0.0,0.0
ConfliBERT-v2,current,single,512,125,dev,Armenia,2025,3,unchanged,0.00062,0.0,0.99938
ConfliBERT-v2,current,single,512,125,test,Armenia,2025,7,unchanged,0.00289,0.0,0.99711
ConfliBERT-v2,current,single,512,125,test,Armenia,2025,10,unchanged,0.99997,0.0,3e-05
ConfliBERT-v2,current,single,512,125,test,Armenia,2025,12,unchanged,1.0,0.0,0.0
ConfliBERT-v2,current,single,512,125,test,Armenia,2026,3,unchanged,1.0,0.0,0.0
ConfliBERT-v2,current,single,512,125,dev,Azerbaijan,2025,1,unchanged,1.0,0.0,0.0
ConfliBERT-v2,current,single,512,125,dev,Azerbaijan,2025,2,unchanged,1.0,0.0,0.0
ConfliBERT-v2,current,single,512,125,dev,Azerbaijan,2025,3,unchanged,0.00885,0.0,0.99115
ConfliBERT-v2,current,single,512,125,test,Azerbaijan,2025,7,unchanged,0.01718,0.0,0.98282
ConfliBERT-v2,current,single,512,125,test,Azerbaijan,2025,10,unchanged,0.99999,0.0,1e-05
ConfliBERT-v2,current,single,512,125,test,Azerbaijan,2025,12,unchanged,1.0,0.0,0.0
ConfliBERT-v2,current,single,512,125,test,Azerbaijan,2026,3,unchanged,0.99996,3e-05,1e-05
ConfliBERT-v2,current,single,512,125,dev,Georgia,2025,1,unchanged,1.0,0.0,0.0
ConfliBERT-v2,current,single,512,125,dev,Georgia,2025,2,unchanged,1.0,0.0,0.0
ConfliBERT-v2,current,single,512,125,dev,Georgia,2025,3,unchanged,1.0,0.0,0.0
ConfliBERT-v2,current,single,512,125,test,Georgia,2025,7,unchanged,0.99982,0.00018,0.0
ConfliBERT-v2,current,single,512,125,test,Georgia,2025,10,unchanged,0.99394,0.00605,1e-05
ConfliBERT-v2,current,single,512,125,test,Georgia,2025,12,unchanged,1.0,0.0,0.0
ConfliBERT-v2,current,single,512,125,test,Georgia,2026,3,unchanged,1.0,0.0,0.0
ConfliBERT-v2,current,single,512,125,dev,Belarus,2025,1,unchanged,0.99996,2e-05,2e-05
ConfliBERT-v2,current,single,512,125,dev,Belarus,2025,2,unchanged,1.0,0.0,0.0
ConfliBERT-v2,current,single,512,125,dev,Belarus,2025,3,unchanged,1.0,0.0,0.0
ConfliBERT-v2,current,single,512,125,test,Belarus,2025,7,unchanged,1.0,0.0,0.0
ConfliBERT-v2,current,single,512,125,test,Belarus,2025,10,unchanged,1.0,0.0,0.0
ConfliBERT-v2,current,single,512,125,test,Belarus,2025,12,unchanged,1.0,0.0,0.0
ConfliBERT-v2,current,single,512,125,test,Belarus,2026,3,unchanged,1.0,0.0,0.0
ConfliBERT-v2,current,single,512,125,dev,Ukraine,2025,1,unchanged,1.0,0.0,0.0
ConfliBERT-v2,current,single,512,125,dev,Ukraine,2025,2,unchanged,1.0,0.0,0.0
ConfliBERT-v2,current,single,512,125,dev,Ukraine,2025,3,unchanged,0.99989,0.0,0.00011
ConfliBERT-v2,current,single,512,125,test,Ukraine,2025,12,unchanged,1.0,0.0,0.0
ConfliBERT-v2,current,single,512,125,test,Ukraine,2026,3,unchanged,1.0,0.0,0.0
ConfliBERT-v2,current,single,512,125,dev,Cyprus,2025,1,unchanged,0.99999,0.0,1e-05
ConfliBERT-v2,current,single,512,125,dev,Cyprus,2025,2,unchanged,1.0,0.0,0.0
ConfliBERT-v2,current,single,512,125,dev,Cyprus,2025,3,unchanged,0.74909,0.0,0.25091
ConfliBERT-v2,current,single,512,125,test,Cyprus,2025,7,unchanged,0.99997,0.0,3e-05
ConfliBERT-v2,current,single,512,125,test,Cyprus,2025,10,unchanged,0.99997,0.0,3e-05
ConfliBERT-v2,current,single,512,125,test,Cyprus,2025,12,unchanged,1.0,0.0,0.0
ConfliBERT-v2,current,single,512,125,test,Cyprus,2026,3,unchanged,1.0,0.0,0.0
ConfliBERT-v2,current,single,512,125,dev,Türkiye,2025,1,unchanged,1.0,0.0,0.0
ConfliBERT-v2,current,single,512,125,dev,Türkiye,2025,3,deteriorated,0.00027,0.99972,1e-05
ConfliBERT-v2,current,single,512,125,test,Türkiye,2025,7,improved,0.99965,0.0,0.00035
ConfliBERT-v2,current,single,512,125,test,Türkiye,2025,10,unchanged,0.99969,0.0,0.00031
ConfliBERT-v2,current,single,512,125,test,Türkiye,2025,12,unchanged,0.99999,0.0,1e-05
ConfliBERT-v2,current,single,512,125,test,Türkiye,2026,3,unchanged,1.0,0.0,0.0
ConfliBERT-v2,current,single,512,125,dev,Kyrgyzstan,2025,1,unchanged,0.99999,0.0,1e-05
ConfliBERT-v2,current,single,512,125,dev,Kyrgyzstan,2025,2,unchanged,0.99881,0.0,0.00119
ConfliBERT-v2,current,single,512,125,dev,Kyrgyzstan,2025,3,improved,0.07808,0.0,0.92192
ConfliBERT-v2,current,single,512,125,test,Kyrgyzstan,2025,7,unchanged,1.0,0.0,0.0
ConfliBERT-v2,current,single,512,125,test,Kyrgyzstan,2025,10,unchanged,1.0,0.0,0.0
ConfliBERT-v2,current,single,512,125,test,Kyrgyzstan,2025,12,unchanged,1.0,0.0,0.0
ConfliBERT-v2,current,single,512,125,test,Kyrgyzstan,2026,3,unchanged,1.0,0.0,0.0
ConfliBERT-v2,current,single,512,125,dev,Tajikistan,2025,1,unchanged,1.0,0.0,0.0
ConfliBERT-v2,current,single,512,125,dev,Tajikistan,2025,2,unchanged,0.01826,0.0,0.98174
ConfliBERT-v2,current,single,512,125,dev,Tajikistan,2025,3,improved,0.00538,0.0,0.99462
ConfliBERT-v2,current,single,512,125,test,Tajikistan,2025,7,unchanged,1.0,0.0,0.0
ConfliBERT-v2,current,single,512,125,test,Tajikistan,2025,10,unchanged,0.99999,0.0,1e-05
ConfliBERT-v2,current,single,512,125,test,Tajikistan,2025,12,unchanged,1.0,0.0,0.0
ConfliBERT-v2,current,single,512,125,test,Tajikistan,2026,3,unchanged,1.0,0.0,0.0
ConfliBERT-v2,current,single,512,125,dev,Uzbekistan,2025,1,unchanged,0.99999,0.0,1e-05
ConfliBERT-v2,current,single,512,125,dev,Uzbekistan,2025,2,unchanged,1.0,0.0,0.0
ConfliBERT-v2,current,single,512,125,dev,Uzbekistan,2025,3,unchanged,0.99995,0.0,5e-05
ConfliBERT-v2,current,single,512,125,test,Uzbekistan,2025,7,unchanged,1.0,0.0,0.0
ConfliBERT-v2,current,single,512,125,test,Uzbekistan,2025,10,unchanged,1.0,0.0,0.0
ConfliBERT-v2,current,single,512,125,test,Uzbekistan,2025,12,unchanged,1.0,0.0,0.0
ConfliBERT-v2,current,single,512,125,test,Uzbekistan,2026,3,unchanged,1.0,0.0,0.0
ConfliBERT-v2,current,single,512,125,dev,Lebanon,2025,1,unchanged,1.0,0.0,0.0
ConfliBERT-v2,current,single,512,125,dev,Lebanon,2025,2,unchanged,0.99999,0.0,1e-05
ConfliBERT-v2,current,single,512,125,dev,Lebanon,2025,3,unchanged,0.00194,0.99806,0.0
ConfliBERT-v2,current,single,512,125,test,Lebanon,2025,6,unchanged,1.0,0.0,0.0
ConfliBERT-v2,current,single,512,125,test,Lebanon,2025,6,unchanged,1.0,0.0,0.0
ConfliBERT-v2,current,single,512,125,test,Lebanon,2025,7,unchanged,1.0,0.0,0.0
ConfliBERT-v2,current,single,512,125,test,Lebanon,2025,10,unchanged,1.0,0.0,0.0
ConfliBERT-v2,current,single,512,125,test,Lebanon,2025,12,unchanged,1.0,0.0,0.0
ConfliBERT-v2,current,single,512,125,dev,Syria,2025,1,unchanged,0.99999,1e-05,0.0
ConfliBERT-v2,current,single,512,125,dev,Syria,2025,2,unchanged,1.0,0.0,0.0
ConfliBERT-v2,current,single,512,125,dev,Syria,2025,3,deteriorated,0.00058,0.99936,6e-05
ConfliBERT-v2,current,single,512,125,test,Syria,2025,6,deteriorated,0.0006,0.99938,2e-05
ConfliBERT-v2,current,single,512,125,test,Syria,2025,6,deteriorated,0.0006,0.99938,2e-05
ConfliBERT-v2,current,single,512,125,test,Syria,2025,7,deteriorated,7e-05,0.99992,1e-05
ConfliBERT-v2,current,single,512,125,test,Syria,2025,10,improved,1e-05,0.0,0.99999
ConfliBERT-v2,current,single,512,125,test,Syria,2025,12,deteriorated,0.00018,0.99982,1e-05
ConfliBERT-v2,current,single,512,125,dev,Iran,2025,1,unchanged,1.0,0.0,0.0
ConfliBERT-v2,current,single,512,125,dev,Iran,2025,2,unchanged,1.0,0.0,0.0
ConfliBERT-v2,current,single,512,125,dev,Iran,2025,3,unchanged,0.99999,0.0,0.0
ConfliBERT-v2,current,single,512,125,test,Iran,2025,7,unchanged,1.0,0.0,0.0
ConfliBERT-v2,current,single,512,125,test,Iran,2025,10,unchanged,1.0,0.0,0.0
ConfliBERT-v2,current,single,512,125,test,Iran,2025,12,deteriorated,0.02162,0.97837,1e-05
ConfliBERT-v2,current,single,512,125,dev,Iraq,2025,1,unchanged,1.0,0.0,0.0
ConfliBERT-v2,current,single,512,125,dev,Iraq,2025,2,unchanged,1.0,0.0,0.0
ConfliBERT-v2,current,single,512,125,dev,Iraq,2025,3,unchanged,1.0,0.0,0.0
ConfliBERT-v2,current,single,512,125,test,Iraq,2025,6,unchanged,0.99999,1e-05,0.0
ConfliBERT-v2,current,single,512,125,test,Iraq,2025,6,unchanged,0.99999,1e-05,0.0
ConfliBERT-v2,current,single,512,125,test,Iraq,2025,7,unchanged,0.99929,0.0,0.00071
ConfliBERT-v2,current,single,512,125,test,Iraq,2025,10,unchanged,1.0,0.0,0.0
ConfliBERT-v2,current,single,512,125,test,Iraq,2025,12,unchanged,1.0,0.0,0.0
ConfliBERT-v2,current,single,512,125,dev,Saudi Arabia,2025,1,unchanged,0.99999,0.0,1e-05
ConfliBERT-v2,current,single,512,125,dev,Saudi Arabia,2025,2,unchanged,1.0,0.0,0.0
ConfliBERT-v2,current,single,512,125,dev,Saudi Arabia,2025,3,unchanged,1.0,0.0,0.0
ConfliBERT-v2,current,single,512,125,test,Saudi Arabia,2025,6,unchanged,0.99999,0.0,0.0
ConfliBERT-v2,current,single,512,125,test,Saudi Arabia,2025,6,unchanged,0.99999,0.0,0.0
ConfliBERT-v2,current,single,512,125,test,Saudi Arabia,2025,7,unchanged,1.0,0.0,0.0
ConfliBERT-v2,current,single,512,125,test,Saudi Arabia,2025,10,unchanged,0.99999,0.0,1e-05
ConfliBERT-v2,current,single,512,125,test,Saudi Arabia,2025,12,unchanged,0.78523,0.21467,0.0001
ConfliBERT-v2,current,single,512,125,test,Yemen,2025,6,unchanged,1.0,0.0,0.0
ConfliBERT-v2,current,single,512,125,test,Yemen,2025,6,unchanged,1.0,0.0,0.0
ConfliBERT-v2,current,single,512,125,test,Yemen,2025,7,deteriorated,0.96784,0.0321,6e-05
ConfliBERT-v2,current,single,512,125,dev,Algeria,2025,1,unchanged,1.0,0.0,0.0
ConfliBERT-v2,current,single,512,125,dev,Algeria,2025,2,unchanged,0.00477,0.99521,1e-05
ConfliBERT-v2,current,single,512,125,dev,Algeria,2025,3,unchanged,0.99997,0.0,3e-05
ConfliBERT-v2,current,single,512,125,test,Algeria,2025,6,unchanged,1.0,0.0,0.0
ConfliBERT-v2,current,single,512,125,test,Algeria,2025,6,unchanged,1.0,0.0,0.0
ConfliBERT-v2,current,single,512,125,test,Algeria,2025,7,unchanged,1.0,0.0,0.0
ConfliBERT-v2,current,single,512,125,test,Algeria,2025,10,unchanged,1.0,0.0,0.0
ConfliBERT-v2,current,single,512,125,test,Algeria,2025,12,unchanged,1.0,0.0,0.0
ConfliBERT-v2,current,single,512,125,dev,Egypt,2025,1,unchanged,0.99998,0.0,2e-05
ConfliBERT-v2,current,single,512,125,dev,Egypt,2025,2,unchanged,1.0,0.0,0.0
ConfliBERT-v2,current,single,512,125,dev,Egypt,2025,3,unchanged,1.0,0.0,0.0
ConfliBERT-v2,current,single,512,125,test,Egypt,2025,6,unchanged,1.0,0.0,0.0
ConfliBERT-v2,current,single,512,125,test,Egypt,2025,6,unchanged,1.0,0.0,0.0
ConfliBERT-v2,current,single,512,125,test,Egypt,2025,7,unchanged,1.0,0.0,0.0
ConfliBERT-v2,current,single,512,125,test,Egypt,2025,10,unchanged,0.99553,0.0,0.00447
ConfliBERT-v2,current,single,512,125,test,Egypt,2025,12,unchanged,1.0,0.0,0.0
ConfliBERT-v2,current,single,512,125,dev,Libya,2025,1,unchanged,1.0,0.0,0.0
ConfliBERT-v2,current,single,512,125,dev,Libya,2025,2,unchanged,1.0,0.0,0.0
ConfliBERT-v2,current,single,512,125,dev,Libya,2025,3,unchanged,1.0,0.0,0.0
ConfliBERT-v2,current,single,512,125,test,Libya,2025,6,unchanged,1.0,0.0,0.0
ConfliBERT-v2,current,single,512,125,test,Libya,2025,6,unchanged,1.0,0.0,0.0
ConfliBERT-v2,current,single,512,125,test,Libya,2025,7,unchanged,1.0,0.0,0.0
ConfliBERT-v2,current,single,512,125,test,Libya,2025,10,unchanged,0.99999,0.0,1e-05
ConfliBERT-v2,current,single,512,125,test,Libya,2025,12,unchanged,0.99896,0.0,0.00104
ConfliBERT-v2,current,single,512,125,dev,Tunisia,2025,1,unchanged,0.99999,0.0,1e-05
ConfliBERT-v2,current,single,512,125,dev,Tunisia,2025,2,unchanged,1.0,0.0,0.0
ConfliBERT-v2,current,single,512,125,dev,Tunisia,2025,3,unchanged,1.0,0.0,0.0
ConfliBERT-v2,current,single,512,125,test,Tunisia,2025,6,unchanged,1.0,0.0,0.0
ConfliBERT-v2,current,single,512,125,test,Tunisia,2025,6,unchanged,1.0,0.0,0.0
ConfliBERT-v2,current,single,512,125,test,Tunisia,2025,7,unchanged,0.99999,0.0,0.0
ConfliBERT-v2,current,single,512,125,test,Tunisia,2025,10,unchanged,0.99079,0.0092,2e-05
ConfliBERT-v2,current,single,512,125,test,Tunisia,2025,12,unchanged,1.0,0.0,0.0
ConfliBERT-v2,current,single,512,125,dev,Western Sahara,2025,1,unchanged,1.0,0.0,0.0
ConfliBERT-v2,current,single,512,125,dev,Western Sahara,2025,2,unchanged,1.0,0.0,0.0
ConfliBERT-v2,current,single,512,125,dev,Western Sahara,2025,3,unchanged,1.0,0.0,0.0
ConfliBERT-v2,current,single,512,125,test,Western Sahara,2025,6,unchanged,1.0,0.0,0.0
ConfliBERT-v2,current,single,512,125,test,Western Sahara,2025,6,unchanged,1.0,0.0,0.0
ConfliBERT-v2,current,single,512,125,test,Western Sahara,2025,7,unchanged,1.0,0.0,0.0
ConfliBERT-v2,current,single,512,125,test,Western Sahara,2025,10,unchanged,0.99985,0.0,0.00015
ConfliBERT-v2,current,single,512,125,test,Western Sahara,2025,12,unchanged,1.0,0.0,0.0
ConfliBERT-v2,current,single,512,125,dev,Central African Republic,2025,1,unchanged,1.0,0.0,0.0
ConfliBERT-v2,current,single,512,125,dev,Central African Republic,2025,2,unchanged,1.0,0.0,0.0
ConfliBERT-v2,current,single,512,125,dev,Central African Republic,2025,2,unchanged,1.0,0.0,0.0
ConfliBERT-v2,current,single,512,125,dev,Central African Republic,2025,3,unchanged,1.0,0.0,0.0
ConfliBERT-v2,current,single,512,125,test,Central African Republic,2025,7,unchanged,0.99994,0.0,6e-05
ConfliBERT-v2,current,single,512,125,test,Central African Republic,2025,10,unchanged,1.0,0.0,0.0
ConfliBERT-v2,current,single,512,125,dev,Mali,2025,1,unchanged,1.0,0.0,0.0
ConfliBERT-v2,current,single,512,125,dev,Mali,2025,2,unchanged,1.0,0.0,0.0
ConfliBERT-v2,current,single,512,125,dev,Mali,2025,2,unchanged,1.0,0.0,0.0
ConfliBERT-v2,current,single,512,125,dev,Mali,2025,3,unchanged,1.0,0.0,0.0
ConfliBERT-v2,current,single,512,125,test,Mali,2025,7,deteriorated,0.19281,0.80545,0.00173
ConfliBERT-v2,current,single,512,125,test,Mali,2025,12,unchanged,1.0,0.0,0.0
ConfliBERT-v2,current,single,512,125,dev,Niger,2025,1,unchanged,1.0,0.0,0.0
ConfliBERT-v2,current,single,512,125,dev,Niger,2025,2,unchanged,0.99999,0.0,1e-05
ConfliBERT-v2,current,single,512,125,dev,Niger,2025,2,unchanged,0.99998,0.0,2e-05
ConfliBERT-v2,current,single,512,125,dev,Niger,2025,3,deteriorated,0.99986,0.0,0.00014
ConfliBERT-v2,current,single,512,125,test,Niger,2025,7,unchanged,1.0,0.0,0.0
ConfliBERT-v2,current,single,512,125,test,Niger,2025,10,unchanged,0.99998,0.0,2e-05
ConfliBERT-v2,current,single,512,125,test,Niger,2025,12,unchanged,1.0,0.0,0.0
ConfliBERT-v2,current,single,512,125,dev,Benin,2025,1,deteriorated,0.02129,0.97867,4e-05
ConfliBERT-v2,current,single,512,125,dev,Benin,2025,2,unchanged,1.0,0.0,0.0
ConfliBERT-v2,current,single,512,125,dev,Benin,2025,2,unchanged,1.0,0.0,0.0
ConfliBERT-v2,current,single,512,125,dev,Benin,2025,3,unchanged,1.0,0.0,0.0
ConfliBERT-v2,current,single,512,125,test,Benin,2025,7,unchanged,0.99997,0.0,3e-05
ConfliBERT-v2,current,single,512,125,test,Benin,2025,10,unchanged,1.0,0.0,0.0
ConfliBERT-v2,current,single,512,125,test,Benin,2025,12,deteriorated,0.00057,0.99941,2e-05
ConfliBERT-v2,current,single,512,125,dev,Moldova,2025,1,deteriorated,0.49216,0.50778,6e-05
ConfliBERT-v2,current,single,512,125,dev,Moldova,2025,2,unchanged,1.0,0.0,0.0
ConfliBERT-v2,current,single,512,125,test,Moldova,2026,3,unchanged,1.0,0.0,0.0
ConfliBERT-v2,current,single,512,125,test,Israel/Palestine,2025,12,unchanged,1.0,0.0,0.0
ConfliBERT-v2,current,single,512,125,dev,Colombia,2025,2,unchanged,0.99154,0.00837,8e-05
ConfliBERT-v2,current,single,512,125,dev,Colombia,2025,3,unchanged,0.99998,0.0,2e-05
ConfliBERT-v2,current,single,512,125,test,Colombia,2025,7,unchanged,0.99996,3e-05,1e-05
ConfliBERT-v2,current,single,512,125,test,Colombia,2025,10,deteriorated,0.99991,6e-05,3e-05
ConfliBERT-v2,current,single,512,125,test,Colombia,2025,12,unchanged,0.0001,0.99989,1e-05
ConfliBERT-v2,current,single,512,125,dev,Ecuador,2025,1,deteriorated,0.00281,0.99716,2e-05
ConfliBERT-v2,current,single,512,125,dev,Ecuador,2025,2,unchanged,0.99783,0.0,0.00217
ConfliBERT-v2,current,single,512,125,dev,Ecuador,2025,3,unchanged,1.0,0.0,0.0
ConfliBERT-v2,current,single,512,125,test,Ecuador,2025,7,unchanged,1.0,0.0,0.0
ConfliBERT-v2,current,single,512,125,test,Ecuador,2025,10,unchanged,1.0,0.0,0.0
ConfliBERT-v2,current,single,512,125,test,Ecuador,2025,12,unchanged,0.99999,0.0,1e-05
ConfliBERT-v2,current,single,512,125,dev,Venezuela,2025,1,unchanged,0.99999,0.0,1e-05
ConfliBERT-v2,current,single,512,125,dev,Venezuela,2025,2,unchanged,0.99999,0.0,1e-05
ConfliBERT-v2,current,single,512,125,dev,Venezuela,2025,3,unchanged,1.0,0.0,0.0
ConfliBERT-v2,current,single,512,125,test,Venezuela,2025,7,unchanged,1.0,0.0,0.0
ConfliBERT-v2,current,single,512,125,dev,El Salvador,2025,1,unchanged,0.64422,0.0,0.35577
ConfliBERT-v2,current,single,512,125,dev,El Salvador,2025,2,unchanged,1.0,0.0,0.0
ConfliBERT-v2,current,single,512,125,dev,El Salvador,2025,3,unchanged,1.0,0.0,0.0
ConfliBERT-v2,current,single,512,125,test,El Salvador,2025,7,deteriorated,1.0,0.0,0.0
ConfliBERT-v2,current,single,512,125,test,El Salvador,2025,10,unchanged,1.0,0.0,0.0
ConfliBERT-v2,current,single,512,125,test,El Salvador,2025,12,unchanged,1.0,0.0,0.0
ConfliBERT-v2,current,single,512,125,test,Honduras,2025,12,deteriorated,0.19175,0.80729,0.00096
ConfliBERT-v2,current,single,512,125,dev,Mexico,2025,1,unchanged,1.0,0.0,0.0
ConfliBERT-v2,current,single,512,125,dev,Mexico,2025,2,unchanged,1.0,0.0,0.0
ConfliBERT-v2,current,single,512,125,dev,Mexico,2025,3,unchanged,1.0,0.0,0.0
ConfliBERT-v2,current,single,512,125,test,Mexico,2025,7,unchanged,1.0,0.0,0.0
ConfliBERT-v2,current,single,512,125,test,Mexico,2025,10,unchanged,1.0,0.0,0.0
ConfliBERT-v2,current,single,512,125,test,Mexico,2025,12,unchanged,1.0,0.0,0.0
ConfliBERT-v2,current,single,512,125,dev,Nicaragua,2025,1,unchanged,1.0,0.0,0.0
ConfliBERT-v2,current,single,512,125,dev,Nicaragua,2025,2,deteriorated,0.99997,2e-05,1e-05
ConfliBERT-v2,current,single,512,125,dev,Nicaragua,2025,3,unchanged,1.0,0.0,0.0
ConfliBERT-v2,current,single,512,125,test,Nicaragua,2025,7,unchanged,1.0,0.0,0.0
ConfliBERT-v2,current,single,512,125,test,Nicaragua,2025,10,unchanged,1.0,0.0,0.0
ConfliBERT-v2,current,single,512,125,test,Nicaragua,2025,12,unchanged,1.0,0.0,0.0
ConfliBERT-v2,current,single,512,125,dev,Haiti,2025,1,unchanged,1.0,0.0,0.0
ConfliBERT-v2,current,single,512,125,dev,Haiti,2025,2,unchanged,1.0,0.0,0.0
ConfliBERT-v2,current,single,512,125,dev,Haiti,2025,3,deteriorated,0.99814,0.00171,0.00014
ConfliBERT-v2,current,single,512,125,test,Haiti,2025,7,unchanged,0.99999,0.0,1e-05
ConfliBERT-v2,current,single,512,125,test,Haiti,2025,10,unchanged,1.0,0.0,0.0
ConfliBERT-v2,current,single,512,125,test,Haiti,2025,12,unchanged,0.83166,0.16634,0.002
ConfliBERT-v2,current,single,512,125,dev,China/Japan,2025,1,unchanged,1.0,0.0,0.0
ConfliBERT-v2,current,single,512,125,dev,China/Japan,2025,2,unchanged,1.0,0.0,0.0
ConfliBERT-v2,current,single,512,125,dev,China/Japan,2025,3,unchanged,1.0,0.0,0.0
ConfliBERT-v2,current,single,512,125,test,China/Japan,2025,6,unchanged,1.0,0.0,0.0
ConfliBERT-v2,current,single,512,125,test,China/Japan,2025,6,unchanged,1.0,0.0,0.0
ConfliBERT-v2,current,single,512,125,test,China/Japan,2025,7,unchanged,1.0,0.0,0.0
ConfliBERT-v2,current,single,512,125,test,China/Japan,2025,7,unchanged,1.0,0.0,0.0
ConfliBERT-v2,current,single,512,125,test,China/Japan,2025,10,unchanged,1.0,0.0,0.0
ConfliBERT-v2,current,single,512,125,test,China/Japan,2025,12,unchanged,1.0,0.0,0.0
ConfliBERT-v2,current,single,512,125,dev,Korean Peninsula,2025,1,unchanged,1.0,0.0,0.0
ConfliBERT-v2,current,single,512,125,dev,Korean Peninsula,2025,2,unchanged,0.99998,0.0,2e-05
ConfliBERT-v2,current,single,512,125,dev,Korean Peninsula,2025,3,unchanged,1.0,0.0,0.0
ConfliBERT-v2,current,single,512,125,test,Korean Peninsula,2025,6,unchanged,0.99998,0.0,2e-05
ConfliBERT-v2,current,single,512,125,test,Korean Peninsula,2025,6,unchanged,0.99998,0.0,2e-05
ConfliBERT-v2,current,single,512,125,test,Korean Peninsula,2025,7,unchanged,0.99999,0.0,1e-05
ConfliBERT-v2,current,single,512,125,test,Korean Peninsula,2025,7,unchanged,0.99999,0.0,1e-05
ConfliBERT-v2,current,single,512,125,test,Korean Peninsula,2025,10,unchanged,0.99994,0.0,6e-05
ConfliBERT-v2,current,single,512,125,test,Korean Peninsula,2025,12,unchanged,1.0,0.0,0.0
ConfliBERT-v2,current,single,512,125,dev,Taiwan Strait,2025,1,unchanged,1.0,0.0,0.0
ConfliBERT-v2,current,single,512,125,dev,Taiwan Strait,2025,2,unchanged,1.0,0.0,0.0
ConfliBERT-v2,current,single,512,125,dev,Taiwan Strait,2025,3,unchanged,1.0,0.0,0.0
ConfliBERT-v2,current,single,512,125,test,Taiwan Strait,2025,6,unchanged,1.0,0.0,0.0
ConfliBERT-v2,current,single,512,125,test,Taiwan Strait,2025,6,unchanged,1.0,0.0,0.0
ConfliBERT-v2,current,single,512,125,test,Taiwan Strait,2025,7,unchanged,1.0,0.0,0.0
ConfliBERT-v2,current,single,512,125,test,Taiwan Strait,2025,7,unchanged,1.0,0.0,0.0
ConfliBERT-v2,current,single,512,125,test,Taiwan Strait,2025,10,unchanged,1.0,0.0,0.0
ConfliBERT-v2,current,single,512,125,test,Taiwan Strait,2025,12,deteriorated,0.0164,0.9833,0.00031
ConfliBERT-v2,current,single,512,125,dev,Afghanistan,2025,1,unchanged,1.0,0.0,0.0
ConfliBERT-v2,current,single,512,125,dev,Afghanistan,2025,2,unchanged,1.0,0.0,0.0
ConfliBERT-v2,current,single,512,125,dev,Afghanistan,2025,3,unchanged,1.0,0.0,0.0
ConfliBERT-v2,current,single,512,125,test,Afghanistan,2025,7,unchanged,1.0,0.0,0.0
ConfliBERT-v2,current,single,512,125,test,Afghanistan,2025,7,unchanged,1.0,0.0,0.0
ConfliBERT-v2,current,single,512,125,test,Afghanistan,2025,12,unchanged,1.0,0.0,0.0
ConfliBERT-v2,current,single,512,125,dev,Bangladesh,2025,1,unchanged,1.0,0.0,0.0
ConfliBERT-v2,current,single,512,125,dev,Bangladesh,2025,2,unchanged,1.0,0.0,0.0
ConfliBERT-v2,current,single,512,125,dev,Bangladesh,2025,3,unchanged,1.0,0.0,0.0
ConfliBERT-v2,current,single,512,125,test,Bangladesh,2025,6,unchanged,1.0,0.0,0.0
ConfliBERT-v2,current,single,512,125,test,Bangladesh,2025,6,unchanged,1.0,0.0,0.0
ConfliBERT-v2,current,single,512,125,test,Bangladesh,2025,7,unchanged,0.99996,4e-05,0.0
ConfliBERT-v2,current,single,512,125,test,Bangladesh,2025,7,unchanged,0.99996,4e-05,0.0
ConfliBERT-v2,current,single,512,125,test,Bangladesh,2025,10,unchanged,0.99918,0.0,0.00082
ConfliBERT-v2,current,single,512,125,test,Bangladesh,2025,12,deteriorated,0.27483,0.72407,0.00111
ConfliBERT-v2,current,single,512,125,dev,India,2025,1,unchanged,1.0,0.0,0.0
ConfliBERT-v2,current,single,512,125,dev,India,2025,2,unchanged,0.99998,0.0,2e-05
ConfliBERT-v2,current,single,512,125,dev,India,2025,3,unchanged,1.0,0.0,0.0
ConfliBERT-v2,current,single,512,125,test,India,2025,6,unchanged,0.99999,0.0,1e-05
ConfliBERT-v2,current,single,512,125,test,India,2025,6,unchanged,0.99999,0.0,1e-05
ConfliBERT-v2,current,single,512,125,test,India,2025,7,unchanged,1.0,0.0,0.0
ConfliBERT-v2,current,single,512,125,test,India,2025,7,unchanged,1.0,0.0,0.0
ConfliBERT-v2,current,single,512,125,test,India,2025,10,improved,0.94794,0.00023,0.05183
ConfliBERT-v2,current,single,512,125,test,India,2025,12,unchanged,1.0,0.0,0.0
ConfliBERT-v2,current,single,512,125,dev,Pakistan,2025,1,unchanged,0.99996,0.0,4e-05
ConfliBERT-v2,current,single,512,125,dev,Pakistan,2025,2,unchanged,0.99998,1e-05,1e-05
ConfliBERT-v2,current,single,512,125,dev,Pakistan,2025,3,unchanged,0.0001,0.99989,1e-05
ConfliBERT-v2,current,single,512,125,test,Pakistan,2025,6,unchanged,1.0,0.0,0.0
ConfliBERT-v2,current,single,512,125,test,Pakistan,2025,6,unchanged,1.0,0.0,0.0
ConfliBERT-v2,current,single,512,125,test,Pakistan,2025,7,unchanged,1.0,0.0,0.0
ConfliBERT-v2,current,single,512,125,test,Pakistan,2025,7,unchanged,1.0,0.0,0.0
ConfliBERT-v2,current,single,512,125,test,Pakistan,2025,12,unchanged,1.0,0.0,0.0
ConfliBERT-v2,current,single,512,125,dev,Sri Lanka,2025,1,unchanged,1.0,0.0,0.0
ConfliBERT-v2,current,single,512,125,dev,Sri Lanka,2025,2,unchanged,0.99998,0.0,2e-05
ConfliBERT-v2,current,single,512,125,dev,Sri Lanka,2025,3,unchanged,1.0,0.0,0.0
ConfliBERT-v2,current,single,512,125,test,Sri Lanka,2025,6,unchanged,1.0,0.0,0.0
ConfliBERT-v2,current,single,512,125,test,Sri Lanka,2025,6,unchanged,1.0,0.0,0.0
ConfliBERT-v2,current,single,512,125,test,Sri Lanka,2025,7,unchanged,0.99997,0.0,3e-05
ConfliBERT-v2,current,single,512,125,test,Sri Lanka,2025,7,unchanged,0.99997,0.0,3e-05
ConfliBERT-v2,current,single,512,125,test,Sri Lanka,2025,10,unchanged,1.0,0.0,0.0
ConfliBERT-v2,current,single,512,125,test,Sri Lanka,2025,12,unchanged,0.00214,0.99785,2e-05
ConfliBERT-v2,current,single,512,125,dev,Myanmar,2025,1,unchanged,0.99994,0.0,6e-05
ConfliBERT-v2,current,single,512,125,dev,Myanmar,2025,2,unchanged,0.02129,0.97867,5e-05
ConfliBERT-v2,current,single,512,125,dev,Myanmar,2025,3,unchanged,1.0,0.0,0.0
ConfliBERT-v2,current,single,512,125,test,Myanmar,2025,6,unchanged,1.0,0.0,0.0
ConfliBERT-v2,current,single,512,125,test,Myanmar,2025,6,unchanged,1.0,0.0,0.0
ConfliBERT-v2,current,single,512,125,test,Myanmar,2025,7,unchanged,0.99982,2e-05,0.00016
ConfliBERT-v2,current,single,512,125,test,Myanmar,2025,7,unchanged,0.99982,2e-05,0.00016
ConfliBERT-v2,current,single,512,125,test,Myanmar,2025,10,unchanged,0.99958,2e-05,0.0004
ConfliBERT-v2,current,single,512,125,test,Myanmar,2025,12,unchanged,0.00052,0.99947,1e-05
ConfliBERT-v2,current,single,512,125,dev,Philippines,2025,1,unchanged,1.0,0.0,0.0
ConfliBERT-v2,current,single,512,125,dev,Philippines,2025,2,unchanged,1.0,0.0,0.0
ConfliBERT-v2,current,single,512,125,dev,Philippines,2025,3,unchanged,1.0,0.0,0.0
ConfliBERT-v2,current,single,512,125,test,Philippines,2025,6,unchanged,1.0,0.0,0.0
ConfliBERT-v2,current,single,512,125,test,Philippines,2025,6,unchanged,1.0,0.0,0.0
ConfliBERT-v2,current,single,512,125,test,Philippines,2025,7,unchanged,1.0,0.0,0.0
ConfliBERT-v2,current,single,512,125,test,Philippines,2025,7,unchanged,1.0,0.0,0.0
ConfliBERT-v2,current,single,512,125,test,Philippines,2025,10,unchanged,0.99825,0.00022,0.00152
ConfliBERT-v2,current,single,512,125,test,Philippines,2025,12,unchanged,0.99975,0.0,0.00025
ConfliBERT-v2,current,single,512,125,dev,South China Sea,2025,1,unchanged,1.0,0.0,0.0
ConfliBERT-v2,current,single,512,125,dev,South China Sea,2025,2,unchanged,1.0,0.0,0.0
ConfliBERT-v2,current,single,512,125,dev,South China Sea,2025,3,unchanged,1.0,0.0,0.0
ConfliBERT-v2,current,single,512,125,test,South China Sea,2025,6,unchanged,1.0,0.0,0.0
ConfliBERT-v2,current,single,512,125,test,South China Sea,2025,6,unchanged,1.0,0.0,0.0
ConfliBERT-v2,current,single,512,125,test,South China Sea,2025,7,unchanged,1.0,0.0,0.0
ConfliBERT-v2,current,single,512,125,test,South China Sea,2025,7,unchanged,1.0,0.0,0.0
ConfliBERT-v2,current,single,512,125,test,South China Sea,2025,10,unchanged,1.0,0.0,0.0
ConfliBERT-v2,current,single,512,125,test,South China Sea,2025,12,unchanged,1.0,0.0,0.0
ConfliBERT-v2,current,single,512,125,dev,Thailand,2025,1,unchanged,1.0,0.0,0.0
ConfliBERT-v2,current,single,512,125,dev,Thailand,2025,2,unchanged,0.99995,0.0,5e-05
ConfliBERT-v2,current,single,512,125,dev,Thailand,2025,3,unchanged,0.99999,0.0,1e-05
ConfliBERT-v2,current,single,512,125,test,Thailand,2025,6,deteriorated,0.0011,0.9989,1e-05
ConfliBERT-v2,current,single,512,125,test,Thailand,2025,6,deteriorated,0.0011,0.9989,1e-05
ConfliBERT-v2,current,single,512,125,test,Thailand,2025,7,unchanged,0.03196,0.96181,0.00623
ConfliBERT-v2,current,single,512,125,test,Thailand,2025,7,unchanged,0.03196,0.96181,0.00623
ConfliBERT-v2,current,single,512,125,test,Thailand,2025,10,improved,0.95915,0.0,0.04085
ConfliBERT-v2,current,single,512,125,test,Thailand,2025,12,unchanged,0.00043,0.99951,6e-05
ConfliBERT-v2,current,single,512,125,test,Guatemala,2025,10,unchanged,0.99999,0.0,1e-05
ConfliBERT-v2,current,single,512,125,dev,Bolivia,2025,1,unchanged,1.0,0.0,0.0
ConfliBERT-v2,current,single,512,125,dev,Bolivia,2025,2,unchanged,0.9999,0.0,0.0001
ConfliBERT-v2,current,single,512,125,test,Bolivia,2025,10,improved,0.48438,0.0,0.51562
ConfliBERT-v2,current,single,512,125,test,Bolivia,2025,12,unchanged,0.99929,0.00067,5e-05
ConfliBERT-v2,current,single,512,125,dev,Peru,2025,3,unchanged,0.99999,0.0,1e-05
ConfliBERT-v2,current,single,512,125,test,Peru,2025,10,deteriorated,0.98044,0.01934,0.00022
ConfliBERT-v2,current,single,512,125,test,Madagascar,2025,10,deteriorated,0.00406,0.9959,4e-05
ConfliBERT-v2,current,single,512,125,dev,Guinea-Bissau,2025,2,deteriorated,0.00014,0.99985,1e-05
ConfliBERT-v2,current,single,512,125,dev,Guinea-Bissau,2025,2,deteriorated,0.00203,0.99795,2e-05
ConfliBERT-v2,current,single,512,125,dev,Guinea-Bissau,2025,3,unchanged,1.0,0.0,0.0
ConfliBERT-v2,current,single,512,125,test,Guinea-Bissau,2025,12,unchanged,0.99804,1e-05,0.00195
ConfliBERT-v2,current,single,512,125,dev,Guyana,2025,3,unchanged,1.0,0.0,0.0
ConfliBERT-v2,current,single,512,125,dev,Jordan,2025,2,unchanged,0.99999,1e-05,0.0
ConfliBERT-v2,current,single,512,125,test,Kazakhstan,2026,3,unchanged,0.99944,0.0,0.00056
ConfliBERT-v2,current,single,512,125,dev,Togo,2025,2,unchanged,1.0,0.0,0.0
ConfliBERT-v2,current,single,512,125,dev,Togo,2025,2,unchanged,1.0,0.0,0.0
ConfliBERT-v2,current,single,512,125,dev,Togo,2025,3,unchanged,0.54674,0.0,0.45326
ConfliBERT-v2,current,single,512,125,test,Togo,2025,7,unchanged,1.0,0.0,0.0
ConfliBERT-v2,current,single,512,125,test,Togo,2025,10,unchanged,1.0,0.0,0.0
ConfliBERT-v2,current,single,512,125,test,Papua New Guinea,2025,10,unchanged,0.99924,0.0,0.00076
ConfliBERT-v2,current,single,512,125,test,Cambodia,2025,7,unchanged,0.88647,0.06372,0.04982
ConfliBERT-v2,current,single,512,125,test,Cambodia,2025,7,unchanged,0.88647,0.06372,0.04982
ConfliBERT-v2,current,single,512,125,test,Brazil,2025,10,unchanged,0.00019,0.99979,2e-05
ConfliBERT-v2,current,single,512,125,test,Angola,2025,7,deteriorated,0.0029,0.99707,4e-05
ConfliBERT-v2,current,single,512,125,dev,Indonesia,2025,1,unchanged,1.0,0.0,0.0
ConfliBERT-v2,current,single,512,125,dev,Indonesia,2025,2,unchanged,1.0,0.0,0.0
ConfliBERT-v2,current,single,512,125,dev,Indonesia,2025,3,unchanged,0.99999,0.0,0.0
ConfliBERT-v2,current,single,512,125,test,Indonesia,2025,6,unchanged,1.0,0.0,0.0
ConfliBERT-v2,current,single,512,125,test,Indonesia,2025,6,unchanged,1.0,0.0,0.0
ConfliBERT-v2,current,single,512,125,test,Indonesia,2025,7,unchanged,0.99995,0.0,5e-05
ConfliBERT-v2,current,single,512,125,test,Indonesia,2025,7,unchanged,0.99995,0.0,5e-05
ConfliBERT-v2,current,single,512,125,test,Indonesia,2025,10,unchanged,0.99999,0.0,1e-05
ConfliBERT-v2,current,single,512,125,test,Indonesia,2025,12,unchanged,1.0,0.0,0.0
ConfliBERT-v2,current,single,512,125,test,Ghana,2025,7,unchanged,0.99997,0.0,3e-05
ConfliBERT-v2,current,single,512,125,dev,South Africa,2025,1,unchanged,1.0,0.0,0.0
ConfliBERT-v2,current,single,512,125,dev,South Africa,2025,2,unchanged,1.0,0.0,0.0
ConfliBERT-v2,current,single,512,125,dev,South Africa,2025,2,unchanged,1.0,0.0,0.0
ConfliBERT-v2,current,single,512,125,dev,South Africa,2025,3,unchanged,1.0,0.0,0.0
ConfliBERT-v2,current,single,512,125,test,South Africa,2025,7,unchanged,0.99998,0.0,2e-05
ConfliBERT-v2,current,single,512,125,test,South Africa,2025,10,unchanged,1.0,0.0,0.0
ConfliBERT-v2,current,single,512,125,test,South Africa,2025,12,unchanged,0.99998,0.0,2e-05
ConfliBERT-v2,current,single,512,125,test,Qatar,2025,6,unchanged,0.00011,0.99988,0.0
ConfliBERT-v2,current,single,512,125,test,Qatar,2025,6,unchanged,0.00011,0.99988,0.0
ConfliBERT-v2,current,single,512,125,test,Morocco,2025,10,deteriorated,0.00126,0.99872,2e-05
ConfliBERT-v2,current,single,512,125,dev,Comoros Islands,2025,1,unchanged,1.0,0.0,0.0
ConfliBERT-v2,current,single,512,125,dev,Russia/U.S.,2025,1,unchanged,1.0,0.0,0.0
ConfliBERT-v2,current,single,512,125,dev,Russia/U.S.,2025,2,unchanged,1.0,0.0,0.0
ConfliBERT-v2,current,single,512,125,dev,Amazon,2025,1,unchanged,0.99999,0.0,1e-05
ConfliBERT-v2,current,single,512,125,dev,Amazon,2025,2,unchanged,1.0,0.0,0.0
ConfliBERT-v2,current,single,512,125,dev,Amazon,2025,3,unchanged,1.0,0.0,0.0
ConfliBERT-v2,current,single,512,125,test,Amazon,2025,7,deteriorated,0.00235,0.99764,1e-05
ConfliBERT-v2,current,single,512,125,test,Amazon,2025,10,unchanged,0.98594,0.0,0.01406
ConfliBERT-v2,current,single,512,125,test,Amazon,2025,12,unchanged,1.0,0.0,0.0
ConfliBERT-v2,current,single,512,125,test,China-U.S.,2025,6,unchanged,1.0,0.0,0.0
ConfliBERT-v2,current,single,512,125,test,China-U.S.,2025,6,unchanged,1.0,0.0,0.0
ConfliBERT-v2,current,single,512,125,test,China-U.S.,2025,10,improved,0.99509,0.0,0.00491
ConfliBERT-v2,current,single,512,125,test,China-U.S.,2025,12,unchanged,1.0,0.0,0.0
ConfliBERT-v2,current,single,512,125,dev,Cook Islands,2025,2,unchanged,0.99999,1e-05,0.0
ConfliBERT-v2,current,single,512,125,dev,Tasman Sea,2025,2,unchanged,1.0,0.0,0.0
ConfliBERT-v2,current,single,512,125,test,New Caledonia,2025,7,improved,0.00054,0.0,0.99946
ConfliBERT-v2,current,single,512,125,test,New Caledonia,2025,7,improved,0.00054,0.0,0.99946
ModernBERT-base,current,single,512,123,dev,Cameroon,2025,1,unchanged,0.99905,0.00021,0.00073
ModernBERT-base,current,single,512,123,dev,Cameroon,2025,2,unchanged,0.99866,0.00031,0.00103
ModernBERT-base,current,single,512,123,dev,Cameroon,2025,2,unchanged,0.99867,0.0003,0.00103
ModernBERT-base,current,single,512,123,dev,Cameroon,2025,3,unchanged,0.99234,0.00076,0.0069
ModernBERT-base,current,single,512,123,test,Cameroon,2025,7,unchanged,0.98859,0.00097,0.01044
ModernBERT-base,current,single,512,123,test,Cameroon,2025,12,unchanged,0.99822,0.00032,0.00145
ModernBERT-base,current,single,512,123,dev,Chad,2025,1,unchanged,0.8994,0.01726,0.08333
ModernBERT-base,current,single,512,123,dev,Chad,2025,2,unchanged,0.93013,0.01017,0.05969
ModernBERT-base,current,single,512,123,dev,Chad,2025,2,unchanged,0.92941,0.01001,0.06059
ModernBERT-base,current,single,512,123,dev,Chad,2025,3,unchanged,0.92499,0.00533,0.06968
ModernBERT-base,current,single,512,123,test,Chad,2025,7,unchanged,0.9965,0.00072,0.00278
ModernBERT-base,current,single,512,123,test,Chad,2025,10,deteriorated,0.985,0.00112,0.01389
ModernBERT-base,current,single,512,123,test,Chad,2025,12,unchanged,0.95724,0.00309,0.03966
ModernBERT-base,current,single,512,123,dev,Gabon,2025,1,unchanged,0.99622,0.0003,0.00348
ModernBERT-base,current,single,512,123,dev,Gabon,2025,3,unchanged,0.99856,0.00012,0.00132
ModernBERT-base,current,single,512,123,dev,Kenya,2025,1,unchanged,0.99717,0.00046,0.00238
ModernBERT-base,current,single,512,123,dev,Kenya,2025,2,unchanged,0.99819,0.00027,0.00154
ModernBERT-base,current,single,512,123,dev,Kenya,2025,2,unchanged,0.99817,0.00027,0.00156
ModernBERT-base,current,single,512,123,dev,Kenya,2025,3,unchanged,0.99871,0.00022,0.00107
ModernBERT-base,current,single,512,123,test,Kenya,2025,7,deteriorated,0.00056,0.99937,7e-05
ModernBERT-base,current,single,512,123,test,Kenya,2025,10,unchanged,0.97434,0.00174,0.02392
ModernBERT-base,current,single,512,123,test,Kenya,2025,12,unchanged,0.97115,0.00104,0.02782
ModernBERT-base,current,single,512,123,dev,Mozambique,2025,1,improved,0.98779,0.00097,0.01123
ModernBERT-base,current,single,512,123,dev,Mozambique,2025,2,unchanged,0.96301,0.00239,0.0346
ModernBERT-base,current,single,512,123,dev,Mozambique,2025,2,unchanged,0.96344,0.00235,0.03421
ModernBERT-base,current,single,512,123,dev,Mozambique,2025,3,improved,0.91406,0.00362,0.08232
ModernBERT-base,current,single,512,123,test,Mozambique,2025,7,unchanged,0.99776,0.00024,0.002
ModernBERT-base,current,single,512,123,test,Mozambique,2025,10,unchanged,0.9983,0.00024,0.00145
ModernBERT-base,current,single,512,123,test,Mozambique,2025,12,unchanged,0.99783,0.00035,0.00182
ModernBERT-base,current,single,512,123,dev,Tanzania,2025,1,unchanged,0.99908,0.00019,0.00073
ModernBERT-base,current,single,512,123,dev,Tanzania,2025,2,unchanged,0.99909,0.00019,0.00072
ModernBERT-base,current,single,512,123,dev,Tanzania,2025,2,unchanged,0.99904,0.00021,0.00076
ModernBERT-base,current,single,512,123,dev,Tanzania,2025,3,unchanged,0.9988,0.00022,0.00098
ModernBERT-base,current,single,512,123,test,Tanzania,2025,7,unchanged,0.9988,0.0002,0.001
ModernBERT-base,current,single,512,123,test,Tanzania,2025,12,unchanged,0.99561,0.00042,0.00397
ModernBERT-base,current,single,512,123,dev,Zimbabwe,2025,1,unchanged,0.99852,0.00022,0.00126
ModernBERT-base,current,single,512,123,dev,Zimbabwe,2025,2,unchanged,0.99876,0.00027,0.00097
ModernBERT-base,current,single,512,123,dev,Zimbabwe,2025,2,unchanged,0.99887,0.00025,0.00088
ModernBERT-base,current,single,512,123,dev,Zimbabwe,2025,3,deteriorated,0.93207,0.00973,0.0582
ModernBERT-base,current,single,512,123,test,Zimbabwe,2025,7,unchanged,0.99883,0.0002,0.00097
ModernBERT-base,current,single,512,123,test,Zimbabwe,2025,10,unchanged,0.99701,0.00048,0.00251
ModernBERT-base,current,single,512,123,test,Zimbabwe,2025,12,unchanged,0.99912,0.00016,0.00072
ModernBERT-base,current,single,512,123,test,Burundi,2025,7,unchanged,0.9965,0.00042,0.00307
ModernBERT-base,current,single,512,123,test,Burundi,2025,10,unchanged,0.99868,0.00021,0.00111
ModernBERT-base,current,single,512,123,test,DR Congo,2025,10,unchanged,0.99352,0.00062,0.00586
ModernBERT-base,current,single,512,123,test,DR Congo,2025,12,deteriorated,0.87269,0.01797,0.10934
ModernBERT-base,current,single,512,123,dev,Rwanda,2025,2,unchanged,0.96827,0.00294,0.02879
ModernBERT-base,current,single,512,123,dev,Rwanda,2025,2,unchanged,0.97686,0.00214,0.021
ModernBERT-base,current,single,512,123,dev,Rwanda,2025,3,unchanged,0.9821,0.00126,0.01664
ModernBERT-base,current,single,512,123,test,Rwanda,2025,7,unchanged,0.99872,0.00016,0.00112
ModernBERT-base,current,single,512,123,test,Rwanda,2025,10,unchanged,0.99712,0.00035,0.00253
ModernBERT-base,current,single,512,123,test,Rwanda,2025,12,unchanged,0.64126,0.04004,0.31869
ModernBERT-base,current,single,512,123,dev,Uganda,2025,1,unchanged,0.99362,0.00065,0.00573
ModernBERT-base,current,single,512,123,dev,Uganda,2025,2,unchanged,0.99694,0.00075,0.0023
ModernBERT-base,current,single,512,123,dev,Uganda,2025,2,unchanged,0.99668,0.00081,0.00251
ModernBERT-base,current,single,512,123,dev,Uganda,2025,3,unchanged,0.97765,0.00321,0.01914
ModernBERT-base,current,single,512,123,test,Uganda,2025,7,unchanged,0.02377,0.97194,0.00429
ModernBERT-base,current,single,512,123,test,Uganda,2025,10,unchanged,0.99552,0.00051,0.00397
ModernBERT-base,current,single,512,123,dev,Eritrea,2025,1,unchanged,0.99943,0.00012,0.00045
ModernBERT-base,current,single,512,123,dev,Eritrea,2025,2,unchanged,0.99689,0.00042,0.00269
ModernBERT-base,current,single,512,123,dev,Eritrea,2025,2,unchanged,0.99689,0.00042,0.00269
ModernBERT-base,current,single,512,123,test,Eritrea,2025,7,unchanged,0.9972,0.00035,0.00245
ModernBERT-base,current,single,512,123,test,Eritrea,2025,10,unchanged,0.9571,0.00277,0.04013
ModernBERT-base,current,single,512,123,test,Eritrea,2025,12,unchanged,0.99824,0.00021,0.00155
ModernBERT-base,current,single,512,123,dev,Ethiopia,2025,1,unchanged,0.99842,0.00024,0.00135
ModernBERT-base,current,single,512,123,dev,Ethiopia,2025,2,unchanged,0.99674,0.00049,0.00278
ModernBERT-base,current,single,512,123,dev,Ethiopia,2025,2,unchanged,0.99692,0.00045,0.00263
ModernBERT-base,current,single,512,123,test,Ethiopia,2025,7,unchanged,0.99576,0.00062,0.00362
ModernBERT-base,current,single,512,123,test,Ethiopia,2025,10,unchanged,0.00032,0.99963,5e-05
ModernBERT-base,current,single,512,123,test,Ethiopia,2025,12,deteriorated,6e-05,0.99993,1e-05
ModernBERT-base,current,single,512,123,test,Nile Waters,2025,7,unchanged,0.99882,0.00017,0.00101
ModernBERT-base,current,single,512,123,test,Nile Waters,2025,10,unchanged,0.02363,0.97368,0.00269
ModernBERT-base,current,single,512,123,test,Nile Waters,2025,12,unchanged,0.98569,0.00121,0.01311
ModernBERT-base,current,single,512,123,dev,Somalia,2025,1,unchanged,0.99779,0.00033,0.00188
ModernBERT-base,current,single,512,123,dev,Somalia,2025,2,unchanged,0.99826,0.00031,0.00142
ModernBERT-base,current,single,512,123,dev,Somalia,2025,2,unchanged,0.99801,0.00035,0.00164
ModernBERT-base,current,single,512,123,dev,Somalia,2025,3,unchanged,0.99862,0.00024,0.00114
ModernBERT-base,current,single,512,123,test,Somalia,2025,7,deteriorated,0.39623,0.54476,0.05901
ModernBERT-base,current,single,512,123,test,Somalia,2025,10,unchanged,0.98751,0.00077,0.01172
ModernBERT-base,current,single,512,123,test,Somalia,2025,12,unchanged,0.49355,0.07932,0.42713
ModernBERT-base,current,single,512,123,dev,Somaliland,2025,1,unchanged,0.99897,0.00018,0.00086
ModernBERT-base,current,single,512,123,dev,Somaliland,2025,2,unchanged,0.9946,0.00038,0.00502
ModernBERT-base,current,single,512,123,dev,Somaliland,2025,2,unchanged,0.99396,0.0004,0.00564
ModernBERT-base,current,single,512,123,dev,Somaliland,2025,3,unchanged,0.98215,0.00141,0.01644
ModernBERT-base,current,single,512,123,test,Somaliland,2025,7,unchanged,0.99905,0.00014,0.00082
ModernBERT-base,current,single,512,123,test,Somaliland,2025,10,unchanged,0.97711,0.00142,0.02146
ModernBERT-base,current,single,512,123,test,Somaliland,2025,12,unchanged,0.44729,0.45969,0.09303
ModernBERT-base,current,single,512,123,dev,South Sudan,2025,1,unchanged,0.98876,0.00064,0.0106
ModernBERT-base,current,single,512,123,dev,South Sudan,2025,2,unchanged,0.99688,0.00053,0.00259
ModernBERT-base,current,single,512,123,dev,South Sudan,2025,2,unchanged,0.99732,0.00045,0.00223
ModernBERT-base,current,single,512,123,test,South Sudan,2025,7,unchanged,0.99875,0.00026,0.00098
ModernBERT-base,current,single,512,123,test,South Sudan,2025,10,unchanged,0.98309,0.00102,0.01589
ModernBERT-base,current,single,512,123,test,South Sudan,2025,12,unchanged,0.99283,0.00063,0.00653
ModernBERT-base,current,single,512,123,dev,Sudan,2025,2,deteriorated,0.00586,0.99341,0.00073
ModernBERT-base,current,single,512,123,dev,Sudan,2025,2,deteriorated,0.00131,0.99849,0.00019
ModernBERT-base,current,single,512,123,dev,Sudan,2025,3,unchanged,0.00068,0.99921,0.00011
ModernBERT-base,current,single,512,123,test,Sudan,2025,7,unchanged,0.01844,0.97945,0.00211
ModernBERT-base,current,single,512,123,test,Sudan,2025,12,unchanged,0.94259,0.00465,0.05276
ModernBERT-base,current,single,512,123,dev,Burkina Faso,2025,1,unchanged,0.99832,0.00033,0.00135
ModernBERT-base,current,single,512,123,dev,Burkina Faso,2025,2,unchanged,0.99857,0.00031,0.00112
ModernBERT-base,current,single,512,123,dev,Burkina Faso,2025,2,unchanged,0.99857,0.00031,0.00112
ModernBERT-base,current,single,512,123,dev,Burkina Faso,2025,3,deteriorated,7e-05,0.99991,2e-05
ModernBERT-base,current,single,512,123,test,Burkina Faso,2025,7,unchanged,0.00015,0.99983,3e-05
ModernBERT-base,current,single,512,123,test,Burkina Faso,2025,10,unchanged,0.99753,0.00053,0.00194
ModernBERT-base,current,single,512,123,test,Burkina Faso,2025,12,unchanged,0.97416,0.00424,0.02161
ModernBERT-base,current,single,512,123,dev,Guinea,2025,1,unchanged,0.99614,0.00038,0.00348
ModernBERT-base,current,single,512,123,dev,Guinea,2025,2,unchanged,0.99847,0.00019,0.00134
ModernBERT-base,current,single,512,123,dev,Guinea,2025,2,unchanged,0.99841,0.0002,0.00139
ModernBERT-base,current,single,512,123,dev,Guinea,2025,3,unchanged,0.999,0.00022,0.00078
ModernBERT-base,current,single,512,123,test,Guinea,2025,7,unchanged,0.99634,0.00029,0.00338
ModernBERT-base,current,single,512,123,test,Guinea,2025,10,unchanged,0.99852,0.00024,0.00124
ModernBERT-base,current,single,512,123,test,Guinea,2025,12,unchanged,0.92397,0.00541,0.07063
ModernBERT-base,current,single,512,123,dev,Nigeria,2025,1,unchanged,0.99889,0.0002,0.00091
ModernBERT-base,current,single,512,123,dev,Nigeria,2025,2,unchanged,0.99911,0.00019,0.00071
ModernBERT-base,current,single,512,123,dev,Nigeria,2025,2,unchanged,0.99917,0.00017,0.00066
ModernBERT-base,current,single,512,123,dev,Nigeria,2025,3,unchanged,0.99658,0.00039,0.00303
ModernBERT-base,current,single,512,123,test,Nigeria,2025,7,unchanged,0.99466,0.0007,0.00464
ModernBERT-base,current,single,512,123,test,Nigeria,2025,10,unchanged,0.99709,0.00034,0.00257
ModernBERT-base,current,single,512,123,test,Nigeria,2025,12,unchanged,0.99835,0.00029,0.00136
ModernBERT-base,current,single,512,123,dev,Senegal,2025,2,unchanged,0.97094,0.00125,0.02781
ModernBERT-base,current,single,512,123,dev,Senegal,2025,2,unchanged,0.97069,0.00129,0.02802
ModernBERT-base,current,single,512,123,dev,Kosovo,2025,1,unchanged,0.99646,0.00042,0.00312
ModernBERT-base,current,single,512,123,dev,Kosovo,2025,2,unchanged,0.98299,0.00087,0.01614
ModernBERT-base,current,single,512,123,dev,Kosovo,2025,3,unchanged,0.99761,0.00022,0.00217
ModernBERT-base,current,single,512,123,test,Kosovo,2025,7,unchanged,0.96191,0.00581,0.03228
ModernBERT-base,current,single,512,123,test,Kosovo,2025,10,unchanged,0.93761,0.00441,0.05798
ModernBERT-base,current,single,512,123,test,Kosovo,2025,12,unchanged,0.59238,0.0808,0.32682
ModernBERT-base,current,single,512,123,test,Kosovo,2026,3,unchanged,0.93807,0.0028,0.05913
ModernBERT-base,current,single,512,123,dev,Armenia,2025,1,unchanged,0.99137,0.0006,0.00803
ModernBERT-base,current,single,512,123,dev,Armenia,2025,2,unchanged,0.99898,0.00025,0.00077
ModernBERT-base,current,single,512,123,dev,Armenia,2025,3,unchanged,0.95026,0.0028,0.04694
ModernBERT-base,current,single,512,123,test,Armenia,2025,7,unchanged,0.99409,0.0004,0.00551
ModernBERT-base,current,single,512,123,test,Armenia,2025,10,unchanged,0.99652,0.00029,0.0032
ModernBERT-base,current,single,512,123,test,Armenia,2025,12,unchanged,0.98784,0.00057,0.01159
ModernBERT-base,current,single,512,123,test,Armenia,2026,3,unchanged,0.96627,0.00255,0.03118
ModernBERT-base,current,single,512,123,dev,Azerbaijan,2025,1,unchanged,0.99632,0.00036,0.00332
ModernBERT-base,current,single,512,123,dev,Azerbaijan,2025,2,unchanged,0.99908,0.00028,0.00065
ModernBERT-base,current,single,512,123,dev,Azerbaijan,2025,3,unchanged,0.95812,0.00241,0.03947
ModernBERT-base,current,single,512,123,test,Azerbaijan,2025,7,unchanged,0.99451,0.00044,0.00506
ModernBERT-base,current,single,512,123,test,Azerbaijan,2025,10,unchanged,0.99802,0.00021,0.00177
ModernBERT-base,current,single,512,123,test,Azerbaijan,2025,12,unchanged,0.99019,0.00044,0.00937
ModernBERT-base,current,single,512,123,test,Azerbaijan,2026,3,unchanged,0.46614,0.48094,0.05292
ModernBERT-base,current,single,512,123,dev,Georgia,2025,1,unchanged,0.99775,0.00042,0.00184
ModernBERT-base,current,single,512,123,dev,Georgia,2025,2,unchanged,0.99678,0.00038,0.00284
ModernBERT-base,current,single,512,123,dev,Georgia,2025,3,unchanged,0.99808,0.00027,0.00165
ModernBERT-base,current,single,512,123,test,Georgia,2025,7,unchanged,0.92235,0.01057,0.06708
ModernBERT-base,current,single,512,123,test,Georgia,2025,10,unchanged,0.87944,0.01065,0.10991
ModernBERT-base,current,single,512,123,test,Georgia,2025,12,unchanged,0.99366,0.00048,0.00586
ModernBERT-base,current,single,512,123,test,Georgia,2026,3,unchanged,0.98346,0.0019,0.01464
ModernBERT-base,current,single,512,123,dev,Belarus,2025,1,unchanged,0.94387,0.01514,0.04099
ModernBERT-base,current,single,512,123,dev,Belarus,2025,2,unchanged,0.99896,0.0003,0.00074
ModernBERT-base,current,single,512,123,dev,Belarus,2025,3,unchanged,0.99872,0.00015,0.00113
ModernBERT-base,current,single,512,123,test,Belarus,2025,7,unchanged,0.99833,0.00023,0.00144
ModernBERT-base,current,single,512,123,test,Belarus,2025,10,unchanged,0.99851,0.00023,0.00126
ModernBERT-base,current,single,512,123,test,Belarus,2025,12,unchanged,0.99762,0.0003,0.00208
ModernBERT-base,current,single,512,123,test,Belarus,2026,3,unchanged,0.99832,0.00018,0.0015
ModernBERT-base,current,single,512,123,dev,Ukraine,2025,1,unchanged,0.99869,0.00024,0.00106
ModernBERT-base,current,single,512,123,dev,Ukraine,2025,2,unchanged,0.99867,0.00019,0.00113
ModernBERT-base,current,single,512,123,dev,Ukraine,2025,3,unchanged,0.98423,0.00083,0.01494
ModernBERT-base,current,single,512,123,test,Ukraine,2025,12,unchanged,0.99738,0.00037,0.00225
ModernBERT-base,current,single,512,123,test,Ukraine,2026,3,unchanged,0.99756,0.00049,0.00194
ModernBERT-base,current,single,512,123,dev,Cyprus,2025,1,unchanged,0.99558,0.00032,0.0041
ModernBERT-base,current,single,512,123,dev,Cyprus,2025,2,unchanged,0.99915,0.00015,0.0007
ModernBERT-base,current,single,512,123,dev,Cyprus,2025,3,unchanged,0.99763,0.00021,0.00217
ModernBERT-base,current,single,512,123,test,Cyprus,2025,7,unchanged,0.99897,0.00015,0.00088
ModernBERT-base,current,single,512,123,test,Cyprus,2025,10,unchanged,0.99759,0.00029,0.00212
ModernBERT-base,current,single,512,123,test,Cyprus,2025,12,unchanged,0.99826,0.00024,0.0015
ModernBERT-base,current,single,512,123,test,Cyprus,2026,3,unchanged,0.98964,0.00099,0.00937
ModernBERT-base,current,single,512,123,dev,Türkiye,2025,1,unchanged,0.99875,0.00025,0.001
ModernBERT-base,current,single,512,123,dev,Türkiye,2025,3,deteriorated,0.98769,0.00094,0.01136
ModernBERT-base,current,single,512,123,test,Türkiye,2025,7,improved,0.99207,0.00067,0.00726
ModernBERT-base,current,single,512,123,test,Türkiye,2025,10,unchanged,0.99829,0.00018,0.00152
ModernBERT-base,current,single,512,123,test,Türkiye,2025,12,unchanged,0.998,0.00023,0.00177
ModernBERT-base,current,single,512,123,test,Türkiye,2026,3,unchanged,0.99702,0.00037,0.00261
ModernBERT-base,current,single,512,123,dev,Kyrgyzstan,2025,1,unchanged,0.99857,0.00024,0.0012
ModernBERT-base,current,single,512,123,dev,Kyrgyzstan,2025,2,unchanged,0.99779,0.00021,0.002
ModernBERT-base,current,single,512,123,dev,Kyrgyzstan,2025,3,improved,0.99457,0.00042,0.00502
ModernBERT-base,current,single,512,123,test,Kyrgyzstan,2025,7,unchanged,0.99856,0.00028,0.00116
ModernBERT-base,current,single,512,123,test,Kyrgyzstan,2025,10,unchanged,0.99824,0.00022,0.00154
ModernBERT-base,current,single,512,123,test,Kyrgyzstan,2025,12,unchanged,0.99835,0.00018,0.00148
ModernBERT-base,current,single,512,123,test,Kyrgyzstan,2026,3,unchanged,0.99079,0.0009,0.00831
ModernBERT-base,current,single,512,123,dev,Tajikistan,2025,1,unchanged,0.99039,0.0007,0.00891
ModernBERT-base,current,single,512,123,dev,Tajikistan,2025,2,unchanged,0.94701,0.00358,0.04941
ModernBERT-base,current,single,512,123,dev,Tajikistan,2025,3,improved,0.99281,0.00052,0.00666
ModernBERT-base,current,single,512,123,test,Tajikistan,2025,7,unchanged,0.99541,0.00052,0.00407
ModernBERT-base,current,single,512,123,test,Tajikistan,2025,10,unchanged,0.99906,0.00011,0.00083
ModernBERT-base,current,single,512,123,test,Tajikistan,2025,12,unchanged,0.95632,0.00436,0.03932
ModernBERT-base,current,single,512,123,test,Tajikistan,2026,3,unchanged,0.99849,0.00017,0.00134
ModernBERT-base,current,single,512,123,dev,Uzbekistan,2025,1,unchanged,0.99837,0.00022,0.00141
ModernBERT-base,current,single,512,123,dev,Uzbekistan,2025,2,unchanged,0.99919,0.00013,0.00069
ModernBERT-base,current,single,512,123,dev,Uzbekistan,2025,3,unchanged,0.99799,0.00022,0.0018
ModernBERT-base,current,single,512,123,test,Uzbekistan,2025,7,unchanged,0.99885,0.00016,0.00099
ModernBERT-base,current,single,512,123,test,Uzbekistan,2025,10,unchanged,0.99888,0.00018,0.00095
ModernBERT-base,current,single,512,123,test,Uzbekistan,2025,12,unchanged,0.9993,0.0001,0.0006
ModernBERT-base,current,single,512,123,test,Uzbekistan,2026,3,unchanged,0.9963,0.00033,0.00338
ModernBERT-base,current,single,512,123,dev,Lebanon,2025,1,unchanged,0.99681,0.00046,0.00273
ModernBERT-base,current,single,512,123,dev,Lebanon,2025,2,unchanged,0.99685,0.00046,0.00269
ModernBERT-base,current,single,512,123,dev,Lebanon,2025,3,unchanged,0.00022,0.99974,4e-05
ModernBERT-base,current,single,512,123,test,Lebanon,2025,6,unchanged,0.99799,0.00028,0.00173
ModernBERT-base,current,single,512,123,test,Lebanon,2025,6,unchanged,0.99799,0.00028,0.00173
ModernBERT-base,current,single,512,123,test,Lebanon,2025,7,unchanged,0.99681,0.00044,0.00276
ModernBERT-base,current,single,512,123,test,Lebanon,2025,10,unchanged,0.96302,0.00224,0.03474
ModernBERT-base,current,single,512,123,test,Lebanon,2025,12,unchanged,0.99848,0.00026,0.00125
ModernBERT-base,current,single,512,123,dev,Syria,2025,1,unchanged,0.99804,0.00032,0.00164
ModernBERT-base,current,single,512,123,dev,Syria,2025,2,unchanged,0.99884,0.00026,0.0009
ModernBERT-base,current,single,512,123,dev,Syria,2025,3,deteriorated,0.00247,0.99725,0.00028
ModernBERT-base,current,single,512,123,test,Syria,2025,6,deteriorated,0.00746,0.99193,0.00061
ModernBERT-base,current,single,512,123,test,Syria,2025,6,deteriorated,0.00746,0.99193,0.00061
ModernBERT-base,current,single,512,123,test,Syria,2025,7,deteriorated,0.00031,0.99963,6e-05
ModernBERT-base,current,single,512,123,test,Syria,2025,10,improved,0.75048,0.01521,0.23431
ModernBERT-base,current,single,512,123,test,Syria,2025,12,deteriorated,3e-05,0.99997,1e-05
ModernBERT-base,current,single,512,123,dev,Iran,2025,1,unchanged,0.99832,0.00031,0.00137
ModernBERT-base,current,single,512,123,dev,Iran,2025,2,unchanged,0.99307,0.00074,0.00619
ModernBERT-base,current,single,512,123,dev,Iran,2025,3,unchanged,0.96544,0.00267,0.03189
ModernBERT-base,current,single,512,123,test,Iran,2025,7,unchanged,0.99514,0.0006,0.00426
ModernBERT-base,current,single,512,123,test,Iran,2025,10,unchanged,0.99639,0.00046,0.00315
ModernBERT-base,current,single,512,123,test,Iran,2025,12,deteriorated,0.79628,0.17236,0.03136
ModernBERT-base,current,single,512,123,dev,Iraq,2025,1,unchanged,0.99791,0.00031,0.00178
ModernBERT-base,current,single,512,123,dev,Iraq,2025,2,unchanged,0.99776,0.0003,0.00194
ModernBERT-base,current,single,512,123,dev,Iraq,2025,3,unchanged,0.99567,0.00065,0.00368
ModernBERT-base,current,single,512,123,test,Iraq,2025,6,unchanged,0.99478,0.00061,0.00461
ModernBERT-base,current,single,512,123,test,Iraq,2025,6,unchanged,0.99478,0.00061,0.00461
ModernBERT-base,current,single,512,123,test,Iraq,2025,7,unchanged,0.96745,0.00205,0.0305
ModernBERT-base,current,single,512,123,test,Iraq,2025,10,unchanged,0.99464,0.00049,0.00487
ModernBERT-base,current,single,512,123,test,Iraq,2025,12,unchanged,0.9979,0.00031,0.00178
ModernBERT-base,current,single,512,123,dev,Saudi Arabia,2025,1,unchanged,0.9947,0.00036,0.00494
ModernBERT-base,current,single,512,123,dev,Saudi Arabia,2025,2,unchanged,0.99756,0.00027,0.00217
ModernBERT-base,current,single,512,123,dev,Saudi Arabia,2025,3,unchanged,0.99892,0.00016,0.00092
ModernBERT-base,current,single,512,123,test,Saudi Arabia,2025,6,unchanged,0.99722,0.00047,0.0023
ModernBERT-base,current,single,512,123,test,Saudi Arabia,2025,6,unchanged,0.99722,0.00047,0.0023
ModernBERT-base,current,single,512,123,test,Saudi Arabia,2025,7,unchanged,0.99914,0.00017,0.00069
ModernBERT-base,current,single,512,123,test,Saudi Arabia,2025,10,unchanged,0.98847,0.00076,0.01077
ModernBERT-base,current,single,512,123,test,Saudi Arabia,2025,12,unchanged,0.67624,0.0792,0.24456
ModernBERT-base,current,single,512,123,test,Yemen,2025,6,unchanged,0.99654,0.0005,0.00296
ModernBERT-base,current,single,512,123,test,Yemen,2025,6,unchanged,0.99654,0.0005,0.00296
ModernBERT-base,current,single,512,123,test,Yemen,2025,7,deteriorated,0.95351,0.00493,0.04157
ModernBERT-base,current,single,512,123,dev,Algeria,2025,1,unchanged,0.99911,0.00019,0.00071
ModernBERT-base,current,single,512,123,dev,Algeria,2025,2,unchanged,0.63598,0.34175,0.02228
ModernBERT-base,current,single,512,123,dev,Algeria,2025,3,unchanged,0.99901,0.00018,0.0008
ModernBERT-base,current,single,512,123,test,Algeria,2025,6,unchanged,0.99917,0.00019,0.00064
ModernBERT-base,current,single,512,123,test,Algeria,2025,6,unchanged,0.99917,0.00019,0.00064
ModernBERT-base,current,single,512,123,test,Algeria,2025,7,unchanged,0.99894,0.00016,0.0009
ModernBERT-base,current,single,512,123,test,Algeria,2025,10,unchanged,0.98645,0.00165,0.0119
ModernBERT-base,current,single,512,123,test,Algeria,2025,12,unchanged,0.9516,0.02439,0.02401
ModernBERT-base,current,single,512,123,dev,Egypt,2025,1,unchanged,0.999,0.00016,0.00084
ModernBERT-base,current,single,512,123,dev,Egypt,2025,2,unchanged,0.99871,0.00021,0.00108
ModernBERT-base,current,single,512,123,dev,Egypt,2025,3,unchanged,0.99827,0.00019,0.00154
ModernBERT-base,current,single,512,123,test,Egypt,2025,6,unchanged,0.99877,0.0002,0.00102
ModernBERT-base,current,single,512,123,test,Egypt,2025,6,unchanged,0.99877,0.0002,0.00102
ModernBERT-base,current,single,512,123,test,Egypt,2025,7,unchanged,0.99649,0.00034,0.00317
ModernBERT-base,current,single,512,123,test,Egypt,2025,10,unchanged,0.99408,0.00045,0.00547
ModernBERT-base,current,single,512,123,test,Egypt,2025,12,unchanged,0.99876,0.00024,0.001
ModernBERT-base,current,single,512,123,dev,Libya,2025,1,unchanged,0.99866,0.00025,0.00109
ModernBERT-base,current,single,512,123,dev,Libya,2025,2,unchanged,0.99868,0.00019,0.00113
ModernBERT-base,current,single,512,123,dev,Libya,2025,3,unchanged,0.99681,0.00042,0.00278
ModernBERT-base,current,single,512,123,test,Libya,2025,6,unchanged,0.99605,0.00058,0.00337
ModernBERT-base,current,single,512,123,test,Libya,2025,6,unchanged,0.99605,0.00058,0.00337
ModernBERT-base,current,single,512,123,test,Libya,2025,7,unchanged,0.99867,0.00026,0.00106
ModernBERT-base,current,single,512,123,test,Libya,2025,10,unchanged,0.99538,0.00039,0.00423
ModernBERT-base,current,single,512,123,test,Libya,2025,12,unchanged,0.96741,0.00222,0.03038
ModernBERT-base,current,single,512,123,dev,Tunisia,2025,1,unchanged,0.9948,0.00059,0.00461
ModernBERT-base,current,single,512,123,dev,Tunisia,2025,2,unchanged,0.9966,0.00042,0.00298
ModernBERT-base,current,single,512,123,dev,Tunisia,2025,3,unchanged,0.99776,0.00027,0.00197
ModernBERT-base,current,single,512,123,test,Tunisia,2025,6,unchanged,0.99851,0.00023,0.00126
ModernBERT-base,current,single,512,123,test,Tunisia,2025,6,unchanged,0.99851,0.00023,0.00126
ModernBERT-base,current,single,512,123,test,Tunisia,2025,7,unchanged,0.99693,0.00031,0.00276
ModernBERT-base,current,single,512,123,test,Tunisia,2025,10,unchanged,0.56445,0.41296,0.02258
ModernBERT-base,current,single,512,123,test,Tunisia,2025,12,unchanged,0.99855,0.00023,0.00123
ModernBERT-base,current,single,512,123,dev,Western Sahara,2025,1,unchanged,0.97528,0.00292,0.0218
ModernBERT-base,current,single,512,123,dev,Western Sahara,2025,2,unchanged,0.99745,0.00028,0.00227
ModernBERT-base,current,single,512,123,dev,Western Sahara,2025,3,unchanged,0.99885,0.00014,0.00101
ModernBERT-base,current,single,512,123,test,Western Sahara,2025,6,unchanged,0.99913,0.0002,0.00068
ModernBERT-base,current,single,512,123,test,Western Sahara,2025,6,unchanged,0.99913,0.0002,0.00068
ModernBERT-base,current,single,512,123,test,Western Sahara,2025,7,unchanged,0.99898,0.00025,0.00078
ModernBERT-base,current,single,512,123,test,Western Sahara,2025,10,unchanged,0.99039,0.00059,0.00901
ModernBERT-base,current,single,512,123,test,Western Sahara,2025,12,unchanged,0.99877,0.00014,0.00109
ModernBERT-base,current,single,512,123,dev,Central African Republic,2025,1,unchanged,0.9989,0.00024,0.00086
ModernBERT-base,current,single,512,123,dev,Central African Republic,2025,2,unchanged,0.99804,0.00041,0.00155
ModernBERT-base,current,single,512,123,dev,Central African Republic,2025,2,unchanged,0.99811,0.00039,0.0015
ModernBERT-base,current,single,512,123,dev,Central African Republic,2025,3,unchanged,0.99835,0.00024,0.00141
ModernBERT-base,current,single,512,123,test,Central African Republic,2025,7,unchanged,0.99684,0.00032,0.00284
ModernBERT-base,current,single,512,123,test,Central African Republic,2025,10,unchanged,0.99846,0.00019,0.00136
ModernBERT-base,current,single,512,123,dev,Mali,2025,1,unchanged,0.99803,0.00058,0.00139
ModernBERT-base,current,single,512,123,dev,Mali,2025,2,unchanged,0.99857,0.00031,0.00112
ModernBERT-base,current,single,512,123,dev,Mali,2025,2,unchanged,0.99846,0.00033,0.00121
ModernBERT-base,current,single,512,123,dev,Mali,2025,3,unchanged,0.99882,0.00025,0.00093
ModernBERT-base,current,single,512,123,test,Mali,2025,7,deteriorated,0.13714,0.84463,0.01823
ModernBERT-base,current,single,512,123,test,Mali,2025,12,unchanged,0.98261,0.00157,0.01582
ModernBERT-base,current,single,512,123,dev,Niger,2025,1,unchanged,0.99885,0.00032,0.00083
ModernBERT-base,current,single,512,123,dev,Niger,2025,2,unchanged,0.99784,0.00031,0.00185
ModernBERT-base,current,single,512,123,dev,Niger,2025,2,unchanged,0.99801,0.00028,0.00171
ModernBERT-base,current,single,512,123,dev,Niger,2025,3,deteriorated,0.99632,0.00038,0.0033
ModernBERT-base,current,single,512,123,test,Niger,2025,7,unchanged,0.99915,0.00015,0.0007
ModernBERT-base,current,single,512,123,test,Niger,2025,10,unchanged,0.99469,0.00056,0.00475
ModernBERT-base,current,single,512,123,test,Niger,2025,12,unchanged,0.99921,0.00016,0.00063
ModernBERT-base,current,single,512,123,dev,Benin,2025,1,deteriorated,0.4576,0.51449,0.02791
ModernBERT-base,current,single,512,123,dev,Benin,2025,2,unchanged,0.99875,0.00035,0.0009
ModernBERT-base,current,single,512,123,dev,Benin,2025,2,unchanged,0.99883,0.00033,0.00084
ModernBERT-base,current,single,512,123,dev,Benin,2025,3,unchanged,0.99898,0.00014,0.00088
ModernBERT-base,current,single,512,123,test,Benin,2025,7,unchanged,0.99703,0.00031,0.00265
ModernBERT-base,current,single,512,123,test,Benin,2025,10,unchanged,0.99495,0.00062,0.00443
ModernBERT-base,current,single,512,123,test,Benin,2025,12,deteriorated,0.00261,0.99709,0.0003
ModernBERT-base,current,single,512,123,dev,Moldova,2025,1,deteriorated,0.76136,0.10425,0.13439
ModernBERT-base,current,single,512,123,dev,Moldova,2025,2,unchanged,0.99708,0.00035,0.00257
ModernBERT-base,current,single,512,123,test,Moldova,2026,3,unchanged,0.99041,0.00109,0.0085
ModernBERT-base,current,single,512,123,test,Israel/Palestine,2025,12,unchanged,0.99841,0.00026,0.00132
ModernBERT-base,current,single,512,123,dev,Colombia,2025,2,unchanged,0.99221,0.00059,0.0072
ModernBERT-base,current,single,512,123,dev,Colombia,2025,3,unchanged,0.99714,0.00031,0.00255
ModernBERT-base,current,single,512,123,test,Colombia,2025,7,unchanged,0.92409,0.00558,0.07033
ModernBERT-base,current,single,512,123,test,Colombia,2025,10,deteriorated,0.99579,0.00039,0.00382
ModernBERT-base,current,single,512,123,test,Colombia,2025,12,unchanged,0.94059,0.00614,0.05327
ModernBERT-base,current,single,512,123,dev,Ecuador,2025,1,deteriorated,0.00056,0.99936,8e-05
ModernBERT-base,current,single,512,123,dev,Ecuador,2025,2,unchanged,0.9853,0.00081,0.01389
ModernBERT-base,current,single,512,123,dev,Ecuador,2025,3,unchanged,0.99882,0.00026,0.00093
ModernBERT-base,current,single,512,123,test,Ecuador,2025,7,unchanged,0.99901,0.00021,0.00078
ModernBERT-base,current,single,512,123,test,Ecuador,2025,10,unchanged,0.99599,0.00053,0.00348
ModernBERT-base,current,single,512,123,test,Ecuador,2025,12,unchanged,0.99829,0.00023,0.00148
ModernBERT-base,current,single,512,123,dev,Venezuela,2025,1,unchanged,0.99088,0.00061,0.00851
ModernBERT-base,current,single,512,123,dev,Venezuela,2025,2,unchanged,0.99438,0.00049,0.00514
ModernBERT-base,current,single,512,123,dev,Venezuela,2025,3,unchanged,0.99811,0.00024,0.00165
ModernBERT-base,current,single,512,123,test,Venezuela,2025,7,unchanged,0.99623,0.00044,0.00332
ModernBERT-base,current,single,512,123,dev,El Salvador,2025,1,unchanged,0.97119,0.00137,0.02744
ModernBERT-base,current,single,512,123,dev,El Salvador,2025,2,unchanged,0.99853,0.00017,0.00129
ModernBERT-base,current,single,512,123,dev,El Salvador,2025,3,unchanged,0.99911,0.00017,0.00072
ModernBERT-base,current,single,512,123,test,El Salvador,2025,7,deteriorated,0.99729,0.0003,0.00241
ModernBERT-base,current,single,512,123,test,El Salvador,2025,10,unchanged,0.99931,0.00013,0.00056
ModernBERT-base,current,single,512,123,test,El Salvador,2025,12,unchanged,0.99891,0.00017,0.00092
ModernBERT-base,current,single,512,123,test,Honduras,2025,12,deteriorated,0.91578,0.00405,0.08018
ModernBERT-base,current,single,512,123,dev,Mexico,2025,1,unchanged,0.99894,0.00018,0.00088
ModernBERT-base,current,single,512,123,dev,Mexico,2025,2,unchanged,0.99866,0.00022,0.00112
ModernBERT-base,current,single,512,123,dev,Mexico,2025,3,unchanged,0.99668,0.00056,0.00276
ModernBERT-base,current,single,512,123,test,Mexico,2025,7,unchanged,0.99885,0.00028,0.00087
ModernBERT-base,current,single,512,123,test,Mexico,2025,10,unchanged,0.98376,0.00165,0.01459
ModernBERT-base,current,single,512,123,test,Mexico,2025,12,unchanged,0.99742,0.00035,0.00223
ModernBERT-base,current,single,512,123,dev,Nicaragua,2025,1,unchanged,0.98733,0.00081,0.01186
ModernBERT-base,current,single,512,123,dev,Nicaragua,2025,2,deteriorated,0.98348,0.00165,0.01488
ModernBERT-base,current,single,512,123,dev,Nicaragua,2025,3,unchanged,0.9994,0.0001,0.0005
ModernBERT-base,current,single,512,123,test,Nicaragua,2025,7,unchanged,0.99787,0.0003,0.00182
ModernBERT-base,current,single,512,123,test,Nicaragua,2025,10,unchanged,0.9992,0.00014,0.00066
ModernBERT-base,current,single,512,123,test,Nicaragua,2025,12,unchanged,0.9992,0.00013,0.00067
ModernBERT-base,current,single,512,123,dev,Haiti,2025,1,unchanged,0.99586,0.00032,0.00382
ModernBERT-base,current,single,512,123,dev,Haiti,2025,2,unchanged,0.99799,0.0005,0.00151
ModernBERT-base,current,single,512,123,dev,Haiti,2025,3,deteriorated,0.86457,0.01038,0.12504
ModernBERT-base,current,single,512,123,test,Haiti,2025,7,unchanged,0.99079,0.00084,0.00837
ModernBERT-base,current,single,512,123,test,Haiti,2025,10,unchanged,0.97153,0.00197,0.0265
ModernBERT-base,current,single,512,123,test,Haiti,2025,12,unchanged,0.98883,0.00109,0.01008
ModernBERT-base,current,single,512,123,dev,China/Japan,2025,1,unchanged,0.99935,0.00013,0.00053
ModernBERT-base,current,single,512,123,dev,China/Japan,2025,2,unchanged,0.9992,0.00019,0.00062
ModernBERT-base,current,single,512,123,dev,China/Japan,2025,3,unchanged,0.99911,0.00018,0.00071
ModernBERT-base,current,single,512,123,test,China/Japan,2025,6,unchanged,0.99873,0.00027,0.001
ModernBERT-base,current,single,512,123,test,China/Japan,2025,6,unchanged,0.99873,0.00027,0.001
ModernBERT-base,current,single,512,123,test,China/Japan,2025,7,unchanged,0.99926,0.00017,0.00057
ModernBERT-base,current,single,512,123,test,China/Japan,2025,7,unchanged,0.99926,0.00017,0.00057
ModernBERT-base,current,single,512,123,test,China/Japan,2025,10,unchanged,0.99923,0.00016,0.00062
ModernBERT-base,current,single,512,123,test,China/Japan,2025,12,unchanged,0.99719,0.00053,0.00229
ModernBERT-base,current,single,512,123,dev,Korean Peninsula,2025,1,unchanged,0.99786,0.00026,0.00188
ModernBERT-base,current,single,512,123,dev,Korean Peninsula,2025,2,unchanged,0.95857,0.003,0.03842
ModernBERT-base,current,single,512,123,dev,Korean Peninsula,2025,3,unchanged,0.99825,0.00029,0.00145
ModernBERT-base,current,single,512,123,test,Korean Peninsula,2025,6,unchanged,0.97934,0.00157,0.01909
ModernBERT-base,current,single,512,123,test,Korean Peninsula,2025,6,unchanged,0.97934,0.00157,0.01909
ModernBERT-base,current,single,512,123,test,Korean Peninsula,2025,7,unchanged,0.99767,0.00028,0.00205
ModernBERT-base,current,single,512,123,test,Korean Peninsula,2025,7,unchanged,0.99767,0.00028,0.00205
ModernBERT-base,current,single,512,123,test,Korean Peninsula,2025,10,unchanged,0.99582,0.00047,0.00371
ModernBERT-base,current,single,512,123,test,Korean Peninsula,2025,12,unchanged,0.99623,0.00039,0.00338
ModernBERT-base,current,single,512,123,dev,Taiwan Strait,2025,1,unchanged,0.99748,0.00033,0.00218
ModernBERT-base,current,single,512,123,dev,Taiwan Strait,2025,2,unchanged,0.99634,0.00069,0.00298
ModernBERT-base,current,single,512,123,dev,Taiwan Strait,2025,3,unchanged,0.99821,0.00024,0.00155
ModernBERT-base,current,single,512,123,test,Taiwan Strait,2025,6,unchanged,0.9989,0.00023,0.00087
ModernBERT-base,current,single,512,123,test,Taiwan Strait,2025,6,unchanged,0.9989,0.00023,0.00087
ModernBERT-base,current,single,512,123,test,Taiwan Strait,2025,7,unchanged,0.99906,0.00019,0.00074
ModernBERT-base,current,single,512,123,test,Taiwan Strait,2025,7,unchanged,0.99906,0.00019,0.00074
ModernBERT-base,current,single,512,123,test,Taiwan Strait,2025,10,unchanged,0.99637,0.00036,0.00327
ModernBERT-base,current,single,512,123,test,Taiwan Strait,2025,12,deteriorated,0.87636,0.05473,0.06891
ModernBERT-base,current,single,512,123,dev,Afghanistan,2025,1,unchanged,0.99888,0.00026,0.00086
ModernBERT-base,current,single,512,123,dev,Afghanistan,2025,2,unchanged,0.99608,0.00057,0.00335
ModernBERT-base,current,single,512,123,dev,Afghanistan,2025,3,unchanged,0.99896,0.00023,0.00082
ModernBERT-base,current,single,512,123,test,Afghanistan,2025,7,unchanged,0.9927,0.00092,0.00638
ModernBERT-base,current,single,512,123,test,Afghanistan,2025,7,unchanged,0.9927,0.00092,0.00638
ModernBERT-base,current,single,512,123,test,Afghanistan,2025,12,unchanged,0.99747,0.00062,0.00191
ModernBERT-base,current,single,512,123,dev,Bangladesh,2025,1,unchanged,0.99836,0.00026,0.00138
ModernBERT-base,current,single,512,123,dev,Bangladesh,2025,2,unchanged,0.98608,0.00076,0.01316
ModernBERT-base,current,single,512,123,dev,Bangladesh,2025,3,unchanged,0.98909,0.0009,0.01
ModernBERT-base,current,single,512,123,test,Bangladesh,2025,6,unchanged,0.99901,0.00023,0.00076
ModernBERT-base,current,single,512,123,test,Bangladesh,2025,6,unchanged,0.99901,0.00023,0.00076
ModernBERT-base,current,single,512,123,test,Bangladesh,2025,7,unchanged,0.99828,0.00034,0.00138
ModernBERT-base,current,single,512,123,test,Bangladesh,2025,7,unchanged,0.99828,0.00034,0.00138
ModernBERT-base,current,single,512,123,test,Bangladesh,2025,10,unchanged,0.98544,0.00083,0.01373
ModernBERT-base,current,single,512,123,test,Bangladesh,2025,12,deteriorated,0.93407,0.00783,0.0581
ModernBERT-base,current,single,512,123,dev,India,2025,1,unchanged,0.99879,0.00028,0.00093
ModernBERT-base,current,single,512,123,dev,India,2025,2,unchanged,0.99794,0.00039,0.00167
ModernBERT-base,current,single,512,123,dev,India,2025,3,unchanged,0.99854,0.00027,0.00119
ModernBERT-base,current,single,512,123,test,India,2025,6,unchanged,0.99664,0.0004,0.00296
ModernBERT-base,current,single,512,123,test,India,2025,6,unchanged,0.99664,0.0004,0.00296
ModernBERT-base,current,single,512,123,test,India,2025,7,unchanged,0.99897,0.00019,0.00084
ModernBERT-base,current,single,512,123,test,India,2025,7,unchanged,0.99897,0.00019,0.00084
ModernBERT-base,current,single,512,123,test,India,2025,10,improved,0.98349,0.00128,0.01523
ModernBERT-base,current,single,512,123,test,India,2025,12,unchanged,0.99898,0.0002,0.00082
ModernBERT-base,current,single,512,123,dev,Pakistan,2025,1,unchanged,0.99623,0.00047,0.0033
ModernBERT-base,current,single,512,123,dev,Pakistan,2025,2,unchanged,0.84996,0.04006,0.10998
ModernBERT-base,current,single,512,123,dev,Pakistan,2025,3,unchanged,0.97346,0.0057,0.02084
ModernBERT-base,current,single,512,123,test,Pakistan,2025,6,unchanged,0.99807,0.00022,0.00171
ModernBERT-base,current,single,512,123,test,Pakistan,2025,6,unchanged,0.99807,0.00022,0.00171
ModernBERT-base,current,single,512,123,test,Pakistan,2025,7,unchanged,0.99855,0.00028,0.00117
ModernBERT-base,current,single,512,123,test,Pakistan,2025,7,unchanged,0.99855,0.00028,0.00117
ModernBERT-base,current,single,512,123,test,Pakistan,2025,12,unchanged,0.99504,0.00046,0.0045
ModernBERT-base,current,single,512,123,dev,Sri Lanka,2025,1,unchanged,0.99782,0.00019,0.00199
ModernBERT-base,current,single,512,123,dev,Sri Lanka,2025,2,unchanged,0.99806,0.00025,0.00169
ModernBERT-base,current,single,512,123,dev,Sri Lanka,2025,3,unchanged,0.99745,0.00042,0.00213
ModernBERT-base,current,single,512,123,test,Sri Lanka,2025,6,unchanged,0.99908,0.00019,0.00073
ModernBERT-base,current,single,512,123,test,Sri Lanka,2025,6,unchanged,0.99908,0.00019,0.00073
ModernBERT-base,current,single,512,123,test,Sri Lanka,2025,7,unchanged,0.99896,0.00016,0.00088
ModernBERT-base,current,single,512,123,test,Sri Lanka,2025,7,unchanged,0.99896,0.00016,0.00088
ModernBERT-base,current,single,512,123,test,Sri Lanka,2025,10,unchanged,0.99869,0.00018,0.00113
ModernBERT-base,current,single,512,123,test,Sri Lanka,2025,12,unchanged,0.96654,0.00427,0.02919
ModernBERT-base,current,single,512,123,dev,Myanmar,2025,1,unchanged,0.9865,0.00151,0.01199
ModernBERT-base,current,single,512,123,dev,Myanmar,2025,2,unchanged,0.89456,0.0118,0.09364
ModernBERT-base,current,single,512,123,dev,Myanmar,2025,3,unchanged,0.99867,0.00025,0.00108
ModernBERT-base,current,single,512,123,test,Myanmar,2025,6,unchanged,0.99488,0.00051,0.00461
ModernBERT-base,current,single,512,123,test,Myanmar,2025,6,unchanged,0.99488,0.00051,0.00461
ModernBERT-base,current,single,512,123,test,Myanmar,2025,7,unchanged,0.98653,0.0011,0.01237
ModernBERT-base,current,single,512,123,test,Myanmar,2025,7,unchanged,0.98653,0.0011,0.01237
ModernBERT-base,current,single,512,123,test,Myanmar,2025,10,unchanged,0.9967,0.00043,0.00287
ModernBERT-base,current,single,512,123,test,Myanmar,2025,12,unchanged,0.03406,0.96297,0.00297
ModernBERT-base,current,single,512,123,dev,Philippines,2025,1,unchanged,0.99532,0.00048,0.0042
ModernBERT-base,current,single,512,123,dev,Philippines,2025,2,unchanged,0.99848,0.00026,0.00125
ModernBERT-base,current,single,512,123,dev,Philippines,2025,3,unchanged,0.99872,0.00028,0.001
ModernBERT-base,current,single,512,123,test,Philippines,2025,6,unchanged,0.99899,0.00025,0.00077
ModernBERT-base,current,single,512,123,test,Philippines,2025,6,unchanged,0.99899,0.00025,0.00077
ModernBERT-base,current,single,512,123,test,Philippines,2025,7,unchanged,0.99874,0.00028,0.00098
ModernBERT-base,current,single,512,123,test,Philippines,2025,7,unchanged,0.99874,0.00028,0.00098
ModernBERT-base,current,single,512,123,test,Philippines,2025,10,unchanged,0.97973,0.00117,0.0191
ModernBERT-base,current,single,512,123,test,Philippines,2025,12,unchanged,0.9951,0.00037,0.00454
ModernBERT-base,current,single,512,123,dev,South China Sea,2025,1,unchanged,0.99802,0.00035,0.00164
ModernBERT-base,current,single,512,123,dev,South China Sea,2025,2,unchanged,0.99905,0.00019,0.00076
ModernBERT-base,current,single,512,123,dev,South China Sea,2025,3,unchanged,0.99912,0.00023,0.00065
ModernBERT-base,current,single,512,123,test,South China Sea,2025,6,unchanged,0.99933,0.00018,0.0005
ModernBERT-base,current,single,512,123,test,South China Sea,2025,6,unchanged,0.99933,0.00018,0.0005
ModernBERT-base,current,single,512,123,test,South China Sea,2025,7,unchanged,0.99867,0.00031,0.00102
ModernBERT-base,current,single,512,123,test,South China Sea,2025,7,unchanged,0.99867,0.00031,0.00102
ModernBERT-base,current,single,512,123,test,South China Sea,2025,10,unchanged,0.99883,0.00028,0.0009
ModernBERT-base,current,single,512,123,test,South China Sea,2025,12,unchanged,0.99928,0.00021,0.00051
ModernBERT-base,current,single,512,123,dev,Thailand,2025,1,unchanged,0.999,0.00017,0.00083
ModernBERT-base,current,single,512,123,dev,Thailand,2025,2,unchanged,0.99693,0.0004,0.00267
ModernBERT-base,current,single,512,123,dev,Thailand,2025,3,unchanged,0.99724,0.00035,0.00241
ModernBERT-base,current,single,512,123,test,Thailand,2025,6,deteriorated,0.31175,0.67827,0.00998
ModernBERT-base,current,single,512,123,test,Thailand,2025,6,deteriorated,0.31175,0.67827,0.00998
ModernBERT-base,current,single,512,123,test,Thailand,2025,7,unchanged,0.98711,0.00135,0.01154
ModernBERT-base,current,single,512,123,test,Thailand,2025,7,unchanged,0.98711,0.00135,0.01154
ModernBERT-base,current,single,512,123,test,Thailand,2025,10,improved,0.99855,0.00021,0.00124
ModernBERT-base,current,single,512,123,test,Thailand,2025,12,unchanged,0.00051,0.99942,7e-05
ModernBERT-base,current,single,512,123,test,Guatemala,2025,10,unchanged,0.99511,0.00031,0.00457
ModernBERT-base,current,single,512,123,dev,Bolivia,2025,1,unchanged,0.99831,0.00027,0.00142
ModernBERT-base,current,single,512,123,dev,Bolivia,2025,2,unchanged,0.9967,0.00023,0.00307
ModernBERT-base,current,single,512,123,test,Bolivia,2025,10,improved,0.9475,0.00214,0.05036
ModernBERT-base,current,single,512,123,test,Bolivia,2025,12,unchanged,0.99582,0.00042,0.00376
ModernBERT-base,current,single,512,123,dev,Peru,2025,3,unchanged,0.98457,0.00077,0.01466
ModernBERT-base,current,single,512,123,test,Peru,2025,10,deteriorated,0.00071,0.9992,9e-05
ModernBERT-base,current,single,512,123,test,Madagascar,2025,10,deteriorated,0.87488,0.01774,0.10739
ModernBERT-base,current,single,512,123,dev,Guinea-Bissau,2025,2,deteriorated,0.00365,0.99583,0.00053
ModernBERT-base,current,single,512,123,dev,Guinea-Bissau,2025,2,deteriorated,0.50589,0.45525,0.03886
ModernBERT-base,current,single,512,123,dev,Guinea-Bissau,2025,3,unchanged,0.99733,0.00054,0.00213
ModernBERT-base,current,single,512,123,test,Guinea-Bissau,2025,12,unchanged,0.75075,0.00742,0.24184
ModernBERT-base,current,single,512,123,dev,Guyana,2025,3,unchanged,0.999,0.0002,0.0008
ModernBERT-base,current,single,512,123,dev,Jordan,2025,2,unchanged,0.98107,0.0011,0.01783
ModernBERT-base,current,single,512,123,test,Kazakhstan,2026,3,unchanged,0.99624,0.00031,0.00346
ModernBERT-base,current,single,512,123,dev,Togo,2025,2,unchanged,0.99898,0.00015,0.00086
ModernBERT-base,current,single,512,123,dev,Togo,2025,2,unchanged,0.99904,0.00015,0.00081
ModernBERT-base,current,single,512,123,dev,Togo,2025,3,unchanged,0.99591,0.0003,0.00379
ModernBERT-base,current,single,512,123,test,Togo,2025,7,unchanged,0.97824,0.00098,0.02078
ModernBERT-base,current,single,512,123,test,Togo,2025,10,unchanged,0.99845,0.00028,0.00127
ModernBERT-base,current,single,512,123,test,Papua New Guinea,2025,10,unchanged,0.9986,0.00019,0.00121
ModernBERT-base,current,single,512,123,test,Cambodia,2025,7,unchanged,0.97372,0.00265,0.02363
ModernBERT-base,current,single,512,123,test,Cambodia,2025,7,unchanged,0.97372,0.00265,0.02363
ModernBERT-base,current,single,512,123,test,Brazil,2025,10,unchanged,0.76404,0.05449,0.18147
ModernBERT-base,current,single,512,123,test,Angola,2025,7,deteriorated,0.0045,0.99499,0.00051
ModernBERT-base,current,single,512,123,dev,Indonesia,2025,1,unchanged,0.9986,0.00022,0.00118
ModernBERT-base,current,single,512,123,dev,Indonesia,2025,2,unchanged,0.99787,0.00032,0.00181
ModernBERT-base,current,single,512,123,dev,Indonesia,2025,3,unchanged,0.9897,0.00071,0.00959
ModernBERT-base,current,single,512,123,test,Indonesia,2025,6,unchanged,0.99877,0.0002,0.00103
ModernBERT-base,current,single,512,123,test,Indonesia,2025,6,unchanged,0.99877,0.0002,0.00103
ModernBERT-base,current,single,512,123,test,Indonesia,2025,7,unchanged,0.99809,0.00024,0.00166
ModernBERT-base,current,single,512,123,test,Indonesia,2025,7,unchanged,0.99809,0.00024,0.00166
ModernBERT-base,current,single,512,123,test,Indonesia,2025,10,unchanged,0.93596,0.00332,0.06072
ModernBERT-base,current,single,512,123,test,Indonesia,2025,12,unchanged,0.99766,0.00031,0.00203
ModernBERT-base,current,single,512,123,test,Ghana,2025,7,unchanged,0.99274,0.00082,0.00643
ModernBERT-base,current,single,512,123,dev,South Africa,2025,1,unchanged,0.99844,0.00028,0.00128
ModernBERT-base,current,single,512,123,dev,South Africa,2025,2,unchanged,0.99761,0.0003,0.00208
ModernBERT-base,current,single,512,123,dev,South Africa,2025,2,unchanged,0.99792,0.00027,0.00181
ModernBERT-base,current,single,512,123,dev,South Africa,2025,3,unchanged,0.99833,0.00027,0.0014
ModernBERT-base,current,single,512,123,test,South Africa,2025,7,unchanged,0.99826,0.00029,0.00145
ModernBERT-base,current,single,512,123,test,South Africa,2025,10,unchanged,0.99905,0.00015,0.0008
ModernBERT-base,current,single,512,123,test,South Africa,2025,12,unchanged,0.99833,0.00024,0.00143
ModernBERT-base,current,single,512,123,test,Qatar,2025,6,unchanged,0.0409,0.93098,0.02811
ModernBERT-base,current,single,512,123,test,Qatar,2025,6,unchanged,0.0409,0.93098,0.02811
ModernBERT-base,current,single,512,123,test,Morocco,2025,10,deteriorated,0.00044,0.9995,6e-05
ModernBERT-base,current,single,512,123,dev,Comoros Islands,2025,1,unchanged,0.99392,0.00044,0.00564
ModernBERT-base,current,single,512,123,dev,Russia/U.S.,2025,1,unchanged,0.9979,0.00028,0.00182
ModernBERT-base,current,single,512,123,dev,Russia/U.S.,2025,2,unchanged,0.99594,0.00038,0.00368
ModernBERT-base,current,single,512,123,dev,Amazon,2025,1,unchanged,0.98861,0.00066,0.01073
ModernBERT-base,current,single,512,123,dev,Amazon,2025,2,unchanged,0.99531,0.00036,0.00433
ModernBERT-base,current,single,512,123,dev,Amazon,2025,3,unchanged,0.99795,0.00024,0.00181
ModernBERT-base,current,single,512,123,test,Amazon,2025,7,deteriorated,0.91257,0.00596,0.08147
ModernBERT-base,current,single,512,123,test,Amazon,2025,10,unchanged,0.99677,0.00031,0.00291
ModernBERT-base,current,single,512,123,test,Amazon,2025,12,unchanged,0.99867,0.0002,0.00113
ModernBERT-base,current,single,512,123,test,China-U.S.,2025,6,unchanged,0.99763,0.00023,0.00213
ModernBERT-base,current,single,512,123,test,China-U.S.,2025,6,unchanged,0.99763,0.00023,0.00213
ModernBERT-base,current,single,512,123,test,China-U.S.,2025,10,improved,0.99508,0.00045,0.00447
ModernBERT-base,current,single,512,123,test,China-U.S.,2025,12,unchanged,0.99791,0.00022,0.00187
ModernBERT-base,current,single,512,123,dev,Cook Islands,2025,2,unchanged,0.98317,0.0013,0.01552
ModernBERT-base,current,single,512,123,dev,Tasman Sea,2025,2,unchanged,0.995,0.00067,0.00433
ModernBERT-base,current,single,512,123,test,New Caledonia,2025,7,improved,0.91122,0.00344,0.08534
ModernBERT-base,current,single,512,123,test,New Caledonia,2025,7,improved,0.91122,0.00344,0.08534
ModernBERT-base,current,single,512,124,dev,Cameroon,2025,1,unchanged,0.99653,0.00028,0.0032
ModernBERT-base,current,single,512,124,dev,Cameroon,2025,2,unchanged,0.99633,0.00032,0.00335
ModernBERT-base,current,single,512,124,dev,Cameroon,2025,2,unchanged,0.99631,0.00032,0.00338
ModernBERT-base,current,single,512,124,dev,Cameroon,2025,3,unchanged,0.98485,0.00206,0.01309
ModernBERT-base,current,single,512,124,test,Cameroon,2025,7,unchanged,0.96619,0.01913,0.01467
ModernBERT-base,current,single,512,124,test,Cameroon,2025,12,unchanged,0.99687,0.00024,0.00289
ModernBERT-base,current,single,512,124,dev,Chad,2025,1,unchanged,0.01193,0.98566,0.00241
ModernBERT-base,current,single,512,124,dev,Chad,2025,2,unchanged,0.98726,0.00168,0.01105
ModernBERT-base,current,single,512,124,dev,Chad,2025,2,unchanged,0.98762,0.00153,0.01084
ModernBERT-base,current,single,512,124,dev,Chad,2025,3,unchanged,0.97002,0.00752,0.02246
ModernBERT-base,current,single,512,124,test,Chad,2025,7,unchanged,0.99562,0.00047,0.00391
ModernBERT-base,current,single,512,124,test,Chad,2025,10,deteriorated,0.98495,0.0026,0.01245
ModernBERT-base,current,single,512,124,test,Chad,2025,12,unchanged,0.96934,0.00839,0.02227
ModernBERT-base,current,single,512,124,dev,Gabon,2025,1,unchanged,0.99374,0.00035,0.00591
ModernBERT-base,current,single,512,124,dev,Gabon,2025,3,unchanged,0.9958,0.00028,0.00391
ModernBERT-base,current,single,512,124,dev,Kenya,2025,1,unchanged,0.98918,0.00131,0.00951
ModernBERT-base,current,single,512,124,dev,Kenya,2025,2,unchanged,0.99298,0.00068,0.00633
ModernBERT-base,current,single,512,124,dev,Kenya,2025,2,unchanged,0.99357,0.00066,0.00577
ModernBERT-base,current,single,512,124,dev,Kenya,2025,3,unchanged,0.99587,0.00042,0.00371
ModernBERT-base,current,single,512,124,test,Kenya,2025,7,deteriorated,0.00191,0.99754,0.00055
ModernBERT-base,current,single,512,124,test,Kenya,2025,10,unchanged,0.94627,0.02582,0.02791
ModernBERT-base,current,single,512,124,test,Kenya,2025,12,unchanged,0.98919,0.00092,0.00989
ModernBERT-base,current,single,512,124,dev,Mozambique,2025,1,improved,0.00127,0.99831,0.00042
ModernBERT-base,current,single,512,124,dev,Mozambique,2025,2,unchanged,0.96603,0.0116,0.02237
ModernBERT-base,current,single,512,124,dev,Mozambique,2025,2,unchanged,0.96427,0.01323,0.0225
ModernBERT-base,current,single,512,124,dev,Mozambique,2025,3,improved,0.98524,0.00226,0.0125
ModernBERT-base,current,single,512,124,test,Mozambique,2025,7,unchanged,0.99532,0.00049,0.0042
ModernBERT-base,current,single,512,124,test,Mozambique,2025,10,unchanged,0.99458,0.00034,0.00508
ModernBERT-base,current,single,512,124,test,Mozambique,2025,12,unchanged,0.99477,0.00048,0.00475
ModernBERT-base,current,single,512,124,dev,Tanzania,2025,1,unchanged,0.99712,0.0002,0.00267
ModernBERT-base,current,single,512,124,dev,Tanzania,2025,2,unchanged,0.99713,0.0002,0.00267
ModernBERT-base,current,single,512,124,dev,Tanzania,2025,2,unchanged,0.99711,0.0002,0.00269
ModernBERT-base,current,single,512,124,dev,Tanzania,2025,3,unchanged,0.9967,0.00023,0.00307
ModernBERT-base,current,single,512,124,test,Tanzania,2025,7,unchanged,0.99675,0.00025,0.003
ModernBERT-base,current,single,512,124,test,Tanzania,2025,12,unchanged,0.9871,0.00127,0.01163
ModernBERT-base,current,single,512,124,dev,Zimbabwe,2025,1,unchanged,0.99613,0.00042,0.00345
ModernBERT-base,current,single,512,124,dev,Zimbabwe,2025,2,unchanged,0.99555,0.00038,0.00407
ModernBERT-base,current,single,512,124,dev,Zimbabwe,2025,2,unchanged,0.9953,0.0004,0.0043
ModernBERT-base,current,single,512,124,dev,Zimbabwe,2025,3,deteriorated,0.98098,0.00557,0.01346
ModernBERT-base,current,single,512,124,test,Zimbabwe,2025,7,unchanged,0.99687,0.00024,0.00289
ModernBERT-base,current,single,512,124,test,Zimbabwe,2025,10,unchanged,0.99473,0.00048,0.00479
ModernBERT-base,current,single,512,124,test,Zimbabwe,2025,12,unchanged,0.99671,0.00026,0.00303
ModernBERT-base,current,single,512,124,test,Burundi,2025,7,unchanged,0.98818,0.00105,0.01077
ModernBERT-base,current,single,512,124,test,Burundi,2025,10,unchanged,0.99541,0.00039,0.0042
ModernBERT-base,current,single,512,124,test,DR Congo,2025,10,unchanged,0.99432,0.00085,0.00483
ModernBERT-base,current,single,512,124,test,DR Congo,2025,12,deteriorated,0.04809,0.94349,0.00842
ModernBERT-base,current,single,512,124,dev,Rwanda,2025,2,unchanged,0.98482,0.00193,0.01325
ModernBERT-base,current,single,512,124,dev,Rwanda,2025,2,unchanged,0.98655,0.00151,0.01194
ModernBERT-base,current,single,512,124,dev,Rwanda,2025,3,unchanged,0.97791,0.00446,0.01763
ModernBERT-base,current,single,512,124,test,Rwanda,2025,7,unchanged,0.99676,0.00024,0.003
ModernBERT-base,current,single,512,124,test,Rwanda,2025,10,unchanged,0.99186,0.00062,0.00751
ModernBERT-base,current,single,512,124,test,Rwanda,2025,12,unchanged,0.01095,0.98591,0.00314
ModernBERT-base,current,single,512,124,dev,Uganda,2025,1,unchanged,0.99243,0.00093,0.00663
ModernBERT-base,current,single,512,124,dev,Uganda,2025,2,unchanged,0.99553,0.00037,0.0041
ModernBERT-base,current,single,512,124,dev,Uganda,2025,2,unchanged,0.99563,0.00037,0.00401
ModernBERT-base,current,single,512,124,dev,Uganda,2025,3,unchanged,0.97994,0.00447,0.01559
ModernBERT-base,current,single,512,124,test,Uganda,2025,7,unchanged,0.43821,0.52652,0.03527
ModernBERT-base,current,single,512,124,test,Uganda,2025,10,unchanged,0.99288,0.00084,0.00628
ModernBERT-base,current,single,512,124,dev,Eritrea,2025,1,unchanged,0.99708,0.00021,0.00271
ModernBERT-base,current,single,512,124,dev,Eritrea,2025,2,unchanged,0.99607,0.00029,0.00365
ModernBERT-base,current,single,512,124,dev,Eritrea,2025,2,unchanged,0.99607,0.00029,0.00365
ModernBERT-base,current,single,512,124,test,Eritrea,2025,7,unchanged,0.99506,0.00047,0.00447
ModernBERT-base,current,single,512,124,test,Eritrea,2025,10,unchanged,0.99377,0.00048,0.00575
ModernBERT-base,current,single,512,124,test,Eritrea,2025,12,unchanged,0.99323,0.00033,0.00644
ModernBERT-base,current,single,512,124,dev,Ethiopia,2025,1,unchanged,0.992,0.00048,0.00752
ModernBERT-base,current,single,512,124,dev,Ethiopia,2025,2,unchanged,0.99589,0.00037,0.00373
ModernBERT-base,current,single,512,124,dev,Ethiopia,2025,2,unchanged,0.99539,0.00038,0.00423
ModernBERT-base,current,single,512,124,test,Ethiopia,2025,7,unchanged,0.98175,0.0054,0.01285
ModernBERT-base,current,single,512,124,test,Ethiopia,2025,10,unchanged,0.98781,0.00219,0.00999
ModernBERT-base,current,single,512,124,test,Ethiopia,2025,12,deteriorated,0.00148,0.99804,0.00049
ModernBERT-base,current,single,512,124,test,Nile Waters,2025,7,unchanged,0.99492,0.0004,0.00468
ModernBERT-base,current,single,512,124,test,Nile Waters,2025,10,unchanged,0.98011,0.00348,0.01641
ModernBERT-base,current,single,512,124,test,Nile Waters,2025,12,unchanged,0.98886,0.00102,0.01012
ModernBERT-base,current,single,512,124,dev,Somalia,2025,1,unchanged,0.99274,0.00098,0.00628
ModernBERT-base,current,single,512,124,dev,Somalia,2025,2,unchanged,0.99668,0.00026,0.00305
ModernBERT-base,current,single,512,124,dev,Somalia,2025,2,unchanged,0.99679,0.00026,0.00296
ModernBERT-base,current,single,512,124,dev,Somalia,2025,3,unchanged,0.99647,0.00028,0.00325
ModernBERT-base,current,single,512,124,test,Somalia,2025,7,deteriorated,0.981,0.00616,0.01284
ModernBERT-base,current,single,512,124,test,Somalia,2025,10,unchanged,0.99233,0.00134,0.00633
ModernBERT-base,current,single,512,124,test,Somalia,2025,12,unchanged,0.95633,0.01633,0.02734
ModernBERT-base,current,single,512,124,dev,Somaliland,2025,1,unchanged,0.9962,0.00026,0.00354
ModernBERT-base,current,single,512,124,dev,Somaliland,2025,2,unchanged,0.99471,0.00038,0.0049
ModernBERT-base,current,single,512,124,dev,Somaliland,2025,2,unchanged,0.99556,0.00037,0.00407
ModernBERT-base,current,single,512,124,dev,Somaliland,2025,3,unchanged,0.9909,0.00076,0.00834
ModernBERT-base,current,single,512,124,test,Somaliland,2025,7,unchanged,0.99703,0.00021,0.00276
ModernBERT-base,current,single,512,124,test,Somaliland,2025,10,unchanged,0.98803,0.00273,0.00924
ModernBERT-base,current,single,512,124,test,Somaliland,2025,12,unchanged,0.07952,0.90831,0.01217
ModernBERT-base,current,single,512,124,dev,South Sudan,2025,1,unchanged,0.96654,0.01125,0.0222
ModernBERT-base,current,single,512,124,dev,South Sudan,2025,2,unchanged,0.99049,0.00098,0.00854
ModernBERT-base,current,single,512,124,dev,South Sudan,2025,2,unchanged,0.98985,0.00089,0.00926
ModernBERT-base,current,single,512,124,test,South Sudan,2025,7,unchanged,0.99518,0.0006,0.00423
ModernBERT-base,current,single,512,124,test,South Sudan,2025,10,unchanged,0.99095,0.00099,0.00805
ModernBERT-base,current,single,512,124,test,South Sudan,2025,12,unchanged,0.9943,0.00084,0.00486
ModernBERT-base,current,single,512,124,dev,Sudan,2025,2,deteriorated,0.81103,0.14357,0.0454
ModernBERT-base,current,single,512,124,dev,Sudan,2025,2,deteriorated,0.03388,0.95975,0.00637
ModernBERT-base,current,single,512,124,dev,Sudan,2025,3,unchanged,0.58321,0.37216,0.04462
ModernBERT-base,current,single,512,124,test,Sudan,2025,7,unchanged,0.01015,0.98776,0.00209
ModernBERT-base,current,single,512,124,test,Sudan,2025,12,unchanged,0.96362,0.0114,0.02499
ModernBERT-base,current,single,512,124,dev,Burkina Faso,2025,1,unchanged,0.99652,0.00028,0.0032
ModernBERT-base,current,single,512,124,dev,Burkina Faso,2025,2,unchanged,0.99081,0.00101,0.00818
ModernBERT-base,current,single,512,124,dev,Burkina Faso,2025,2,unchanged,0.9919,0.00076,0.00734
ModernBERT-base,current,single,512,124,dev,Burkina Faso,2025,3,deteriorated,0.00014,0.9998,5e-05
ModernBERT-base,current,single,512,124,test,Burkina Faso,2025,7,unchanged,0.0009,0.99875,0.00036
ModernBERT-base,current,single,512,124,test,Burkina Faso,2025,10,unchanged,0.99517,0.0005,0.00433
ModernBERT-base,current,single,512,124,test,Burkina Faso,2025,12,unchanged,0.92296,0.05126,0.02578
ModernBERT-base,current,single,512,124,dev,Guinea,2025,1,unchanged,0.99579,0.00042,0.00379
ModernBERT-base,current,single,512,124,dev,Guinea,2025,2,unchanged,0.99643,0.0003,0.00327
ModernBERT-base,current,single,512,124,dev,Guinea,2025,2,unchanged,0.99654,0.00029,0.00317
ModernBERT-base,current,single,512,124,dev,Guinea,2025,3,unchanged,0.99587,0.0003,0.00382
ModernBERT-base,current,single,512,124,test,Guinea,2025,7,unchanged,0.99436,0.00046,0.00518
ModernBERT-base,current,single,512,124,test,Guinea,2025,10,unchanged,0.99498,0.00029,0.00474
ModernBERT-base,current,single,512,124,test,Guinea,2025,12,unchanged,0.66314,0.29312,0.04374
ModernBERT-base,current,single,512,124,dev,Nigeria,2025,1,unchanged,0.9966,0.00028,0.00312
ModernBERT-base,current,single,512,124,dev,Nigeria,2025,2,unchanged,0.99632,0.00033,0.00335
ModernBERT-base,current,single,512,124,dev,Nigeria,2025,2,unchanged,0.99642,0.00031,0.00327
ModernBERT-base,current,single,512,124,dev,Nigeria,2025,3,unchanged,0.99168,0.00194,0.00638
ModernBERT-base,current,single,512,124,test,Nigeria,2025,7,unchanged,0.99222,0.00099,0.00679
ModernBERT-base,current,single,512,124,test,Nigeria,2025,10,unchanged,0.99406,0.00037,0.00557
ModernBERT-base,current,single,512,124,test,Nigeria,2025,12,unchanged,0.99174,0.00072,0.00754
ModernBERT-base,current,single,512,124,dev,Senegal,2025,2,unchanged,0.9831,0.00215,0.01475
ModernBERT-base,current,single,512,124,dev,Senegal,2025,2,unchanged,0.98216,0.0024,0.01545
ModernBERT-base,current,single,512,124,dev,Kosovo,2025,1,unchanged,0.98859,0.00093,0.01048
ModernBERT-base,current,single,512,124,dev,Kosovo,2025,2,unchanged,0.99048,0.00122,0.00831
ModernBERT-base,current,single,512,124,dev,Kosovo,2025,3,unchanged,0.99327,0.00044,0.00629
ModernBERT-base,current,single,512,124,test,Kosovo,2025,7,unchanged,0.97268,0.00698,0.02035
ModernBERT-base,current,single,512,124,test,Kosovo,2025,10,unchanged,0.95925,0.01538,0.02536
ModernBERT-base,current,single,512,124,test,Kosovo,2025,12,unchanged,0.00817,0.98966,0.00216
ModernBERT-base,current,single,512,124,test,Kosovo,2026,3,unchanged,0.98161,0.00289,0.0155
ModernBERT-base,current,single,512,124,dev,Armenia,2025,1,unchanged,0.99276,0.0006,0.00664
ModernBERT-base,current,single,512,124,dev,Armenia,2025,2,unchanged,0.99664,0.00026,0.0031
ModernBERT-base,current,single,512,124,dev,Armenia,2025,3,unchanged,0.9824,0.00598,0.01162
ModernBERT-base,current,single,512,124,test,Armenia,2025,7,unchanged,0.99594,0.00032,0.00374
ModernBERT-base,current,single,512,124,test,Armenia,2025,10,unchanged,0.99451,0.00059,0.0049
ModernBERT-base,current,single,512,124,test,Armenia,2025,12,unchanged,0.9962,0.00032,0.00348
ModernBERT-base,current,single,512,124,test,Armenia,2026,3,unchanged,0.8989,0.06311,0.03798
ModernBERT-base,current,single,512,124,dev,Azerbaijan,2025,1,unchanged,0.99424,0.00054,0.00522
ModernBERT-base,current,single,512,124,dev,Azerbaijan,2025,2,unchanged,0.99376,0.00033,0.00591
ModernBERT-base,current,single,512,124,dev,Azerbaijan,2025,3,unchanged,0.98204,0.00395,0.01401
ModernBERT-base,current,single,512,124,test,Azerbaijan,2025,7,unchanged,0.99605,0.00033,0.00362
ModernBERT-base,current,single,512,124,test,Azerbaijan,2025,10,unchanged,0.99515,0.00055,0.0043
ModernBERT-base,current,single,512,124,test,Azerbaijan,2025,12,unchanged,0.99615,0.00031,0.00354
ModernBERT-base,current,single,512,124,test,Azerbaijan,2026,3,unchanged,0.0306,0.9633,0.0061
ModernBERT-base,current,single,512,124,dev,Georgia,2025,1,unchanged,0.99663,0.00027,0.0031
ModernBERT-base,current,single,512,124,dev,Georgia,2025,2,unchanged,0.99364,0.00054,0.00582
ModernBERT-base,current,single,512,124,dev,Georgia,2025,3,unchanged,0.99591,0.00029,0.00379
ModernBERT-base,current,single,512,124,test,Georgia,2025,7,unchanged,0.98733,0.00188,0.0108
ModernBERT-base,current,single,512,124,test,Georgia,2025,10,unchanged,0.35861,0.60764,0.03375
ModernBERT-base,current,single,512,124,test,Georgia,2025,12,unchanged,0.99367,0.00047,0.00586
ModernBERT-base,current,single,512,124,test,Georgia,2026,3,unchanged,0.99457,0.00049,0.00494
ModernBERT-base,current,single,512,124,dev,Belarus,2025,1,unchanged,0.99267,0.0008,0.00653
ModernBERT-base,current,single,512,124,dev,Belarus,2025,2,unchanged,0.99621,0.00025,0.00354
ModernBERT-base,current,single,512,124,dev,Belarus,2025,3,unchanged,0.99442,0.00049,0.0051
ModernBERT-base,current,single,512,124,test,Belarus,2025,7,unchanged,0.9964,0.00032,0.00327
ModernBERT-base,current,single,512,124,test,Belarus,2025,10,unchanged,0.99703,0.00021,0.00276
ModernBERT-base,current,single,512,124,test,Belarus,2025,12,unchanged,0.9929,0.00038,0.00672
ModernBERT-base,current,single,512,124,test,Belarus,2026,3,unchanged,0.99615,0.00034,0.00351
ModernBERT-base,current,single,512,124,dev,Ukraine,2025,1,unchanged,0.99515,0.00038,0.00447
ModernBERT-base,current,single,512,124,dev,Ukraine,2025,2,unchanged,0.99598,0.00037,0.00365
ModernBERT-base,current,single,512,124,dev,Ukraine,2025,3,unchanged,0.9946,0.00072,0.00468
ModernBERT-base,current,single,512,124,test,Ukraine,2025,12,unchanged,0.99195,0.00048,0.00757
ModernBERT-base,current,single,512,124,test,Ukraine,2026,3,unchanged,0.99376,0.00056,0.00568
ModernBERT-base,current,single,512,124,dev,Cyprus,2025,1,unchanged,0.99254,0.00042,0.00704
ModernBERT-base,current,single,512,124,dev,Cyprus,2025,2,unchanged,0.9966,0.00026,0.00315
ModernBERT-base,current,single,512,124,dev,Cyprus,2025,3,unchanged,0.99497,0.00035,0.00468
ModernBERT-base,current,single,512,124,test,Cyprus,2025,7,unchanged,0.99562,0.00031,0.00407
ModernBERT-base,current,single,512,124,test,Cyprus,2025,10,unchanged,0.99565,0.00037,0.00397
ModernBERT-base,current,single,512,124,test,Cyprus,2025,12,unchanged,0.99653,0.00025,0.00322
ModernBERT-base,current,single,512,124,test,Cyprus,2026,3,unchanged,0.98673,0.00397,0.0093
ModernBERT-base,current,single,512,124,dev,Türkiye,2025,1,unchanged,0.99465,0.00037,0.00498
ModernBERT-base,current,single,512,124,dev,Türkiye,2025,3,deteriorated,0.96234,0.013,0.02466
ModernBERT-base,current,single,512,124,test,Türkiye,2025,7,improved,0.98555,0.00219,0.01226
ModernBERT-base,current,single,512,124,test,Türkiye,2025,10,unchanged,0.99703,0.00021,0.00276
ModernBERT-base,current,single,512,124,test,Türkiye,2025,12,unchanged,0.99455,0.00033,0.00512
ModernBERT-base,current,single,512,124,test,Türkiye,2026,3,unchanged,0.99589,0.00037,0.00373
ModernBERT-base,current,single,512,124,dev,Kyrgyzstan,2025,1,unchanged,0.99586,0.00025,0.00388
ModernBERT-base,current,single,512,124,dev,Kyrgyzstan,2025,2,unchanged,0.9961,0.00028,0.00362
ModernBERT-base,current,single,512,124,dev,Kyrgyzstan,2025,3,improved,0.99356,0.00037,0.00607
ModernBERT-base,current,single,512,124,test,Kyrgyzstan,2025,7,unchanged,0.99689,0.00022,0.00289
ModernBERT-base,current,single,512,124,test,Kyrgyzstan,2025,10,unchanged,0.99294,0.00052,0.00654
ModernBERT-base,current,single,512,124,test,Kyrgyzstan,2025,12,unchanged,0.99486,0.00043,0.00472
ModernBERT-base,current,single,512,124,test,Kyrgyzstan,2026,3,unchanged,0.99576,0.00038,0.00385
ModernBERT-base,current,single,512,124,dev,Tajikistan,2025,1,unchanged,0.99345,0.00041,0.00614
ModernBERT-base,current,single,512,124,dev,Tajikistan,2025,2,unchanged,0.99072,0.00061,0.00867
ModernBERT-base,current,single,512,124,dev,Tajikistan,2025,3,improved,0.99347,0.00041,0.00612
ModernBERT-base,current,single,512,124,test,Tajikistan,2025,7,unchanged,0.99287,0.00104,0.00609
ModernBERT-base,current,single,512,124,test,Tajikistan,2025,10,unchanged,0.99459,0.00037,0.00504
ModernBERT-base,current,single,512,124,test,Tajikistan,2025,12,unchanged,0.96586,0.01124,0.02289
ModernBERT-base,current,single,512,124,test,Tajikistan,2026,3,unchanged,0.99295,0.00039,0.00666
ModernBERT-base,current,single,512,124,dev,Uzbekistan,2025,1,unchanged,0.99621,0.00025,0.00354
ModernBERT-base,current,single,512,124,dev,Uzbekistan,2025,2,unchanged,0.99674,0.00026,0.003
ModernBERT-base,current,single,512,124,dev,Uzbekistan,2025,3,unchanged,0.99448,0.0003,0.00522
ModernBERT-base,current,single,512,124,test,Uzbekistan,2025,7,unchanged,0.9972,0.00019,0.00261
ModernBERT-base,current,single,512,124,test,Uzbekistan,2025,10,unchanged,0.99503,0.00036,0.00461
ModernBERT-base,current,single,512,124,test,Uzbekistan,2025,12,unchanged,0.9969,0.00021,0.00289
ModernBERT-base,current,single,512,124,test,Uzbekistan,2026,3,unchanged,0.99532,0.00032,0.00436
ModernBERT-base,current,single,512,124,dev,Lebanon,2025,1,unchanged,0.98519,0.00196,0.01285
ModernBERT-base,current,single,512,124,dev,Lebanon,2025,2,unchanged,0.99074,0.00073,0.00854
ModernBERT-base,current,single,512,124,dev,Lebanon,2025,3,unchanged,0.11251,0.87248,0.01501
ModernBERT-base,current,single,512,124,test,Lebanon,2025,6,unchanged,0.99561,0.00048,0.00391
ModernBERT-base,current,single,512,124,test,Lebanon,2025,6,unchanged,0.99561,0.00048,0.00391
ModernBERT-base,current,single,512,124,test,Lebanon,2025,7,unchanged,0.97511,0.0052,0.01969
ModernBERT-base,current,single,512,124,test,Lebanon,2025,10,unchanged,0.99108,0.00129,0.00763
ModernBERT-base,current,single,512,124,test,Lebanon,2025,12,unchanged,0.99525,0.00042,0.00433
ModernBERT-base,current,single,512,124,dev,Syria,2025,1,unchanged,0.99528,0.00049,0.00423
ModernBERT-base,current,single,512,124,dev,Syria,2025,2,unchanged,0.99679,0.00025,0.00296
ModernBERT-base,current,single,512,124,dev,Syria,2025,3,deteriorated,0.00036,0.99951,0.00013
ModernBERT-base,current,single,512,124,test,Syria,2025,6,deteriorated,0.00039,0.99946,0.00015
ModernBERT-base,current,single,512,124,test,Syria,2025,6,deteriorated,0.00039,0.99946,0.00015
ModernBERT-base,current,single,512,124,test,Syria,2025,7,deteriorated,0.00026,0.99964,0.0001
ModernBERT-base,current,single,512,124,test,Syria,2025,10,improved,0.96934,0.00839,0.02227
ModernBERT-base,current,single,512,124,test,Syria,2025,12,deteriorated,0.00012,0.99983,5e-05
ModernBERT-base,current,single,512,124,dev,Iran,2025,1,unchanged,0.99518,0.00053,0.0043
ModernBERT-base,current,single,512,124,dev,Iran,2025,2,unchanged,0.98158,0.00298,0.01544
ModernBERT-base,current,single,512,124,dev,Iran,2025,3,unchanged,0.96459,0.01088,0.02453
ModernBERT-base,current,single,512,124,test,Iran,2025,7,unchanged,0.99105,0.002,0.00694
ModernBERT-base,current,single,512,124,test,Iran,2025,10,unchanged,0.98294,0.00225,0.01481
ModernBERT-base,current,single,512,124,test,Iran,2025,12,deteriorated,0.00108,0.99856,0.00036
ModernBERT-base,current,single,512,124,dev,Iraq,2025,1,unchanged,0.99533,0.00057,0.0041
ModernBERT-base,current,single,512,124,dev,Iraq,2025,2,unchanged,0.99495,0.00062,0.00443
ModernBERT-base,current,single,512,124,dev,Iraq,2025,3,unchanged,0.99241,0.00077,0.00682
ModernBERT-base,current,single,512,124,test,Iraq,2025,6,unchanged,0.52254,0.4349,0.04256
ModernBERT-base,current,single,512,124,test,Iraq,2025,6,unchanged,0.52254,0.4349,0.04256
ModernBERT-base,current,single,512,124,test,Iraq,2025,7,unchanged,0.99465,0.00071,0.00464
ModernBERT-base,current,single,512,124,test,Iraq,2025,10,unchanged,0.99279,0.00103,0.00619
ModernBERT-base,current,single,512,124,test,Iraq,2025,12,unchanged,0.99584,0.00028,0.00388
ModernBERT-base,current,single,512,124,dev,Saudi Arabia,2025,1,unchanged,0.98705,0.00168,0.01127
ModernBERT-base,current,single,512,124,dev,Saudi Arabia,2025,2,unchanged,0.98841,0.00135,0.01023
ModernBERT-base,current,single,512,124,dev,Saudi Arabia,2025,3,unchanged,0.99565,0.00034,0.00401
ModernBERT-base,current,single,512,124,test,Saudi Arabia,2025,6,unchanged,0.98226,0.00323,0.01451
ModernBERT-base,current,single,512,124,test,Saudi Arabia,2025,6,unchanged,0.98226,0.00323,0.01451
ModernBERT-base,current,single,512,124,test,Saudi Arabia,2025,7,unchanged,0.99677,0.00023,0.003
ModernBERT-base,current,single,512,124,test,Saudi Arabia,2025,10,unchanged,0.98104,0.00298,0.01598
ModernBERT-base,current,single,512,124,test,Saudi Arabia,2025,12,unchanged,0.00385,0.99475,0.0014
ModernBERT-base,current,single,512,124,test,Yemen,2025,6,unchanged,0.98052,0.00447,0.01501
ModernBERT-base,current,single,512,124,test,Yemen,2025,6,unchanged,0.98052,0.00447,0.01501
ModernBERT-base,current,single,512,124,test,Yemen,2025,7,deteriorated,0.00433,0.99447,0.0012
ModernBERT-base,current,single,512,124,dev,Algeria,2025,1,unchanged,0.99507,0.00032,0.00461
ModernBERT-base,current,single,512,124,dev,Algeria,2025,2,unchanged,0.00185,0.99762,0.00053
ModernBERT-base,current,single,512,124,dev,Algeria,2025,3,unchanged,0.99329,0.00052,0.00619
ModernBERT-base,current,single,512,124,test,Algeria,2025,6,unchanged,0.99681,0.00025,0.00293
ModernBERT-base,current,single,512,124,test,Algeria,2025,6,unchanged,0.99681,0.00025,0.00293
ModernBERT-base,current,single,512,124,test,Algeria,2025,7,unchanged,0.9954,0.00046,0.00413
ModernBERT-base,current,single,512,124,test,Algeria,2025,10,unchanged,0.98629,0.00309,0.01062
ModernBERT-base,current,single,512,124,test,Algeria,2025,12,unchanged,0.99515,0.00056,0.0043
ModernBERT-base,current,single,512,124,dev,Egypt,2025,1,unchanged,0.99645,0.00032,0.00322
ModernBERT-base,current,single,512,124,dev,Egypt,2025,2,unchanged,0.99661,0.00024,0.00315
ModernBERT-base,current,single,512,124,dev,Egypt,2025,3,unchanged,0.99432,0.00078,0.0049
ModernBERT-base,current,single,512,124,test,Egypt,2025,6,unchanged,0.9945,0.00059,0.0049
ModernBERT-base,current,single,512,124,test,Egypt,2025,6,unchanged,0.9945,0.00059,0.0049
ModernBERT-base,current,single,512,124,test,Egypt,2025,7,unchanged,0.99474,0.00068,0.00457
ModernBERT-base,current,single,512,124,test,Egypt,2025,10,unchanged,0.99582,0.00039,0.00379
ModernBERT-base,current,single,512,124,test,Egypt,2025,12,unchanged,0.99566,0.00036,0.00397
ModernBERT-base,current,single,512,124,dev,Libya,2025,1,unchanged,0.99677,0.00023,0.003
ModernBERT-base,current,single,512,124,dev,Libya,2025,2,unchanged,0.99648,0.00025,0.00327
ModernBERT-base,current,single,512,124,dev,Libya,2025,3,unchanged,0.96711,0.01266,0.02023
ModernBERT-base,current,single,512,124,test,Libya,2025,6,unchanged,0.99289,0.00077,0.00633
ModernBERT-base,current,single,512,124,test,Libya,2025,6,unchanged,0.99289,0.00077,0.00633
ModernBERT-base,current,single,512,124,test,Libya,2025,7,unchanged,0.99697,0.00023,0.0028
ModernBERT-base,current,single,512,124,test,Libya,2025,10,unchanged,0.9891,0.00082,0.01008
ModernBERT-base,current,single,512,124,test,Libya,2025,12,unchanged,0.98321,0.00215,0.01464
ModernBERT-base,current,single,512,124,dev,Tunisia,2025,1,unchanged,0.98659,0.00188,0.01153
ModernBERT-base,current,single,512,124,dev,Tunisia,2025,2,unchanged,0.99019,0.00069,0.00912
ModernBERT-base,current,single,512,124,dev,Tunisia,2025,3,unchanged,0.9752,0.00722,0.01758
ModernBERT-base,current,single,512,124,test,Tunisia,2025,6,unchanged,0.99559,0.00031,0.0041
ModernBERT-base,current,single,512,124,test,Tunisia,2025,6,unchanged,0.99559,0.00031,0.0041
ModernBERT-base,current,single,512,124,test,Tunisia,2025,7,unchanged,0.99277,0.00124,0.006
ModernBERT-base,current,single,512,124,test,Tunisia,2025,10,unchanged,0.00213,0.9973,0.00057
ModernBERT-base,current,single,512,124,test,Tunisia,2025,12,unchanged,0.99637,0.00025,0.00338
ModernBERT-base,current,single,512,124,dev,Western Sahara,2025,1,unchanged,0.97553,0.00545,0.01902
ModernBERT-base,current,single,512,124,dev,Western Sahara,2025,2,unchanged,0.99451,0.00051,0.00498
ModernBERT-base,current,single,512,124,dev,Western Sahara,2025,3,unchanged,0.9958,0.00026,0.00394
ModernBERT-base,current,single,512,124,test,Western Sahara,2025,6,unchanged,0.99713,0.0002,0.00267
ModernBERT-base,current,single,512,124,test,Western Sahara,2025,6,unchanged,0.99713,0.0002,0.00267
ModernBERT-base,current,single,512,124,test,Western Sahara,2025,7,unchanged,0.99448,0.00073,0.00479
ModernBERT-base,current,single,512,124,test,Western Sahara,2025,10,unchanged,0.99406,0.00076,0.00518
ModernBERT-base,current,single,512,124,test,Western Sahara,2025,12,unchanged,0.99623,0.00023,0.00354
ModernBERT-base,current,single,512,124,dev,Central African Republic,2025,1,unchanged,0.99609,0.00029,0.00362
ModernBERT-base,current,single,512,124,dev,Central African Republic,2025,2,unchanged,0.99582,0.00044,0.00373
ModernBERT-base,current,single,512,124,dev,Central African Republic,2025,2,unchanged,0.99596,0.00042,0.00362
ModernBERT-base,current,single,512,124,dev,Central African Republic,2025,3,unchanged,0.99622,0.00036,0.00343
ModernBERT-base,current,single,512,124,test,Central African Republic,2025,7,unchanged,0.99456,0.00046,0.00498
ModernBERT-base,current,single,512,124,test,Central African Republic,2025,10,unchanged,0.99646,0.00031,0.00322
ModernBERT-base,current,single,512,124,dev,Mali,2025,1,unchanged,0.99543,0.0005,0.00407
ModernBERT-base,current,single,512,124,dev,Mali,2025,2,unchanged,0.99371,0.00056,0.00573
ModernBERT-base,current,single,512,124,dev,Mali,2025,2,unchanged,0.99538,0.00049,0.00413
ModernBERT-base,current,single,512,124,dev,Mali,2025,3,unchanged,0.99686,0.00023,0.00291
ModernBERT-base,current,single,512,124,test,Mali,2025,7,deteriorated,0.00925,0.98904,0.00171
ModernBERT-base,current,single,512,124,test,Mali,2025,12,unchanged,0.94794,0.03386,0.0182
ModernBERT-base,current,single,512,124,dev,Niger,2025,1,unchanged,0.99658,0.00025,0.00317
ModernBERT-base,current,single,512,124,dev,Niger,2025,2,unchanged,0.99515,0.00052,0.00433
ModernBERT-base,current,single,512,124,dev,Niger,2025,2,unchanged,0.99495,0.00055,0.0045
ModernBERT-base,current,single,512,124,dev,Niger,2025,3,deteriorated,0.9951,0.00053,0.00436
ModernBERT-base,current,single,512,124,test,Niger,2025,7,unchanged,0.99583,0.0004,0.00376
ModernBERT-base,current,single,512,124,test,Niger,2025,10,unchanged,0.9907,0.00063,0.00867
ModernBERT-base,current,single,512,124,test,Niger,2025,12,unchanged,0.99592,0.00034,0.00373
ModernBERT-base,current,single,512,124,dev,Benin,2025,1,deteriorated,0.00128,0.99841,0.00031
ModernBERT-base,current,single,512,124,dev,Benin,2025,2,unchanged,0.99614,0.00029,0.00356
ModernBERT-base,current,single,512,124,dev,Benin,2025,2,unchanged,0.99492,0.0004,0.00468
ModernBERT-base,current,single,512,124,dev,Benin,2025,3,unchanged,0.99689,0.00022,0.00289
ModernBERT-base,current,single,512,124,test,Benin,2025,7,unchanged,0.99504,0.00038,0.00457
ModernBERT-base,current,single,512,124,test,Benin,2025,10,unchanged,0.99206,0.00048,0.00746
ModernBERT-base,current,single,512,124,test,Benin,2025,12,deteriorated,0.001,0.99876,0.00024
ModernBERT-base,current,single,512,124,dev,Moldova,2025,1,deteriorated,0.00086,0.9988,0.00034
ModernBERT-base,current,single,512,124,dev,Moldova,2025,2,unchanged,0.98549,0.00196,0.01255
ModernBERT-base,current,single,512,124,test,Moldova,2026,3,unchanged,0.98835,0.00093,0.01073
ModernBERT-base,current,single,512,124,test,Israel/Palestine,2025,12,unchanged,0.99625,0.00032,0.00343
ModernBERT-base,current,single,512,124,dev,Colombia,2025,2,unchanged,0.98707,0.00197,0.01097
ModernBERT-base,current,single,512,124,dev,Colombia,2025,3,unchanged,0.99432,0.0005,0.00518
ModernBERT-base,current,single,512,124,test,Colombia,2025,7,unchanged,0.96549,0.01081,0.0237
ModernBERT-base,current,single,512,124,test,Colombia,2025,10,deteriorated,0.99457,0.00072,0.00471
ModernBERT-base,current,single,512,124,test,Colombia,2025,12,unchanged,0.96597,0.01913,0.0149
ModernBERT-base,current,single,512,124,dev,Ecuador,2025,1,deteriorated,0.00055,0.99922,0.00023
ModernBERT-base,current,single,512,124,dev,Ecuador,2025,2,unchanged,0.96671,0.01226,0.02103
ModernBERT-base,current,single,512,124,dev,Ecuador,2025,3,unchanged,0.99256,0.00043,0.00701
ModernBERT-base,current,single,512,124,test,Ecuador,2025,7,unchanged,0.9969,0.00024,0.00287
ModernBERT-base,current,single,512,124,test,Ecuador,2025,10,unchanged,0.98579,0.00165,0.01256
ModernBERT-base,current,single,512,124,test,Ecuador,2025,12,unchanged,0.98617,0.00185,0.01199
ModernBERT-base,current,single,512,124,dev,Venezuela,2025,1,unchanged,0.97896,0.00413,0.01691
ModernBERT-base,current,single,512,124,dev,Venezuela,2025,2,unchanged,0.99038,0.00125,0.00837
ModernBERT-base,current,single,512,124,dev,Venezuela,2025,3,unchanged,0.99081,0.00065,0.00854
ModernBERT-base,current,single,512,124,test,Venezuela,2025,7,unchanged,0.99149,0.00061,0.0079
ModernBERT-base,current,single,512,124,dev,El Salvador,2025,1,unchanged,0.98947,0.0009,0.00962
ModernBERT-base,current,single,512,124,dev,El Salvador,2025,2,unchanged,0.99681,0.00023,0.00296
ModernBERT-base,current,single,512,124,dev,El Salvador,2025,3,unchanged,0.9945,0.0003,0.0052
ModernBERT-base,current,single,512,124,test,El Salvador,2025,7,deteriorated,0.99623,0.00034,0.00343
ModernBERT-base,current,single,512,124,test,El Salvador,2025,10,unchanged,0.99731,0.00018,0.00251
ModernBERT-base,current,single,512,124,test,El Salvador,2025,12,unchanged,0.99609,0.00026,0.00365
ModernBERT-base,current,single,512,124,test,Honduras,2025,12,deteriorated,0.94824,0.02128,0.03048
ModernBERT-base,current,single,512,124,dev,Mexico,2025,1,unchanged,0.99006,0.00078,0.00915
ModernBERT-base,current,single,512,124,dev,Mexico,2025,2,unchanged,0.9935,0.00033,0.00617
ModernBERT-base,current,single,512,124,dev,Mexico,2025,3,unchanged,0.99353,0.00056,0.00591
ModernBERT-base,current,single,512,124,test,Mexico,2025,7,unchanged,0.99075,0.00068,0.00857
ModernBERT-base,current,single,512,124,test,Mexico,2025,10,unchanged,0.97317,0.00969,0.01714
ModernBERT-base,current,single,512,124,test,Mexico,2025,12,unchanged,0.99056,0.0007,0.00874
ModernBERT-base,current,single,512,124,dev,Nicaragua,2025,1,unchanged,0.9907,0.00059,0.00871
ModernBERT-base,current,single,512,124,dev,Nicaragua,2025,2,deteriorated,0.97864,0.00419,0.01717
ModernBERT-base,current,single,512,124,dev,Nicaragua,2025,3,unchanged,0.99681,0.00019,0.003
ModernBERT-base,current,single,512,124,test,Nicaragua,2025,7,unchanged,0.99284,0.00042,0.00674
ModernBERT-base,current,single,512,124,test,Nicaragua,2025,10,unchanged,0.99693,0.00022,0.00284
ModernBERT-base,current,single,512,124,test,Nicaragua,2025,12,unchanged,0.99697,0.00021,0.00282
ModernBERT-base,current,single,512,124,dev,Haiti,2025,1,unchanged,0.99329,0.0005,0.00621
ModernBERT-base,current,single,512,124,dev,Haiti,2025,2,unchanged,0.99503,0.00037,0.00461
ModernBERT-base,current,single,512,124,dev,Haiti,2025,3,deteriorated,0.01446,0.98222,0.00333
ModernBERT-base,current,single,512,124,test,Haiti,2025,7,unchanged,0.99205,0.00111,0.00684
ModernBERT-base,current,single,512,124,test,Haiti,2025,10,unchanged,0.982,0.00303,0.01497
ModernBERT-base,current,single,512,124,test,Haiti,2025,12,unchanged,0.97079,0.00937,0.01984
ModernBERT-base,current,single,512,124,dev,China/Japan,2025,1,unchanged,0.99615,0.00034,0.00351
ModernBERT-base,current,single,512,124,dev,China/Japan,2025,2,unchanged,0.99566,0.00027,0.00407
ModernBERT-base,current,single,512,124,dev,China/Japan,2025,3,unchanged,0.9951,0.0004,0.0045
ModernBERT-base,current,single,512,124,test,China/Japan,2025,6,unchanged,0.99605,0.00041,0.00354
ModernBERT-base,current,single,512,124,test,China/Japan,2025,6,unchanged,0.99605,0.00041,0.00354
ModernBERT-base,current,single,512,124,test,China/Japan,2025,7,unchanged,0.99607,0.00036,0.00356
ModernBERT-base,current,single,512,124,test,China/Japan,2025,7,unchanged,0.99607,0.00036,0.00356
ModernBERT-base,current,single,512,124,test,China/Japan,2025,10,unchanged,0.99667,0.00023,0.0031
ModernBERT-base,current,single,512,124,test,China/Japan,2025,12,unchanged,0.98785,0.00117,0.01097
ModernBERT-base,current,single,512,124,dev,Korean Peninsula,2025,1,unchanged,0.992,0.00066,0.00734
ModernBERT-base,current,single,512,124,dev,Korean Peninsula,2025,2,unchanged,0.98634,0.00304,0.01062
ModernBERT-base,current,single,512,124,dev,Korean Peninsula,2025,3,unchanged,0.99549,0.00047,0.00404
ModernBERT-base,current,single,512,124,test,Korean Peninsula,2025,6,unchanged,0.98799,0.00142,0.0106
ModernBERT-base,current,single,512,124,test,Korean Peninsula,2025,6,unchanged,0.98799,0.00142,0.0106
ModernBERT-base,current,single,512,124,test,Korean Peninsula,2025,7,unchanged,0.98879,0.00089,0.01032
ModernBERT-base,current,single,512,124,test,Korean Peninsula,2025,7,unchanged,0.98879,0.00089,0.01032
ModernBERT-base,current,single,512,124,test,Korean Peninsula,2025,10,unchanged,0.98933,0.00142,0.00925
ModernBERT-base,current,single,512,124,test,Korean Peninsula,2025,12,unchanged,0.98918,0.00101,0.00981
ModernBERT-base,current,single,512,124,dev,Taiwan Strait,2025,1,unchanged,0.98759,0.00114,0.01128
ModernBERT-base,current,single,512,124,dev,Taiwan Strait,2025,2,unchanged,0.99031,0.00213,0.00756
ModernBERT-base,current,single,512,124,dev,Taiwan Strait,2025,3,unchanged,0.99089,0.00096,0.00815
ModernBERT-base,current,single,512,124,test,Taiwan Strait,2025,6,unchanged,0.99593,0.00039,0.00368
ModernBERT-base,current,single,512,124,test,Taiwan Strait,2025,6,unchanged,0.99593,0.00039,0.00368
ModernBERT-base,current,single,512,124,test,Taiwan Strait,2025,7,unchanged,0.99649,0.00029,0.00322
ModernBERT-base,current,single,512,124,test,Taiwan Strait,2025,7,unchanged,0.99649,0.00029,0.00322
ModernBERT-base,current,single,512,124,test,Taiwan Strait,2025,10,unchanged,0.99504,0.00053,0.00443
ModernBERT-base,current,single,512,124,test,Taiwan Strait,2025,12,deteriorated,0.91874,0.04907,0.03218
ModernBERT-base,current,single,512,124,dev,Afghanistan,2025,1,unchanged,0.99573,0.00042,0.00385
ModernBERT-base,current,single,512,124,dev,Afghanistan,2025,2,unchanged,0.9943,0.00072,0.00498
ModernBERT-base,current,single,512,124,dev,Afghanistan,2025,3,unchanged,0.99617,0.00034,0.00348
ModernBERT-base,current,single,512,124,test,Afghanistan,2025,7,unchanged,0.98573,0.00252,0.01175
ModernBERT-base,current,single,512,124,test,Afghanistan,2025,7,unchanged,0.98573,0.00252,0.01175
ModernBERT-base,current,single,512,124,test,Afghanistan,2025,12,unchanged,0.98736,0.00123,0.01141
ModernBERT-base,current,single,512,124,dev,Bangladesh,2025,1,unchanged,0.99558,0.00042,0.00401
ModernBERT-base,current,single,512,124,dev,Bangladesh,2025,2,unchanged,0.99483,0.00059,0.00457
ModernBERT-base,current,single,512,124,dev,Bangladesh,2025,3,unchanged,0.98799,0.00182,0.01019
ModernBERT-base,current,single,512,124,test,Bangladesh,2025,6,unchanged,0.9969,0.00024,0.00287
ModernBERT-base,current,single,512,124,test,Bangladesh,2025,6,unchanged,0.9969,0.00024,0.00287
ModernBERT-base,current,single,512,124,test,Bangladesh,2025,7,unchanged,0.99389,0.00106,0.00505
ModernBERT-base,current,single,512,124,test,Bangladesh,2025,7,unchanged,0.99389,0.00106,0.00505
ModernBERT-base,current,single,512,124,test,Bangladesh,2025,10,unchanged,0.99276,0.00101,0.00623
ModernBERT-base,current,single,512,124,test,Bangladesh,2025,12,deteriorated,0.68101,0.27301,0.04598
ModernBERT-base,current,single,512,124,dev,India,2025,1,unchanged,0.99354,0.00116,0.0053
ModernBERT-base,current,single,512,124,dev,India,2025,2,unchanged,0.99583,0.00044,0.00373
ModernBERT-base,current,single,512,124,dev,India,2025,3,unchanged,0.9958,0.00041,0.00379
ModernBERT-base,current,single,512,124,test,India,2025,6,unchanged,0.99399,0.00108,0.00494
ModernBERT-base,current,single,512,124,test,India,2025,6,unchanged,0.99399,0.00108,0.00494
ModernBERT-base,current,single,512,124,test,India,2025,7,unchanged,0.99705,0.00022,0.00274
ModernBERT-base,current,single,512,124,test,India,2025,7,unchanged,0.99705,0.00022,0.00274
ModernBERT-base,current,single,512,124,test,India,2025,10,improved,0.99097,0.00197,0.00705
ModernBERT-base,current,single,512,124,test,India,2025,12,unchanged,0.99697,0.00023,0.0028
ModernBERT-base,current,single,512,124,dev,Pakistan,2025,1,unchanged,0.99521,0.0006,0.0042
ModernBERT-base,current,single,512,124,dev,Pakistan,2025,2,unchanged,0.93412,0.03811,0.02777
ModernBERT-base,current,single,512,124,dev,Pakistan,2025,3,unchanged,0.92887,0.03834,0.03279
ModernBERT-base,current,single,512,124,test,Pakistan,2025,6,unchanged,0.99549,0.00057,0.00394
ModernBERT-base,current,single,512,124,test,Pakistan,2025,6,unchanged,0.99549,0.00057,0.00394
ModernBERT-base,current,single,512,124,test,Pakistan,2025,7,unchanged,0.99571,0.0005,0.00379
ModernBERT-base,current,single,512,124,test,Pakistan,2025,7,unchanged,0.99571,0.0005,0.00379
ModernBERT-base,current,single,512,124,test,Pakistan,2025,12,unchanged,0.99263,0.00093,0.00643
ModernBERT-base,current,single,512,124,dev,Sri Lanka,2025,1,unchanged,0.99628,0.00031,0.0034
ModernBERT-base,current,single,512,124,dev,Sri Lanka,2025,2,unchanged,0.99477,0.00052,0.00472
ModernBERT-base,current,single,512,124,dev,Sri Lanka,2025,3,unchanged,0.99388,0.00086,0.00526
ModernBERT-base,current,single,512,124,test,Sri Lanka,2025,6,unchanged,0.99674,0.00026,0.003
ModernBERT-base,current,single,512,124,test,Sri Lanka,2025,6,unchanged,0.99674,0.00026,0.003
ModernBERT-base,current,single,512,124,test,Sri Lanka,2025,7,unchanged,0.99695,0.00023,0.00282
ModernBERT-base,current,single,512,124,test,Sri Lanka,2025,7,unchanged,0.99695,0.00023,0.00282
ModernBERT-base,current,single,512,124,test,Sri Lanka,2025,10,unchanged,0.99613,0.00036,0.00351
ModernBERT-base,current,single,512,124,test,Sri Lanka,2025,12,unchanged,0.966,0.01056,0.02344
ModernBERT-base,current,single,512,124,dev,Myanmar,2025,1,unchanged,0.99179,0.00064,0.00757
ModernBERT-base,current,single,512,124,dev,Myanmar,2025,2,unchanged,0.98275,0.00268,0.01458
ModernBERT-base,current,single,512,124,dev,Myanmar,2025,3,unchanged,0.99659,0.00026,0.00315
ModernBERT-base,current,single,512,124,test,Myanmar,2025,6,unchanged,0.9935,0.00048,0.00602
ModernBERT-base,current,single,512,124,test,Myanmar,2025,6,unchanged,0.9935,0.00048,0.00602
ModernBERT-base,current,single,512,124,test,Myanmar,2025,7,unchanged,0.99195,0.00099,0.00706
ModernBERT-base,current,single,512,124,test,Myanmar,2025,7,unchanged,0.99195,0.00099,0.00706
ModernBERT-base,current,single,512,124,test,Myanmar,2025,10,unchanged,0.99376,0.00098,0.00526
ModernBERT-base,current,single,512,124,test,Myanmar,2025,12,unchanged,0.00534,0.9936,0.00106
ModernBERT-base,current,single,512,124,dev,Philippines,2025,1,unchanged,0.99512,0.00042,0.00447
ModernBERT-base,current,single,512,124,dev,Philippines,2025,2,unchanged,0.99627,0.00033,0.0034
ModernBERT-base,current,single,512,124,dev,Philippines,2025,3,unchanged,0.99746,0.00017,0.00238
ModernBERT-base,current,single,512,124,test,Philippines,2025,6,unchanged,0.99728,0.00017,0.00255
ModernBERT-base,current,single,512,124,test,Philippines,2025,6,unchanged,0.99728,0.00017,0.00255
ModernBERT-base,current,single,512,124,test,Philippines,2025,7,unchanged,0.99712,0.00019,0.00269
ModernBERT-base,current,single,512,124,test,Philippines,2025,7,unchanged,0.99712,0.00019,0.00269
ModernBERT-base,current,single,512,124,test,Philippines,2025,10,unchanged,0.98867,0.00156,0.00977
ModernBERT-base,current,single,512,124,test,Philippines,2025,12,unchanged,0.99305,0.00091,0.00604
ModernBERT-base,current,single,512,124,dev,South China Sea,2025,1,unchanged,0.97453,0.00617,0.0193
ModernBERT-base,current,single,512,124,dev,South China Sea,2025,2,unchanged,0.9927,0.00066,0.00664
ModernBERT-base,current,single,512,124,dev,South China Sea,2025,3,unchanged,0.99381,0.00037,0.00582
ModernBERT-base,current,single,512,124,test,South China Sea,2025,6,unchanged,0.99268,0.00118,0.00614
ModernBERT-base,current,single,512,124,test,South China Sea,2025,6,unchanged,0.99268,0.00118,0.00614
ModernBERT-base,current,single,512,124,test,South China Sea,2025,7,unchanged,0.99407,0.00059,0.00534
ModernBERT-base,current,single,512,124,test,South China Sea,2025,7,unchanged,0.99407,0.00059,0.00534
ModernBERT-base,current,single,512,124,test,South China Sea,2025,10,unchanged,0.99038,0.00081,0.00881
ModernBERT-base,current,single,512,124,test,South China Sea,2025,12,unchanged,0.99319,0.00047,0.00634
ModernBERT-base,current,single,512,124,dev,Thailand,2025,1,unchanged,0.9972,0.00021,0.00259
ModernBERT-base,current,single,512,124,dev,Thailand,2025,2,unchanged,0.99334,0.0012,0.00546
ModernBERT-base,current,single,512,124,dev,Thailand,2025,3,unchanged,0.99436,0.00078,0.00486
ModernBERT-base,current,single,512,124,test,Thailand,2025,6,deteriorated,0.02471,0.97162,0.00367
ModernBERT-base,current,single,512,124,test,Thailand,2025,6,deteriorated,0.02471,0.97162,0.00367
ModernBERT-base,current,single,512,124,test,Thailand,2025,7,unchanged,0.98999,0.00257,0.00744
ModernBERT-base,current,single,512,124,test,Thailand,2025,7,unchanged,0.98999,0.00257,0.00744
ModernBERT-base,current,single,512,124,test,Thailand,2025,10,improved,0.99633,0.00034,0.00332
ModernBERT-base,current,single,512,124,test,Thailand,2025,12,unchanged,0.02279,0.97284,0.00437
ModernBERT-base,current,single,512,124,test,Guatemala,2025,10,unchanged,0.9939,0.00043,0.00566
ModernBERT-base,current,single,512,124,dev,Bolivia,2025,1,unchanged,0.99615,0.00031,0.00354
ModernBERT-base,current,single,512,124,dev,Bolivia,2025,2,unchanged,0.99331,0.00059,0.00609
ModernBERT-base,current,single,512,124,test,Bolivia,2025,10,improved,0.99129,0.00059,0.00812
ModernBERT-base,current,single,512,124,test,Bolivia,2025,12,unchanged,0.97922,0.004,0.01678
ModernBERT-base,current,single,512,124,dev,Peru,2025,3,unchanged,0.99012,0.00111,0.00877
ModernBERT-base,current,single,512,124,test,Peru,2025,10,deteriorated,0.04672,0.94571,0.00757
ModernBERT-base,current,single,512,124,test,Madagascar,2025,10,deteriorated,0.0046,0.9939,0.00149
ModernBERT-base,current,single,512,124,dev,Guinea-Bissau,2025,2,deteriorated,0.00119,0.99836,0.00045
ModernBERT-base,current,single,512,124,dev,Guinea-Bissau,2025,2,deteriorated,0.02127,0.97393,0.0048
ModernBERT-base,current,single,512,124,dev,Guinea-Bissau,2025,3,unchanged,0.99416,0.00046,0.00538
ModernBERT-base,current,single,512,124,test,Guinea-Bissau,2025,12,unchanged,0.05146,0.93919,0.00935
ModernBERT-base,current,single,512,124,dev,Guyana,2025,3,unchanged,0.99472,0.00037,0.0049
ModernBERT-base,current,single,512,124,dev,Jordan,2025,2,unchanged,0.98429,0.00252,0.01319
ModernBERT-base,current,single,512,124,test,Kazakhstan,2026,3,unchanged,0.99357,0.00036,0.00607
ModernBERT-base,current,single,512,124,dev,Togo,2025,2,unchanged,0.99642,0.00023,0.00335
ModernBERT-base,current,single,512,124,dev,Togo,2025,2,unchanged,0.99628,0.00024,0.00348
ModernBERT-base,current,single,512,124,dev,Togo,2025,3,unchanged,0.99665,0.00025,0.0031
ModernBERT-base,current,single,512,124,test,Togo,2025,7,unchanged,0.98352,0.00229,0.01419
ModernBERT-base,current,single,512,124,test,Togo,2025,10,unchanged,0.99587,0.0003,0.00382
ModernBERT-base,current,single,512,124,test,Papua New Guinea,2025,10,unchanged,0.99682,0.00022,0.00296
ModernBERT-base,current,single,512,124,test,Cambodia,2025,7,unchanged,0.9704,0.00833,0.02127
ModernBERT-base,current,single,512,124,test,Cambodia,2025,7,unchanged,0.9704,0.00833,0.02127
ModernBERT-base,current,single,512,124,test,Brazil,2025,10,unchanged,0.01121,0.98602,0.00277
ModernBERT-base,current,single,512,124,test,Angola,2025,7,deteriorated,0.24663,0.72629,0.02708
ModernBERT-base,current,single,512,124,dev,Indonesia,2025,1,unchanged,0.99468,0.00046,0.00487
ModernBERT-base,current,single,512,124,dev,Indonesia,2025,2,unchanged,0.99425,0.00045,0.0053
ModernBERT-base,current,single,512,124,dev,Indonesia,2025,3,unchanged,0.98438,0.00264,0.01299
ModernBERT-base,current,single,512,124,test,Indonesia,2025,6,unchanged,0.99535,0.00035,0.0043
ModernBERT-base,current,single,512,124,test,Indonesia,2025,6,unchanged,0.99535,0.00035,0.0043
ModernBERT-base,current,single,512,124,test,Indonesia,2025,7,unchanged,0.9963,0.0003,0.0034
ModernBERT-base,current,single,512,124,test,Indonesia,2025,7,unchanged,0.9963,0.0003,0.0034
ModernBERT-base,current,single,512,124,test,Indonesia,2025,10,unchanged,0.96356,0.01213,0.02431
ModernBERT-base,current,single,512,124,test,Indonesia,2025,12,unchanged,0.99337,0.00039,0.00624
ModernBERT-base,current,single,512,124,test,Ghana,2025,7,unchanged,0.99285,0.00061,0.00653
ModernBERT-base,current,single,512,124,dev,South Africa,2025,1,unchanged,0.99357,0.00033,0.0061
ModernBERT-base,current,single,512,124,dev,South Africa,2025,2,unchanged,0.9926,0.00047,0.00693
ModernBERT-base,current,single,512,124,dev,South Africa,2025,2,unchanged,0.99308,0.00046,0.00646
ModernBERT-base,current,single,512,124,dev,South Africa,2025,3,unchanged,0.99092,0.0006,0.00847
ModernBERT-base,current,single,512,124,test,South Africa,2025,7,unchanged,0.99659,0.00026,0.00315
ModernBERT-base,current,single,512,124,test,South Africa,2025,10,unchanged,0.99598,0.00026,0.00376
ModernBERT-base,current,single,512,124,test,South Africa,2025,12,unchanged,0.99566,0.00037,0.00397
ModernBERT-base,current,single,512,124,test,Qatar,2025,6,unchanged,0.00056,0.9992,0.00024
ModernBERT-base,current,single,512,124,test,Qatar,2025,6,unchanged,0.00056,0.9992,0.00024
ModernBERT-base,current,single,512,124,test,Morocco,2025,10,deteriorated,0.0037,0.99528,0.00101
ModernBERT-base,current,single,512,124,dev,Comoros Islands,2025,1,unchanged,0.9864,0.00137,0.01222
ModernBERT-base,current,single,512,124,dev,Russia/U.S.,2025,1,unchanged,0.98965,0.0008,0.00955
ModernBERT-base,current,single,512,124,dev,Russia/U.S.,2025,2,unchanged,0.99123,0.00052,0.00825
ModernBERT-base,current,single,512,124,dev,Amazon,2025,1,unchanged,0.97827,0.00381,0.01792
ModernBERT-base,current,single,512,124,dev,Amazon,2025,2,unchanged,0.9907,0.00063,0.00867
ModernBERT-base,current,single,512,124,dev,Amazon,2025,3,unchanged,0.99439,0.00051,0.0051
ModernBERT-base,current,single,512,124,test,Amazon,2025,7,deteriorated,0.25814,0.71694,0.02492
ModernBERT-base,current,single,512,124,test,Amazon,2025,10,unchanged,0.99482,0.00054,0.00464
ModernBERT-base,current,single,512,124,test,Amazon,2025,12,unchanged,0.99376,0.00056,0.00568
ModernBERT-base,current,single,512,124,test,China-U.S.,2025,6,unchanged,0.99199,0.00058,0.00743
ModernBERT-base,current,single,512,124,test,China-U.S.,2025,6,unchanged,0.99199,0.00058,0.00743
ModernBERT-base,current,single,512,124,test,China-U.S.,2025,10,improved,0.9948,0.00063,0.00457
ModernBERT-base,current,single,512,124,test,China-U.S.,2025,12,unchanged,0.99336,0.00043,0.00621
ModernBERT-base,current,single,512,124,dev,Cook Islands,2025,2,unchanged,0.9821,0.00263,0.01527
ModernBERT-base,current,single,512,124,dev,Tasman Sea,2025,2,unchanged,0.97824,0.00419,0.01757
ModernBERT-base,current,single,512,124,test,New Caledonia,2025,7,improved,0.97956,0.00332,0.01712
ModernBERT-base,current,single,512,124,test,New Caledonia,2025,7,improved,0.97956,0.00332,0.01712
ModernBERT-base,current,single,512,125,dev,Cameroon,2025,1,unchanged,0.99999,0.0,1e-05
ModernBERT-base,current,single,512,125,dev,Cameroon,2025,2,unchanged,0.99998,1e-05,1e-05
ModernBERT-base,current,single,512,125,dev,Cameroon,2025,2,unchanged,0.99998,1e-05,1e-05
ModernBERT-base,current,single,512,125,dev,Cameroon,2025,3,unchanged,0.99988,0.00011,0.0
ModernBERT-base,current,single,512,125,test,Cameroon,2025,7,unchanged,1.0,0.0,0.0
ModernBERT-base,current,single,512,125,test,Cameroon,2025,12,unchanged,1.0,0.0,0.0
ModernBERT-base,current,single,512,125,dev,Chad,2025,1,unchanged,0.99647,0.00352,2e-05
ModernBERT-base,current,single,512,125,dev,Chad,2025,2,unchanged,0.99999,0.0,0.0
ModernBERT-base,current,single,512,125,dev,Chad,2025,2,unchanged,0.99999,0.0,0.0
ModernBERT-base,current,single,512,125,dev,Chad,2025,3,unchanged,0.99998,0.0,2e-05
ModernBERT-base,current,single,512,125,test,Chad,2025,7,unchanged,1.0,0.0,0.0
ModernBERT-base,current,single,512,125,test,Chad,2025,10,deteriorated,0.99999,0.0,1e-05
ModernBERT-base,current,single,512,125,test,Chad,2025,12,unchanged,0.99853,0.00146,1e-05
ModernBERT-base,current,single,512,125,dev,Gabon,2025,1,unchanged,1.0,0.0,0.0
ModernBERT-base,current,single,512,125,dev,Gabon,2025,3,unchanged,1.0,0.0,0.0
ModernBERT-base,current,single,512,125,dev,Kenya,2025,1,unchanged,1.0,0.0,0.0
ModernBERT-base,current,single,512,125,dev,Kenya,2025,2,unchanged,1.0,0.0,0.0
ModernBERT-base,current,single,512,125,dev,Kenya,2025,2,unchanged,1.0,0.0,0.0
ModernBERT-base,current,single,512,125,dev,Kenya,2025,3,unchanged,0.99998,0.0,2e-05
ModernBERT-base,current,single,512,125,test,Kenya,2025,7,deteriorated,0.00011,0.99989,1e-05
ModernBERT-base,current,single,512,125,test,Kenya,2025,10,unchanged,7e-05,0.99992,1e-05
ModernBERT-base,current,single,512,125,test,Kenya,2025,12,unchanged,1.0,0.0,0.0
ModernBERT-base,current,single,512,125,dev,Mozambique,2025,1,improved,0.0002,0.0,0.9998
ModernBERT-base,current,single,512,125,dev,Mozambique,2025,2,unchanged,0.99995,5e-05,0.0
ModernBERT-base,current,single,512,125,dev,Mozambique,2025,2,unchanged,0.99991,8e-05,0.0
ModernBERT-base,current,single,512,125,dev,Mozambique,2025,3,improved,3e-05,0.0,0.99997
ModernBERT-base,current,single,512,125,test,Mozambique,2025,7,unchanged,1.0,0.0,0.0
ModernBERT-base,current,single,512,125,test,Mozambique,2025,10,unchanged,0.99998,0.0,2e-05
ModernBERT-base,current,single,512,125,test,Mozambique,2025,12,unchanged,0.99999,1e-05,0.0
ModernBERT-base,current,single,512,125,dev,Tanzania,2025,1,unchanged,1.0,0.0,0.0
ModernBERT-base,current,single,512,125,dev,Tanzania,2025,2,unchanged,1.0,0.0,0.0
ModernBERT-base,current,single,512,125,dev,Tanzania,2025,2,unchanged,1.0,0.0,0.0
ModernBERT-base,current,single,512,125,dev,Tanzania,2025,3,unchanged,1.0,0.0,0.0
ModernBERT-base,current,single,512,125,test,Tanzania,2025,7,unchanged,1.0,0.0,0.0
ModernBERT-base,current,single,512,125,test,Tanzania,2025,12,unchanged,0.99864,0.00136,1e-05
ModernBERT-base,current,single,512,125,dev,Zimbabwe,2025,1,unchanged,1.0,0.0,0.0
ModernBERT-base,current,single,512,125,dev,Zimbabwe,2025,2,unchanged,1.0,0.0,0.0
ModernBERT-base,current,single,512,125,dev,Zimbabwe,2025,2,unchanged,1.0,0.0,0.0
ModernBERT-base,current,single,512,125,dev,Zimbabwe,2025,3,deteriorated,0.09138,0.90861,1e-05
ModernBERT-base,current,single,512,125,test,Zimbabwe,2025,7,unchanged,1.0,0.0,0.0
ModernBERT-base,current,single,512,125,test,Zimbabwe,2025,10,unchanged,1.0,0.0,0.0
ModernBERT-base,current,single,512,125,test,Zimbabwe,2025,12,unchanged,1.0,0.0,0.0
ModernBERT-base,current,single,512,125,test,Burundi,2025,7,unchanged,0.99999,0.0,1e-05
ModernBERT-base,current,single,512,125,test,Burundi,2025,10,unchanged,1.0,0.0,0.0
ModernBERT-base,current,single,512,125,test,DR Congo,2025,10,unchanged,0.99998,0.0,1e-05
ModernBERT-base,current,single,512,125,test,DR Congo,2025,12,deteriorated,0.89908,0.10087,5e-05
ModernBERT-base,current,single,512,125,dev,Rwanda,2025,2,unchanged,0.99999,0.0,0.0
ModernBERT-base,current,single,512,125,dev,Rwanda,2025,2,unchanged,0.99999,0.0,1e-05
ModernBERT-base,current,single,512,125,dev,Rwanda,2025,3,unchanged,0.99998,0.0,2e-05
ModernBERT-base,current,single,512,125,test,Rwanda,2025,7,unchanged,1.0,0.0,0.0
ModernBERT-base,current,single,512,125,test,Rwanda,2025,10,unchanged,0.99999,0.0,1e-05
ModernBERT-base,current,single,512,125,test,Rwanda,2025,12,unchanged,0.99969,4e-05,0.00027
ModernBERT-base,current,single,512,125,dev,Uganda,2025,1,unchanged,1.0,0.0,0.0
ModernBERT-base,current,single,512,125,dev,Uganda,2025,2,unchanged,1.0,0.0,0.0
ModernBERT-base,current,single,512,125,dev,Uganda,2025,2,unchanged,1.0,0.0,0.0
ModernBERT-base,current,single,512,125,dev,Uganda,2025,3,unchanged,0.99892,0.00108,0.0
ModernBERT-base,current,single,512,125,test,Uganda,2025,7,unchanged,0.05582,0.94416,2e-05
ModernBERT-base,current,single,512,125,test,Uganda,2025,10,unchanged,0.99997,3e-05,0.0
ModernBERT-base,current,single,512,125,dev,Eritrea,2025,1,unchanged,1.0,0.0,0.0
ModernBERT-base,current,single,512,125,dev,Eritrea,2025,2,unchanged,1.0,0.0,0.0
ModernBERT-base,current,single,512,125,dev,Eritrea,2025,2,unchanged,1.0,0.0,0.0
ModernBERT-base,current,single,512,125,test,Eritrea,2025,7,unchanged,1.0,0.0,0.0
ModernBERT-base,current,single,512,125,test,Eritrea,2025,10,unchanged,1.0,0.0,0.0
ModernBERT-base,current,single,512,125,test,Eritrea,2025,12,unchanged,1.0,0.0,0.0
ModernBERT-base,current,single,512,125,dev,Ethiopia,2025,1,unchanged,0.99999,0.0,1e-05
ModernBERT-base,current,single,512,125,dev,Ethiopia,2025,2,unchanged,0.99996,3e-05,0.0
ModernBERT-base,current,single,512,125,dev,Ethiopia,2025,2,unchanged,0.99995,4e-05,1e-05
ModernBERT-base,current,single,512,125,test,Ethiopia,2025,7,unchanged,0.99991,9e-05,0.0
ModernBERT-base,current,single,512,125,test,Ethiopia,2025,10,unchanged,0.99996,2e-05,2e-05
ModernBERT-base,current,single,512,125,test,Ethiopia,2025,12,deteriorated,0.00018,0.99981,1e-05
ModernBERT-base,current,single,512,125,test,Nile Waters,2025,7,unchanged,1.0,0.0,0.0
ModernBERT-base,current,single,512,125,test,Nile Waters,2025,10,unchanged,0.8791,0.12085,6e-05
ModernBERT-base,current,single,512,125,test,Nile Waters,2025,12,unchanged,1.0,0.0,0.0
ModernBERT-base,current,single,512,125,dev,Somalia,2025,1,unchanged,0.99998,1e-05,1e-05
ModernBERT-base,current,single,512,125,dev,Somalia,2025,2,unchanged,0.99993,4e-05,3e-05
ModernBERT-base,current,single,512,125,dev,Somalia,2025,2,unchanged,0.9999,6e-05,4e-05
ModernBERT-base,current,single,512,125,dev,Somalia,2025,3,unchanged,0.99996,1e-05,3e-05
ModernBERT-base,current,single,512,125,test,Somalia,2025,7,deteriorated,0.99996,1e-05,3e-05
ModernBERT-base,current,single,512,125,test,Somalia,2025,10,unchanged,0.9999,0.0,9e-05
ModernBERT-base,current,single,512,125,test,Somalia,2025,12,unchanged,0.94077,2e-05,0.05921
ModernBERT-base,current,single,512,125,dev,Somaliland,2025,1,unchanged,0.99999,0.0,1e-05
ModernBERT-base,current,single,512,125,dev,Somaliland,2025,2,unchanged,0.99998,0.0,2e-05
ModernBERT-base,current,single,512,125,dev,Somaliland,2025,2,unchanged,0.99997,0.0,3e-05
ModernBERT-base,current,single,512,125,dev,Somaliland,2025,3,unchanged,0.9609,0.03905,5e-05
ModernBERT-base,current,single,512,125,test,Somaliland,2025,7,unchanged,1.0,0.0,0.0
ModernBERT-base,current,single,512,125,test,Somaliland,2025,10,unchanged,0.99961,0.0,0.00039
ModernBERT-base,current,single,512,125,test,Somaliland,2025,12,unchanged,1e-05,0.99999,0.0
ModernBERT-base,current,single,512,125,dev,South Sudan,2025,1,unchanged,0.99997,1e-05,2e-05
ModernBERT-base,current,single,512,125,dev,South Sudan,2025,2,unchanged,0.99999,1e-05,0.0
ModernBERT-base,current,single,512,125,dev,South Sudan,2025,2,unchanged,0.99999,1e-05,0.0
ModernBERT-base,current,single,512,125,test,South Sudan,2025,7,unchanged,1.0,0.0,0.0
ModernBERT-base,current,single,512,125,test,South Sudan,2025,10,unchanged,0.99999,0.0,1e-05
ModernBERT-base,current,single,512,125,test,South Sudan,2025,12,unchanged,1.0,0.0,0.0
ModernBERT-base,current,single,512,125,dev,Sudan,2025,2,deteriorated,0.0,1.0,0.0
ModernBERT-base,current,single,512,125,dev,Sudan,2025,2,deteriorated,0.0,1.0,0.0
ModernBERT-base,current,single,512,125,dev,Sudan,2025,3,unchanged,0.03547,0.92907,0.03547
ModernBERT-base,current,single,512,125,test,Sudan,2025,7,unchanged,0.0004,0.99959,1e-05
ModernBERT-base,current,single,512,125,test,Sudan,2025,12,unchanged,0.99933,0.00066,0.0
ModernBERT-base,current,single,512,125,dev,Burkina Faso,2025,1,unchanged,0.99999,0.0,1e-05
ModernBERT-base,current,single,512,125,dev,Burkina Faso,2025,2,unchanged,0.99995,3e-05,2e-05
ModernBERT-base,current,single,512,125,dev,Burkina Faso,2025,2,unchanged,0.99996,2e-05,2e-05
ModernBERT-base,current,single,512,125,dev,Burkina Faso,2025,3,deteriorated,1e-05,0.99999,0.0
ModernBERT-base,current,single,512,125,test,Burkina Faso,2025,7,unchanged,8e-05,0.99991,1e-05
ModernBERT-base,current,single,512,125,test,Burkina Faso,2025,10,unchanged,1.0,0.0,0.0
ModernBERT-base,current,single,512,125,test,Burkina Faso,2025,12,unchanged,1.0,0.0,0.0
ModernBERT-base,current,single,512,125,dev,Guinea,2025,1,unchanged,1.0,0.0,0.0
ModernBERT-base,current,single,512,125,dev,Guinea,2025,2,unchanged,1.0,0.0,0.0
ModernBERT-base,current,single,512,125,dev,Guinea,2025,2,unchanged,1.0,0.0,0.0
ModernBERT-base,current,single,512,125,dev,Guinea,2025,3,unchanged,1.0,0.0,0.0
ModernBERT-base,current,single,512,125,test,Guinea,2025,7,unchanged,1.0,0.0,0.0
ModernBERT-base,current,single,512,125,test,Guinea,2025,10,unchanged,1.0,0.0,0.0
ModernBERT-base,current,single,512,125,test,Guinea,2025,12,unchanged,0.01462,0.0,0.98538
ModernBERT-base,current,single,512,125,dev,Nigeria,2025,1,unchanged,0.99998,2e-05,0.0
ModernBERT-base,current,single,512,125,dev,Nigeria,2025,2,unchanged,0.99996,3e-05,1e-05
ModernBERT-base,current,single,512,125,dev,Nigeria,2025,2,unchanged,0.99996,3e-05,1e-05
ModernBERT-base,current,single,512,125,dev,Nigeria,2025,3,unchanged,0.99999,0.0,0.0
ModernBERT-base,current,single,512,125,test,Nigeria,2025,7,unchanged,0.99991,7e-05,2e-05
ModernBERT-base,current,single,512,125,test,Nigeria,2025,10,unchanged,1.0,0.0,0.0
ModernBERT-base,current,single,512,125,test,Nigeria,2025,12,unchanged,0.99993,6e-05,0.0
ModernBERT-base,current,single,512,125,dev,Senegal,2025,2,unchanged,0.0042,0.0,0.9958
ModernBERT-base,current,single,512,125,dev,Senegal,2025,2,unchanged,0.00723,0.0,0.99277
ModernBERT-base,current,single,512,125,dev,Kosovo,2025,1,unchanged,0.99999,0.0,0.0
ModernBERT-base,current,single,512,125,dev,Kosovo,2025,2,unchanged,1.0,0.0,0.0
ModernBERT-base,current,single,512,125,dev,Kosovo,2025,3,unchanged,1.0,0.0,0.0
ModernBERT-base,current,single,512,125,test,Kosovo,2025,7,unchanged,0.98884,0.01116,0.0
ModernBERT-base,current,single,512,125,test,Kosovo,2025,10,unchanged,0.99945,1e-05,0.00054
ModernBERT-base,current,single,512,125,test,Kosovo,2025,12,unchanged,0.00048,0.00028,0.99924
ModernBERT-base,current,single,512,125,test,Kosovo,2026,3,unchanged,0.99999,0.0,0.0
ModernBERT-base,current,single,512,125,dev,Armenia,2025,1,unchanged,1.0,0.0,0.0
ModernBERT-base,current,single,512,125,dev,Armenia,2025,2,unchanged,1.0,0.0,0.0
ModernBERT-base,current,single,512,125,dev,Armenia,2025,3,unchanged,0.94418,0.0,0.05582
ModernBERT-base,current,single,512,125,test,Armenia,2025,7,unchanged,0.10088,0.0,0.89912
ModernBERT-base,current,single,512,125,test,Armenia,2025,10,unchanged,0.99998,0.0,2e-05
ModernBERT-base,current,single,512,125,test,Armenia,2025,12,unchanged,1.0,0.0,0.0
ModernBERT-base,current,single,512,125,test,Armenia,2026,3,unchanged,1.0,0.0,0.0
ModernBERT-base,current,single,512,125,dev,Azerbaijan,2025,1,unchanged,1.0,0.0,0.0
ModernBERT-base,current,single,512,125,dev,Azerbaijan,2025,2,unchanged,1.0,0.0,0.0
ModernBERT-base,current,single,512,125,dev,Azerbaijan,2025,3,unchanged,0.94335,0.0,0.05665
ModernBERT-base,current,single,512,125,test,Azerbaijan,2025,7,unchanged,0.01385,0.0,0.98615
ModernBERT-base,current,single,512,125,test,Azerbaijan,2025,10,unchanged,0.99997,0.0,3e-05
ModernBERT-base,current,single,512,125,test,Azerbaijan,2025,12,unchanged,1.0,0.0,0.0
ModernBERT-base,current,single,512,125,test,Azerbaijan,2026,3,unchanged,0.99779,0.00221,0.0
ModernBERT-base,current,single,512,125,dev,Georgia,2025,1,unchanged,1.0,0.0,0.0
ModernBERT-base,current,single,512,125,dev,Georgia,2025,2,unchanged,0.99999,0.0,1e-05
ModernBERT-base,current,single,512,125,dev,Georgia,2025,3,unchanged,1.0,0.0,0.0
ModernBERT-base,current,single,512,125,test,Georgia,2025,7,unchanged,1.0,0.0,0.0
ModernBERT-base,current,single,512,125,test,Georgia,2025,10,unchanged,0.54673,0.45326,1e-05
ModernBERT-base,current,single,512,125,test,Georgia,2025,12,unchanged,1.0,0.0,0.0
ModernBERT-base,current,single,512,125,test,Georgia,2026,3,unchanged,1.0,0.0,0.0
ModernBERT-base,current,single,512,125,dev,Belarus,2025,1,unchanged,0.99996,4e-05,0.0
ModernBERT-base,current,single,512,125,dev,Belarus,2025,2,unchanged,1.0,0.0,0.0
ModernBERT-base,current,single,512,125,dev,Belarus,2025,3,unchanged,1.0,0.0,0.0
ModernBERT-base,current,single,512,125,test,Belarus,2025,7,unchanged,1.0,0.0,0.0
ModernBERT-base,current,single,512,125,test,Belarus,2025,10,unchanged,1.0,0.0,0.0
ModernBERT-base,current,single,512,125,test,Belarus,2025,12,unchanged,1.0,0.0,0.0
ModernBERT-base,current,single,512,125,test,Belarus,2026,3,unchanged,0.99905,0.0,0.00095
ModernBERT-base,current,single,512,125,dev,Ukraine,2025,1,unchanged,0.99999,0.0,1e-05
ModernBERT-base,current,single,512,125,dev,Ukraine,2025,2,unchanged,1.0,0.0,0.0
ModernBERT-base,current,single,512,125,dev,Ukraine,2025,3,unchanged,0.99999,0.0,1e-05
ModernBERT-base,current,single,512,125,test,Ukraine,2025,12,unchanged,0.99999,0.0,0.0
ModernBERT-base,current,single,512,125,test,Ukraine,2026,3,unchanged,0.99999,1e-05,0.0
ModernBERT-base,current,single,512,125,dev,Cyprus,2025,1,unchanged,0.99998,0.0,2e-05
ModernBERT-base,current,single,512,125,dev,Cyprus,2025,2,unchanged,1.0,0.0,0.0
ModernBERT-base,current,single,512,125,dev,Cyprus,2025,3,unchanged,0.76629,0.0,0.23371
ModernBERT-base,current,single,512,125,test,Cyprus,2025,7,unchanged,0.99997,0.0,3e-05
ModernBERT-base,current,single,512,125,test,Cyprus,2025,10,unchanged,1.0,0.0,0.0
ModernBERT-base,current,single,512,125,test,Cyprus,2025,12,unchanged,1.0,0.0,0.0
ModernBERT-base,current,single,512,125,test,Cyprus,2026,3,unchanged,0.99999,1e-05,0.0
ModernBERT-base,current,single,512,125,dev,Türkiye,2025,1,unchanged,1.0,0.0,0.0
ModernBERT-base,current,single,512,125,dev,Türkiye,2025,3,deteriorated,0.0,1.0,0.0
ModernBERT-base,current,single,512,125,test,Türkiye,2025,7,improved,0.9997,0.0,0.0003
ModernBERT-base,current,single,512,125,test,Türkiye,2025,10,unchanged,0.99749,0.0,0.00251
ModernBERT-base,current,single,512,125,test,Türkiye,2025,12,unchanged,0.99999,0.0,1e-05
ModernBERT-base,current,single,512,125,test,Türkiye,2026,3,unchanged,1.0,0.0,0.0
ModernBERT-base,current,single,512,125,dev,Kyrgyzstan,2025,1,unchanged,0.99994,0.0,6e-05
ModernBERT-base,current,single,512,125,dev,Kyrgyzstan,2025,2,unchanged,0.99737,0.0,0.00263
ModernBERT-base,current,single,512,125,dev,Kyrgyzstan,2025,3,improved,0.10088,0.0,0.89912
ModernBERT-base,current,single,512,125,test,Kyrgyzstan,2025,7,unchanged,1.0,0.0,0.0
ModernBERT-base,current,single,512,125,test,Kyrgyzstan,2025,10,unchanged,1.0,0.0,0.0
ModernBERT-base,current,single,512,125,test,Kyrgyzstan,2025,12,unchanged,1.0,0.0,0.0
ModernBERT-base,current,single,512,125,test,Kyrgyzstan,2026,3,unchanged,1.0,0.0,0.0
ModernBERT-base,current,single,512,125,dev,Tajikistan,2025,1,unchanged,1.0,0.0,0.0
ModernBERT-base,current,single,512,125,dev,Tajikistan,2025,2,unchanged,0.0145,0.0,0.9855
ModernBERT-base,current,single,512,125,dev,Tajikistan,2025,3,improved,0.0069,0.0,0.9931
ModernBERT-base,current,single,512,125,test,Tajikistan,2025,7,unchanged,1.0,0.0,0.0
ModernBERT-base,current,single,512,125,test,Tajikistan,2025,10,unchanged,1.0,0.0,0.0
ModernBERT-base,current,single,512,125,test,Tajikistan,2025,12,unchanged,1.0,0.0,0.0
ModernBERT-base,current,single,512,125,test,Tajikistan,2026,3,unchanged,1.0,0.0,0.0
ModernBERT-base,current,single,512,125,dev,Uzbekistan,2025,1,unchanged,0.99641,0.0,0.00359
ModernBERT-base,current,single,512,125,dev,Uzbekistan,2025,2,unchanged,1.0,0.0,0.0
ModernBERT-base,current,single,512,125,dev,Uzbekistan,2025,3,unchanged,0.9993,0.0,0.0007
ModernBERT-base,current,single,512,125,test,Uzbekistan,2025,7,unchanged,1.0,0.0,0.0
ModernBERT-base,current,single,512,125,test,Uzbekistan,2025,10,unchanged,1.0,0.0,0.0
ModernBERT-base,current,single,512,125,test,Uzbekistan,2025,12,unchanged,0.99999,0.0,1e-05
ModernBERT-base,current,single,512,125,test,Uzbekistan,2026,3,unchanged,1.0,0.0,0.0
ModernBERT-base,current,single,512,125,dev,Lebanon,2025,1,unchanged,0.99999,0.0,1e-05
ModernBERT-base,current,single,512,125,dev,Lebanon,2025,2,unchanged,0.99992,0.0,8e-05
ModernBERT-base,current,single,512,125,dev,Lebanon,2025,3,unchanged,0.0,1.0,0.0
ModernBERT-base,current,single,512,125,test,Lebanon,2025,6,unchanged,0.99999,1e-05,0.0
ModernBERT-base,current,single,512,125,test,Lebanon,2025,6,unchanged,0.99999,1e-05,0.0
ModernBERT-base,current,single,512,125,test,Lebanon,2025,7,unchanged,0.99997,3e-05,1e-05
ModernBERT-base,current,single,512,125,test,Lebanon,2025,10,unchanged,0.99997,3e-05,1e-05
ModernBERT-base,current,single,512,125,test,Lebanon,2025,12,unchanged,1.0,0.0,0.0
ModernBERT-base,current,single,512,125,dev,Syria,2025,1,unchanged,0.82445,0.17554,2e-05
ModernBERT-base,current,single,512,125,dev,Syria,2025,2,unchanged,0.99999,0.0,1e-05
ModernBERT-base,current,single,512,125,dev,Syria,2025,3,deteriorated,0.00345,0.99514,0.00141
ModernBERT-base,current,single,512,125,test,Syria,2025,6,deteriorated,0.00015,0.99984,1e-05
ModernBERT-base,current,single,512,125,test,Syria,2025,6,deteriorated,0.00015,0.99984,1e-05
ModernBERT-base,current,single,512,125,test,Syria,2025,7,deteriorated,0.0,1.0,0.0
ModernBERT-base,current,single,512,125,test,Syria,2025,10,improved,0.00669,0.0,0.99331
ModernBERT-base,current,single,512,125,test,Syria,2025,12,deteriorated,0.0,1.0,0.0
ModernBERT-base,current,single,512,125,dev,Iran,2025,1,unchanged,1.0,0.0,0.0
ModernBERT-base,current,single,512,125,dev,Iran,2025,2,unchanged,0.99998,2e-05,0.0
ModernBERT-base,current,single,512,125,dev,Iran,2025,3,unchanged,0.99987,0.00013,0.0
ModernBERT-base,current,single,512,125,test,Iran,2025,7,unchanged,1.0,0.0,0.0
ModernBERT-base,current,single,512,125,test,Iran,2025,10,unchanged,1.0,0.0,0.0
ModernBERT-base,current,single,512,125,test,Iran,2025,12,deteriorated,0.00027,0.99973,0.0
ModernBERT-base,current,single,512,125,dev,Iraq,2025,1,unchanged,1.0,0.0,0.0
ModernBERT-base,current,single,512,125,dev,Iraq,2025,2,unchanged,0.99999,0.0,1e-05
ModernBERT-base,current,single,512,125,dev,Iraq,2025,3,unchanged,0.99998,1e-05,1e-05
ModernBERT-base,current,single,512,125,test,Iraq,2025,6,unchanged,0.99997,3e-05,0.0
ModernBERT-base,current,single,512,125,test,Iraq,2025,6,unchanged,0.99997,3e-05,0.0
ModernBERT-base,current,single,512,125,test,Iraq,2025,7,unchanged,0.99995,0.0,5e-05
ModernBERT-base,current,single,512,125,test,Iraq,2025,10,unchanged,0.99953,0.00044,2e-05
ModernBERT-base,current,single,512,125,test,Iraq,2025,12,unchanged,1.0,0.0,0.0
ModernBERT-base,current,single,512,125,dev,Saudi Arabia,2025,1,unchanged,1.0,0.0,0.0
ModernBERT-base,current,single,512,125,dev,Saudi Arabia,2025,2,unchanged,1.0,0.0,0.0
ModernBERT-base,current,single,512,125,dev,Saudi Arabia,2025,3,unchanged,1.0,0.0,0.0
ModernBERT-base,current,single,512,125,test,Saudi Arabia,2025,6,unchanged,0.99994,6e-05,0.0
ModernBERT-base,current,single,512,125,test,Saudi Arabia,2025,6,unchanged,0.99994,6e-05,0.0
ModernBERT-base,current,single,512,125,test,Saudi Arabia,2025,7,unchanged,1.0,0.0,0.0
ModernBERT-base,current,single,512,125,test,Saudi Arabia,2025,10,unchanged,0.99999,0.0,1e-05
ModernBERT-base,current,single,512,125,test,Saudi Arabia,2025,12,unchanged,0.85388,0.14608,4e-05
ModernBERT-base,current,single,512,125,test,Yemen,2025,6,unchanged,0.99994,1e-05,4e-05
ModernBERT-base,current,single,512,125,test,Yemen,2025,6,unchanged,0.99994,1e-05,4e-05
ModernBERT-base,current,single,512,125,test,Yemen,2025,7,deteriorated,0.95245,0.04334,0.00421
ModernBERT-base,current,single,512,125,dev,Algeria,2025,1,unchanged,1.0,0.0,0.0
ModernBERT-base,current,single,512,125,dev,Algeria,2025,2,unchanged,0.0002,0.9998,0.0
ModernBERT-base,current,single,512,125,dev,Algeria,2025,3,unchanged,1.0,0.0,0.0
ModernBERT-base,current,single,512,125,test,Algeria,2025,6,unchanged,1.0,0.0,0.0
ModernBERT-base,current,single,512,125,test,Algeria,2025,6,unchanged,1.0,0.0,0.0
ModernBERT-base,current,single,512,125,test,Algeria,2025,7,unchanged,1.0,0.0,0.0
ModernBERT-base,current,single,512,125,test,Algeria,2025,10,unchanged,0.99999,0.0,0.0
ModernBERT-base,current,single,512,125,test,Algeria,2025,12,unchanged,1.0,0.0,0.0
ModernBERT-base,current,single,512,125,dev,Egypt,2025,1,unchanged,1.0,0.0,0.0
ModernBERT-base,current,single,512,125,dev,Egypt,2025,2,unchanged,1.0,0.0,0.0
ModernBERT-base,current,single,512,125,dev,Egypt,2025,3,unchanged,0.99999,0.0,1e-05
ModernBERT-base,current,single,512,125,test,Egypt,2025,6,unchanged,1.0,0.0,0.0
ModernBERT-base,current,single,512,125,test,Egypt,2025,6,unchanged,1.0,0.0,0.0
ModernBERT-base,current,single,512,125,test,Egypt,2025,7,unchanged,1.0,0.0,0.0
ModernBERT-base,current,single,512,125,test,Egypt,2025,10,unchanged,0.99998,0.0,2e-05
ModernBERT-base,current,single,512,125,test,Egypt,2025,12,unchanged,1.0,0.0,0.0
ModernBERT-base,current,single,512,125,dev,Libya,2025,1,unchanged,1.0,0.0,0.0
ModernBERT-base,current,single,512,125,dev,Libya,2025,2,unchanged,1.0,0.0,0.0
ModernBERT-base,current,single,512,125,dev,Libya,2025,3,unchanged,0.99998,2e-05,0.0
ModernBERT-base,current,single,512,125,test,Libya,2025,6,unchanged,1.0,0.0,0.0
ModernBERT-base,current,single,512,125,test,Libya,2025,6,unchanged,1.0,0.0,0.0
ModernBERT-base,current,single,512,125,test,Libya,2025,7,unchanged,1.0,0.0,0.0
ModernBERT-base,current,single,512,125,test,Libya,2025,10,unchanged,0.99999,0.0,1e-05
ModernBERT-base,current,single,512,125,test,Libya,2025,12,unchanged,0.99044,0.0,0.00956
ModernBERT-base,current,single,512,125,dev,Tunisia,2025,1,unchanged,1.0,0.0,0.0
ModernBERT-base,current,single,512,125,dev,Tunisia,2025,2,unchanged,1.0,0.0,0.0
ModernBERT-base,current,single,512,125,dev,Tunisia,2025,3,unchanged,0.99999,0.0,1e-05
ModernBERT-base,current,single,512,125,test,Tunisia,2025,6,unchanged,1.0,0.0,0.0
ModernBERT-base,current,single,512,125,test,Tunisia,2025,6,unchanged,1.0,0.0,0.0
ModernBERT-base,current,single,512,125,test,Tunisia,2025,7,unchanged,1.0,0.0,0.0
ModernBERT-base,current,single,512,125,test,Tunisia,2025,10,unchanged,0.93245,0.06755,1e-05
ModernBERT-base,current,single,512,125,test,Tunisia,2025,12,unchanged,1.0,0.0,0.0
ModernBERT-base,current,single,512,125,dev,Western Sahara,2025,1,unchanged,1.0,0.0,0.0
ModernBERT-base,current,single,512,125,dev,Western Sahara,2025,2,unchanged,1.0,0.0,0.0
ModernBERT-base,current,single,512,125,dev,Western Sahara,2025,3,unchanged,1.0,0.0,0.0
ModernBERT-base,current,single,512,125,test,Western Sahara,2025,6,unchanged,1.0,0.0,0.0
ModernBERT-base,current,single,512,125,test,Western Sahara,2025,6,unchanged,1.0,0.0,0.0
ModernBERT-base,current,single,512,125,test,Western Sahara,2025,7,unchanged,1.0,0.0,0.0
ModernBERT-base,current,single,512,125,test,Western Sahara,2025,10,unchanged,1.0,0.0,0.0
ModernBERT-base,current,single,512,125,test,Western Sahara,2025,12,unchanged,1.0,0.0,0.0
ModernBERT-base,current,single,512,125,dev,Central African Republic,2025,1,unchanged,1.0,0.0,0.0
ModernBERT-base,current,single,512,125,dev,Central African Republic,2025,2,unchanged,1.0,0.0,0.0
ModernBERT-base,current,single,512,125,dev,Central African Republic,2025,2,unchanged,1.0,0.0,0.0
ModernBERT-base,current,single,512,125,dev,Central African Republic,2025,3,unchanged,1.0,0.0,0.0
ModernBERT-base,current,single,512,125,test,Central African Republic,2025,7,unchanged,1.0,0.0,0.0
ModernBERT-base,current,single,512,125,test,Central African Republic,2025,10,unchanged,1.0,0.0,0.0
ModernBERT-base,current,single,512,125,dev,Mali,2025,1,unchanged,0.99997,2e-05,1e-05
ModernBERT-base,current,single,512,125,dev,Mali,2025,2,unchanged,0.99999,0.0,0.0
ModernBERT-base,current,single,512,125,dev,Mali,2025,2,unchanged,0.99999,0.0,0.0
ModernBERT-base,current,single,512,125,dev,Mali,2025,3,unchanged,1.0,0.0,0.0
ModernBERT-base,current,single,512,125,test,Mali,2025,7,deteriorated,0.99999,0.0,1e-05
ModernBERT-base,current,single,512,125,test,Mali,2025,12,unchanged,0.99878,0.00114,8e-05
ModernBERT-base,current,single,512,125,dev,Niger,2025,1,unchanged,1.0,0.0,0.0
ModernBERT-base,current,single,512,125,dev,Niger,2025,2,unchanged,1.0,0.0,0.0
ModernBERT-base,current,single,512,125,dev,Niger,2025,2,unchanged,0.99999,0.0,1e-05
ModernBERT-base,current,single,512,125,dev,Niger,2025,3,deteriorated,0.99997,0.0,3e-05
ModernBERT-base,current,single,512,125,test,Niger,2025,7,unchanged,1.0,0.0,0.0
ModernBERT-base,current,single,512,125,test,Niger,2025,10,unchanged,1.0,0.0,0.0
ModernBERT-base,current,single,512,125,test,Niger,2025,12,unchanged,1.0,0.0,0.0
ModernBERT-base,current,single,512,125,dev,Benin,2025,1,deteriorated,0.29743,0.70245,0.00012
ModernBERT-base,current,single,512,125,dev,Benin,2025,2,unchanged,0.99999,0.0,0.0
ModernBERT-base,current,single,512,125,dev,Benin,2025,2,unchanged,0.99999,0.0,0.0
ModernBERT-base,current,single,512,125,dev,Benin,2025,3,unchanged,1.0,0.0,0.0
ModernBERT-base,current,single,512,125,test,Benin,2025,7,unchanged,1.0,0.0,0.0
ModernBERT-base,current,single,512,125,test,Benin,2025,10,unchanged,1.0,0.0,0.0
ModernBERT-base,current,single,512,125,test,Benin,2025,12,deteriorated,0.99452,0.00545,3e-05
ModernBERT-base,current,single,512,125,dev,Moldova,2025,1,deteriorated,0.1128,0.8872,0.0
ModernBERT-base,current,single,512,125,dev,Moldova,2025,2,unchanged,1.0,0.0,0.0
ModernBERT-base,current,single,512,125,test,Moldova,2026,3,unchanged,0.99724,0.00276,1e-05
ModernBERT-base,current,single,512,125,test,Israel/Palestine,2025,12,unchanged,0.99999,0.0,1e-05
ModernBERT-base,current,single,512,125,dev,Colombia,2025,2,unchanged,0.93533,0.06465,2e-05
ModernBERT-base,current,single,512,125,dev,Colombia,2025,3,unchanged,0.99996,0.0,3e-05
ModernBERT-base,current,single,512,125,test,Colombia,2025,7,unchanged,0.99968,0.00031,1e-05
ModernBERT-base,current,single,512,125,test,Colombia,2025,10,deteriorated,0.99901,0.00098,1e-05
ModernBERT-base,current,single,512,125,test,Colombia,2025,12,unchanged,0.97737,0.02263,1e-05
ModernBERT-base,current,single,512,125,dev,Ecuador,2025,1,deteriorated,0.87396,0.12591,0.00014
ModernBERT-base,current,single,512,125,dev,Ecuador,2025,2,unchanged,0.99987,0.0,0.00013
ModernBERT-base,current,single,512,125,dev,Ecuador,2025,3,unchanged,1.0,0.0,0.0
ModernBERT-base,current,single,512,125,test,Ecuador,2025,7,unchanged,1.0,0.0,0.0
ModernBERT-base,current,single,512,125,test,Ecuador,2025,10,unchanged,0.99993,6e-05,2e-05
ModernBERT-base,current,single,512,125,test,Ecuador,2025,12,unchanged,0.99999,0.0,1e-05
ModernBERT-base,current,single,512,125,dev,Venezuela,2025,1,unchanged,1.0,0.0,0.0
ModernBERT-base,current,single,512,125,dev,Venezuela,2025,2,unchanged,0.99999,0.0,1e-05
ModernBERT-base,current,single,512,125,dev,Venezuela,2025,3,unchanged,1.0,0.0,0.0
ModernBERT-base,current,single,512,125,test,Venezuela,2025,7,unchanged,1.0,0.0,0.0
ModernBERT-base,current,single,512,125,dev,El Salvador,2025,1,unchanged,0.99707,0.0,0.00293
ModernBERT-base,current,single,512,125,dev,El Salvador,2025,2,unchanged,1.0,0.0,0.0
ModernBERT-base,current,single,512,125,dev,El Salvador,2025,3,unchanged,1.0,0.0,0.0
ModernBERT-base,current,single,512,125,test,El Salvador,2025,7,deteriorated,1.0,0.0,0.0
ModernBERT-base,current,single,512,125,test,El Salvador,2025,10,unchanged,1.0,0.0,0.0
ModernBERT-base,current,single,512,125,test,El Salvador,2025,12,unchanged,1.0,0.0,0.0
ModernBERT-base,current,single,512,125,test,Honduras,2025,12,deteriorated,0.1233,0.87616,0.00054
ModernBERT-base,current,single,512,125,dev,Mexico,2025,1,unchanged,0.99999,0.0,1e-05
ModernBERT-base,current,single,512,125,dev,Mexico,2025,2,unchanged,1.0,0.0,0.0
ModernBERT-base,current,single,512,125,dev,Mexico,2025,3,unchanged,1.0,0.0,0.0
ModernBERT-base,current,single,512,125,test,Mexico,2025,7,unchanged,1.0,0.0,0.0
ModernBERT-base,current,single,512,125,test,Mexico,2025,10,unchanged,0.99999,1e-05,1e-05
ModernBERT-base,current,single,512,125,test,Mexico,2025,12,unchanged,0.99999,0.0,1e-05
ModernBERT-base,current,single,512,125,dev,Nicaragua,2025,1,unchanged,1.0,0.0,0.0
ModernBERT-base,current,single,512,125,dev,Nicaragua,2025,2,deteriorated,0.99989,9e-05,2e-05
ModernBERT-base,current,single,512,125,dev,Nicaragua,2025,3,unchanged,1.0,0.0,0.0
ModernBERT-base,current,single,512,125,test,Nicaragua,2025,7,unchanged,1.0,0.0,0.0
ModernBERT-base,current,single,512,125,test,Nicaragua,2025,10,unchanged,1.0,0.0,0.0
ModernBERT-base,current,single,512,125,test,Nicaragua,2025,12,unchanged,1.0,0.0,0.0
ModernBERT-base,current,single,512,125,dev,Haiti,2025,1,unchanged,1.0,0.0,0.0
ModernBERT-base,current,single,512,125,dev,Haiti,2025,2,unchanged,1.0,0.0,0.0
ModernBERT-base,current,single,512,125,dev,Haiti,2025,3,deteriorated,0.98395,0.01603,2e-05
ModernBERT-base,current,single,512,125,test,Haiti,2025,7,unchanged,0.99999,0.0,1e-05
ModernBERT-base,current,single,512,125,test,Haiti,2025,10,unchanged,1.0,0.0,0.0
ModernBERT-base,current,single,512,125,test,Haiti,2025,12,unchanged,0.00163,0.99837,0.0
ModernBERT-base,current,single,512,125,dev,China/Japan,2025,1,unchanged,1.0,0.0,0.0
ModernBERT-base,current,single,512,125,dev,China/Japan,2025,2,unchanged,1.0,0.0,0.0
ModernBERT-base,current,single,512,125,dev,China/Japan,2025,3,unchanged,1.0,0.0,0.0
ModernBERT-base,current,single,512,125,test,China/Japan,2025,6,unchanged,1.0,0.0,0.0
ModernBERT-base,current,single,512,125,test,China/Japan,2025,6,unchanged,1.0,0.0,0.0
ModernBERT-base,current,single,512,125,test,China/Japan,2025,7,unchanged,1.0,0.0,0.0
ModernBERT-base,current,single,512,125,test,China/Japan,2025,7,unchanged,1.0,0.0,0.0
ModernBERT-base,current,single,512,125,test,China/Japan,2025,10,unchanged,1.0,0.0,0.0
ModernBERT-base,current,single,512,125,test,China/Japan,2025,12,unchanged,1.0,0.0,0.0
ModernBERT-base,current,single,512,125,dev,Korean Peninsula,2025,1,unchanged,1.0,0.0,0.0
ModernBERT-base,current,single,512,125,dev,Korean Peninsula,2025,2,unchanged,0.99999,0.0,1e-05
ModernBERT-base,current,single,512,125,dev,Korean Peninsula,2025,3,unchanged,1.0,0.0,0.0
ModernBERT-base,current,single,512,125,test,Korean Peninsula,2025,6,unchanged,0.99998,0.0,2e-05
ModernBERT-base,current,single,512,125,test,Korean Peninsula,2025,6,unchanged,0.99998,0.0,2e-05
ModernBERT-base,current,single,512,125,test,Korean Peninsula,2025,7,unchanged,0.99999,0.0,1e-05
ModernBERT-base,current,single,512,125,test,Korean Peninsula,2025,7,unchanged,0.99999,0.0,1e-05
ModernBERT-base,current,single,512,125,test,Korean Peninsula,2025,10,unchanged,0.9466,0.0,0.0534
ModernBERT-base,current,single,512,125,test,Korean Peninsula,2025,12,unchanged,1.0,0.0,0.0
ModernBERT-base,current,single,512,125,dev,Taiwan Strait,2025,1,unchanged,1.0,0.0,0.0
ModernBERT-base,current,single,512,125,dev,Taiwan Strait,2025,2,unchanged,1.0,0.0,0.0
ModernBERT-base,current,single,512,125,dev,Taiwan Strait,2025,3,unchanged,1.0,0.0,0.0
ModernBERT-base,current,single,512,125,test,Taiwan Strait,2025,6,unchanged,1.0,0.0,0.0
ModernBERT-base,current,single,512,125,test,Taiwan Strait,2025,6,unchanged,1.0,0.0,0.0
ModernBERT-base,current,single,512,125,test,Taiwan Strait,2025,7,unchanged,1.0,0.0,0.0
ModernBERT-base,current,single,512,125,test,Taiwan Strait,2025,7,unchanged,1.0,0.0,0.0
ModernBERT-base,current,single,512,125,test,Taiwan Strait,2025,10,unchanged,1.0,0.0,0.0
ModernBERT-base,current,single,512,125,test,Taiwan Strait,2025,12,deteriorated,0.86131,0.13843,0.00026
ModernBERT-base,current,single,512,125,dev,Afghanistan,2025,1,unchanged,1.0,0.0,0.0
ModernBERT-base,current,single,512,125,dev,Afghanistan,2025,2,unchanged,1.0,0.0,0.0
ModernBERT-base,current,single,512,125,dev,Afghanistan,2025,3,unchanged,1.0,0.0,0.0
ModernBERT-base,current,single,512,125,test,Afghanistan,2025,7,unchanged,0.99832,0.00168,0.0
ModernBERT-base,current,single,512,125,test,Afghanistan,2025,7,unchanged,0.99832,0.00168,0.0
ModernBERT-base,current,single,512,125,test,Afghanistan,2025,12,unchanged,0.99999,0.0,1e-05
ModernBERT-base,current,single,512,125,dev,Bangladesh,2025,1,unchanged,1.0,0.0,0.0
ModernBERT-base,current,single,512,125,dev,Bangladesh,2025,2,unchanged,1.0,0.0,0.0
ModernBERT-base,current,single,512,125,dev,Bangladesh,2025,3,unchanged,0.99998,1e-05,1e-05
ModernBERT-base,current,single,512,125,test,Bangladesh,2025,6,unchanged,1.0,0.0,0.0
ModernBERT-base,current,single,512,125,test,Bangladesh,2025,6,unchanged,1.0,0.0,0.0
ModernBERT-base,current,single,512,125,test,Bangladesh,2025,7,unchanged,1.0,0.0,0.0
ModernBERT-base,current,single,512,125,test,Bangladesh,2025,7,unchanged,1.0,0.0,0.0
ModernBERT-base,current,single,512,125,test,Bangladesh,2025,10,unchanged,0.99972,0.0,0.00028
ModernBERT-base,current,single,512,125,test,Bangladesh,2025,12,deteriorated,0.00194,0.99806,1e-05
ModernBERT-base,current,single,512,125,dev,India,2025,1,unchanged,0.99999,0.0,1e-05
ModernBERT-base,current,single,512,125,dev,India,2025,2,unchanged,1.0,0.0,0.0
ModernBERT-base,current,single,512,125,dev,India,2025,3,unchanged,1.0,0.0,0.0
ModernBERT-base,current,single,512,125,test,India,2025,6,unchanged,1.0,0.0,0.0
ModernBERT-base,current,single,512,125,test,India,2025,6,unchanged,1.0,0.0,0.0
ModernBERT-base,current,single,512,125,test,India,2025,7,unchanged,1.0,0.0,0.0
ModernBERT-base,current,single,512,125,test,India,2025,7,unchanged,1.0,0.0,0.0
ModernBERT-base,current,single,512,125,test,India,2025,10,improved,0.99976,6e-05,0.00018
ModernBERT-base,current,single,512,125,test,India,2025,12,unchanged,1.0,0.0,0.0
ModernBERT-base,current,single,512,125,dev,Pakistan,2025,1,unchanged,0.99997,2e-05,1e-05
ModernBERT-base,current,single,512,125,dev,Pakistan,2025,2,unchanged,0.99531,0.00447,0.00022
ModernBERT-base,current,single,512,125,dev,Pakistan,2025,3,unchanged,0.00098,0.99902,0.0
ModernBERT-base,current,single,512,125,test,Pakistan,2025,6,unchanged,1.0,0.0,0.0
ModernBERT-base,current,single,512,125,test,Pakistan,2025,6,unchanged,1.0,0.0,0.0
ModernBERT-base,current,single,512,125,test,Pakistan,2025,7,unchanged,0.99999,0.0,1e-05
ModernBERT-base,current,single,512,125,test,Pakistan,2025,7,unchanged,0.99999,0.0,1e-05
ModernBERT-base,current,single,512,125,test,Pakistan,2025,12,unchanged,0.99999,0.0,0.0
ModernBERT-base,current,single,512,125,dev,Sri Lanka,2025,1,unchanged,1.0,0.0,0.0
ModernBERT-base,current,single,512,125,dev,Sri Lanka,2025,2,unchanged,0.99999,0.0,1e-05
ModernBERT-base,current,single,512,125,dev,Sri Lanka,2025,3,unchanged,1.0,0.0,0.0
ModernBERT-base,current,single,512,125,test,Sri Lanka,2025,6,unchanged,1.0,0.0,0.0
ModernBERT-base,current,single,512,125,test,Sri Lanka,2025,6,unchanged,1.0,0.0,0.0
ModernBERT-base,current,single,512,125,test,Sri Lanka,2025,7,unchanged,0.99999,0.0,1e-05
ModernBERT-base,current,single,512,125,test,Sri Lanka,2025,7,unchanged,0.99999,0.0,1e-05
ModernBERT-base,current,single,512,125,test,Sri Lanka,2025,10,unchanged,1.0,0.0,0.0
ModernBERT-base,current,single,512,125,test,Sri Lanka,2025,12,unchanged,0.87234,0.12765,0.0
ModernBERT-base,current,single,512,125,dev,Myanmar,2025,1,unchanged,0.17781,1e-05,0.82218
ModernBERT-base,current,single,512,125,dev,Myanmar,2025,2,unchanged,0.02315,0.97682,3e-05
ModernBERT-base,current,single,512,125,dev,Myanmar,2025,3,unchanged,0.99996,2e-05,2e-05
ModernBERT-base,current,single,512,125,test,Myanmar,2025,6,unchanged,0.99994,4e-05,2e-05
ModernBERT-base,current,single,512,125,test,Myanmar,2025,6,unchanged,0.99994,4e-05,2e-05
ModernBERT-base,current,single,512,125,test,Myanmar,2025,7,unchanged,0.99996,3e-05,1e-05
ModernBERT-base,current,single,512,125,test,Myanmar,2025,7,unchanged,0.99996,3e-05,1e-05
ModernBERT-base,current,single,512,125,test,Myanmar,2025,10,unchanged,0.96492,0.03487,0.0002
ModernBERT-base,current,single,512,125,test,Myanmar,2025,12,unchanged,7e-05,0.99993,0.0
ModernBERT-base,current,single,512,125,dev,Philippines,2025,1,unchanged,0.99998,0.0,1e-05
ModernBERT-base,current,single,512,125,dev,Philippines,2025,2,unchanged,1.0,0.0,0.0
ModernBERT-base,current,single,512,125,dev,Philippines,2025,3,unchanged,1.0,0.0,0.0
ModernBERT-base,current,single,512,125,test,Philippines,2025,6,unchanged,1.0,0.0,0.0
ModernBERT-base,current,single,512,125,test,Philippines,2025,6,unchanged,1.0,0.0,0.0
ModernBERT-base,current,single,512,125,test,Philippines,2025,7,unchanged,1.0,0.0,0.0
ModernBERT-base,current,single,512,125,test,Philippines,2025,7,unchanged,1.0,0.0,0.0
ModernBERT-base,current,single,512,125,test,Philippines,2025,10,unchanged,0.99981,0.00014,5e-05
ModernBERT-base,current,single,512,125,test,Philippines,2025,12,unchanged,0.99998,0.0,2e-05
ModernBERT-base,current,single,512,125,dev,South China Sea,2025,1,unchanged,1.0,0.0,0.0
ModernBERT-base,current,single,512,125,dev,South China Sea,2025,2,unchanged,1.0,0.0,0.0
ModernBERT-base,current,single,512,125,dev,South China Sea,2025,3,unchanged,1.0,0.0,0.0
ModernBERT-base,current,single,512,125,test,South China Sea,2025,6,unchanged,1.0,0.0,0.0
ModernBERT-base,current,single,512,125,test,South China Sea,2025,6,unchanged,1.0,0.0,0.0
ModernBERT-base,current,single,512,125,test,South China Sea,2025,7,unchanged,1.0,0.0,0.0
ModernBERT-base,current,single,512,125,test,South China Sea,2025,7,unchanged,1.0,0.0,0.0
ModernBERT-base,current,single,512,125,test,South China Sea,2025,10,unchanged,1.0,0.0,0.0
ModernBERT-base,current,single,512,125,test,South China Sea,2025,12,unchanged,1.0,0.0,0.0
ModernBERT-base,current,single,512,125,dev,Thailand,2025,1,unchanged,1.0,0.0,0.0
ModernBERT-base,current,single,512,125,dev,Thailand,2025,2,unchanged,1.0,0.0,0.0
ModernBERT-base,current,single,512,125,dev,Thailand,2025,3,unchanged,0.99939,0.00061,0.0
ModernBERT-base,current,single,512,125,test,Thailand,2025,6,deteriorated,0.00095,0.99905,0.0
ModernBERT-base,current,single,512,125,test,Thailand,2025,6,deteriorated,0.00095,0.99905,0.0
ModernBERT-base,current,single,512,125,test,Thailand,2025,7,unchanged,0.74674,0.03307,0.2202
ModernBERT-base,current,single,512,125,test,Thailand,2025,7,unchanged,0.74674,0.03307,0.2202
ModernBERT-base,current,single,512,125,test,Thailand,2025,10,improved,0.99999,0.0,1e-05
ModernBERT-base,current,single,512,125,test,Thailand,2025,12,unchanged,0.3607,0.63801,0.00129
ModernBERT-base,current,single,512,125,test,Guatemala,2025,10,unchanged,0.99999,0.0,1e-05
ModernBERT-base,current,single,512,125,dev,Bolivia,2025,1,unchanged,1.0,0.0,0.0
ModernBERT-base,current,single,512,125,dev,Bolivia,2025,2,unchanged,0.99999,0.0,1e-05
ModernBERT-base,current,single,512,125,test,Bolivia,2025,10,improved,0.00135,0.0,0.99865
ModernBERT-base,current,single,512,125,test,Bolivia,2025,12,unchanged,0.99254,0.00746,0.0
ModernBERT-base,current,single,512,125,dev,Peru,2025,3,unchanged,0.99975,0.00022,3e-05
ModernBERT-base,current,single,512,125,test,Peru,2025,10,deteriorated,0.00941,0.99058,0.0
ModernBERT-base,current,single,512,125,test,Madagascar,2025,10,deteriorated,0.94886,0.05108,6e-05
ModernBERT-base,current,single,512,125,dev,Guinea-Bissau,2025,2,deteriorated,0.0,1.0,0.0
ModernBERT-base,current,single,512,125,dev,Guinea-Bissau,2025,2,deteriorated,4e-05,0.99996,0.0
ModernBERT-base,current,single,512,125,dev,Guinea-Bissau,2025,3,unchanged,0.99999,0.0,1e-05
ModernBERT-base,current,single,512,125,test,Guinea-Bissau,2025,12,unchanged,0.99939,0.0,0.00061
ModernBERT-base,current,single,512,125,dev,Guyana,2025,3,unchanged,1.0,0.0,0.0
ModernBERT-base,current,single,512,125,dev,Jordan,2025,2,unchanged,0.99999,1e-05,0.0
ModernBERT-base,current,single,512,125,test,Kazakhstan,2026,3,unchanged,0.99874,0.0,0.00126
ModernBERT-base,current,single,512,125,dev,Togo,2025,2,unchanged,1.0,0.0,0.0
ModernBERT-base,current,single,512,125,dev,Togo,2025,2,unchanged,1.0,0.0,0.0
ModernBERT-base,current,single,512,125,dev,Togo,2025,3,unchanged,0.99351,0.0,0.00649
ModernBERT-base,current,single,512,125,test,Togo,2025,7,unchanged,0.99997,1e-05,2e-05
ModernBERT-base,current,single,512,125,test,Togo,2025,10,unchanged,0.99999,0.0,1e-05
ModernBERT-base,current,single,512,125,test,Papua New Guinea,2025,10,unchanged,0.93245,0.0,0.06755
ModernBERT-base,current,single,512,125,test,Cambodia,2025,7,unchanged,0.99612,0.00019,0.00369
ModernBERT-base,current,single,512,125,test,Cambodia,2025,7,unchanged,0.99612,0.00019,0.00369
ModernBERT-base,current,single,512,125,test,Brazil,2025,10,unchanged,1e-05,0.99999,0.0
ModernBERT-base,current,single,512,125,test,Angola,2025,7,deteriorated,0.0001,0.9999,0.0
ModernBERT-base,current,single,512,125,dev,Indonesia,2025,1,unchanged,1.0,0.0,0.0
ModernBERT-base,current,single,512,125,dev,Indonesia,2025,2,unchanged,1.0,0.0,0.0
ModernBERT-base,current,single,512,125,dev,Indonesia,2025,3,unchanged,1.0,0.0,0.0
ModernBERT-base,current,single,512,125,test,Indonesia,2025,6,unchanged,1.0,0.0,0.0
ModernBERT-base,current,single,512,125,test,Indonesia,2025,6,unchanged,1.0,0.0,0.0
ModernBERT-base,current,single,512,125,test,Indonesia,2025,7,unchanged,0.99998,0.0,2e-05
ModernBERT-base,current,single,512,125,test,Indonesia,2025,7,unchanged,0.99998,0.0,2e-05
ModernBERT-base,current,single,512,125,test,Indonesia,2025,10,unchanged,1.0,0.0,0.0
ModernBERT-base,current,single,512,125,test,Indonesia,2025,12,unchanged,1.0,0.0,0.0
ModernBERT-base,current,single,512,125,test,Ghana,2025,7,unchanged,1.0,0.0,0.0
ModernBERT-base,current,single,512,125,dev,South Africa,2025,1,unchanged,1.0,0.0,0.0
ModernBERT-base,current,single,512,125,dev,South Africa,2025,2,unchanged,1.0,0.0,0.0
ModernBERT-base,current,single,512,125,dev,South Africa,2025,2,unchanged,1.0,0.0,0.0
ModernBERT-base,current,single,512,125,dev,South Africa,2025,3,unchanged,1.0,0.0,0.0
ModernBERT-base,current,single,512,125,test,South Africa,2025,7,unchanged,1.0,0.0,0.0
ModernBERT-base,current,single,512,125,test,South Africa,2025,10,unchanged,1.0,0.0,0.0
ModernBERT-base,current,single,512,125,test,South Africa,2025,12,unchanged,1.0,0.0,0.0
ModernBERT-base,current,single,512,125,test,Qatar,2025,6,unchanged,0.0,1.0,0.0
ModernBERT-base,current,single,512,125,test,Qatar,2025,6,unchanged,0.0,1.0,0.0
ModernBERT-base,current,single,512,125,test,Morocco,2025,10,deteriorated,1e-05,0.99999,0.0
ModernBERT-base,current,single,512,125,dev,Comoros Islands,2025,1,unchanged,1.0,0.0,0.0
ModernBERT-base,current,single,512,125,dev,Russia/U.S.,2025,1,unchanged,1.0,0.0,0.0
ModernBERT-base,current,single,512,125,dev,Russia/U.S.,2025,2,unchanged,0.99994,0.0,6e-05
ModernBERT-base,current,single,512,125,dev,Amazon,2025,1,unchanged,0.99974,6e-05,0.0002
ModernBERT-base,current,single,512,125,dev,Amazon,2025,2,unchanged,1.0,0.0,0.0
ModernBERT-base,current,single,512,125,dev,Amazon,2025,3,unchanged,1.0,0.0,0.0
ModernBERT-base,current,single,512,125,test,Amazon,2025,7,deteriorated,3e-05,0.99996,0.0
ModernBERT-base,current,single,512,125,test,Amazon,2025,10,unchanged,0.92304,0.0,0.07696
ModernBERT-base,current,single,512,125,test,Amazon,2025,12,unchanged,1.0,0.0,0.0
ModernBERT-base,current,single,512,125,test,China-U.S.,2025,6,unchanged,1.0,0.0,0.0
ModernBERT-base,current,single,512,125,test,China-U.S.,2025,6,unchanged,1.0,0.0,0.0
ModernBERT-base,current,single,512,125,test,China-U.S.,2025,10,improved,0.0,0.0,1.0
ModernBERT-base,current,single,512,125,test,China-U.S.,2025,12,unchanged,1.0,0.0,0.0
ModernBERT-base,current,single,512,125,dev,Cook Islands,2025,2,unchanged,0.80559,0.19436,5e-05
ModernBERT-base,current,single,512,125,dev,Tasman Sea,2025,2,unchanged,0.98201,0.01799,0.0
ModernBERT-base,current,single,512,125,test,New Caledonia,2025,7,improved,6e-05,0.0,0.99994
ModernBERT-base,current,single,512,125,test,New Caledonia,2025,7,improved,6e-05,0.0,0.99994
ConfliBERT-v2,current,single,1024,123,dev,Cameroon,2025,1,unchanged,0.99171,0.00037,0.00792
ConfliBERT-v2,current,single,1024,123,dev,Cameroon,2025,2,unchanged,0.99328,0.00018,0.00654
ConfliBERT-v2,current,single,1024,123,dev,Cameroon,2025,2,unchanged,0.99355,0.00016,0.00629
ConfliBERT-v2,current,single,1024,123,dev,Cameroon,2025,3,unchanged,0.98318,0.00285,0.01397
ConfliBERT-v2,current,single,1024,123,test,Cameroon,2025,7,unchanged,0.97829,0.00513,0.01657
ConfliBERT-v2,current,single,1024,123,test,Cameroon,2025,12,unchanged,0.99544,6e-05,0.0045
ConfliBERT-v2,current,single,1024,123,dev,Chad,2025,1,unchanged,0.00664,0.99304,0.00032
ConfliBERT-v2,current,single,1024,123,dev,Chad,2025,2,unchanged,0.93334,0.04198,0.02468
ConfliBERT-v2,current,single,1024,123,dev,Chad,2025,2,unchanged,0.9502,0.02675,0.02306
ConfliBERT-v2,current,single,1024,123,dev,Chad,2025,3,unchanged,0.97196,0.00953,0.01851
ConfliBERT-v2,current,single,1024,123,test,Chad,2025,7,unchanged,0.99072,0.00054,0.00874
ConfliBERT-v2,current,single,1024,123,test,Chad,2025,10,deteriorated,0.94207,0.03378,0.02414
ConfliBERT-v2,current,single,1024,123,test,Chad,2025,12,unchanged,0.03691,0.96134,0.00174
ConfliBERT-v2,current,single,1024,123,dev,Gabon,2025,1,unchanged,0.99586,5e-05,0.00409
ConfliBERT-v2,current,single,1024,123,dev,Gabon,2025,3,unchanged,0.99586,5e-05,0.00409
ConfliBERT-v2,current,single,1024,123,dev,Kenya,2025,1,unchanged,0.98741,0.00127,0.01132
ConfliBERT-v2,current,single,1024,123,dev,Kenya,2025,2,unchanged,0.98987,0.00069,0.00944
ConfliBERT-v2,current,single,1024,123,dev,Kenya,2025,2,unchanged,0.99069,0.00053,0.00877
ConfliBERT-v2,current,single,1024,123,dev,Kenya,2025,3,unchanged,0.99466,0.00011,0.00523
ConfliBERT-v2,current,single,1024,123,test,Kenya,2025,7,deteriorated,0.01896,0.98,0.00104
ConfliBERT-v2,current,single,1024,123,test,Kenya,2025,10,unchanged,0.32224,0.66377,0.01399
ConfliBERT-v2,current,single,1024,123,test,Kenya,2025,12,unchanged,0.99173,0.00037,0.0079
ConfliBERT-v2,current,single,1024,123,dev,Mozambique,2025,1,improved,0.97049,0.01029,0.01922
ConfliBERT-v2,current,single,1024,123,dev,Mozambique,2025,2,unchanged,0.97425,0.00804,0.01771
ConfliBERT-v2,current,single,1024,123,dev,Mozambique,2025,2,unchanged,0.97196,0.00938,0.01866
ConfliBERT-v2,current,single,1024,123,dev,Mozambique,2025,3,improved,0.97763,0.00555,0.01682
ConfliBERT-v2,current,single,1024,123,test,Mozambique,2025,7,unchanged,0.99311,0.00021,0.00668
ConfliBERT-v2,current,single,1024,123,test,Mozambique,2025,10,unchanged,0.9921,0.00029,0.0076
ConfliBERT-v2,current,single,1024,123,test,Mozambique,2025,12,unchanged,0.98261,0.00298,0.0144
ConfliBERT-v2,current,single,1024,123,dev,Tanzania,2025,1,unchanged,0.99597,5e-05,0.00399
ConfliBERT-v2,current,single,1024,123,dev,Tanzania,2025,2,unchanged,0.99641,3e-05,0.00356
ConfliBERT-v2,current,single,1024,123,dev,Tanzania,2025,2,unchanged,0.99645,3e-05,0.00353
ConfliBERT-v2,current,single,1024,123,dev,Tanzania,2025,3,unchanged,0.99603,4e-05,0.00393
ConfliBERT-v2,current,single,1024,123,test,Tanzania,2025,7,unchanged,0.99555,6e-05,0.00439
ConfliBERT-v2,current,single,1024,123,test,Tanzania,2025,12,unchanged,0.55198,0.42654,0.02149
ConfliBERT-v2,current,single,1024,123,dev,Zimbabwe,2025,1,unchanged,0.99564,5e-05,0.00431
ConfliBERT-v2,current,single,1024,123,dev,Zimbabwe,2025,2,unchanged,0.9951,8e-05,0.00481
ConfliBERT-v2,current,single,1024,123,dev,Zimbabwe,2025,2,unchanged,0.99494,9e-05,0.00497
ConfliBERT-v2,current,single,1024,123,dev,Zimbabwe,2025,3,deteriorated,0.5969,0.37941,0.02369
ConfliBERT-v2,current,single,1024,123,test,Zimbabwe,2025,7,unchanged,0.99608,4e-05,0.00388
ConfliBERT-v2,current,single,1024,123,test,Zimbabwe,2025,10,unchanged,0.99381,0.00015,0.00604
ConfliBERT-v2,current,single,1024,123,test,Zimbabwe,2025,12,unchanged,0.99569,5e-05,0.00426
ConfliBERT-v2,current,single,1024,123,test,Burundi,2025,7,unchanged,0.99206,0.00032,0.00762
ConfliBERT-v2,current,single,1024,123,test,Burundi,2025,10,unchanged,0.9947,0.0001,0.0052
ConfliBERT-v2,current,single,1024,123,test,DR Congo,2025,10,unchanged,0.98553,0.00187,0.0126
ConfliBERT-v2,current,single,1024,123,test,DR Congo,2025,12,deteriorated,0.00909,0.99049,0.00043
ConfliBERT-v2,current,single,1024,123,dev,Rwanda,2025,2,unchanged,0.95574,0.02196,0.0223
ConfliBERT-v2,current,single,1024,123,dev,Rwanda,2025,2,unchanged,0.96142,0.01734,0.02124
ConfliBERT-v2,current,single,1024,123,dev,Rwanda,2025,3,unchanged,0.96382,0.01522,0.02096
ConfliBERT-v2,current,single,1024,123,test,Rwanda,2025,7,unchanged,0.9959,4e-05,0.00406
ConfliBERT-v2,current,single,1024,123,test,Rwanda,2025,10,unchanged,0.99301,0.00022,0.00677
ConfliBERT-v2,current,single,1024,123,test,Rwanda,2025,12,unchanged,0.00059,0.99938,3e-05
ConfliBERT-v2,current,single,1024,123,dev,Uganda,2025,1,unchanged,0.97644,0.00663,0.01693
ConfliBERT-v2,current,single,1024,123,dev,Uganda,2025,2,unchanged,0.99235,0.00032,0.00733
ConfliBERT-v2,current,single,1024,123,dev,Uganda,2025,2,unchanged,0.99236,0.00031,0.00733
ConfliBERT-v2,current,single,1024,123,dev,Uganda,2025,3,unchanged,0.06857,0.92824,0.00319
ConfliBERT-v2,current,single,1024,123,test,Uganda,2025,7,unchanged,0.82578,0.14662,0.0276
ConfliBERT-v2,current,single,1024,123,test,Uganda,2025,10,unchanged,0.99214,0.00032,0.00755
ConfliBERT-v2,current,single,1024,123,dev,Eritrea,2025,1,unchanged,0.99634,3e-05,0.00363
ConfliBERT-v2,current,single,1024,123,dev,Eritrea,2025,2,unchanged,0.99562,5e-05,0.00433
ConfliBERT-v2,current,single,1024,123,dev,Eritrea,2025,2,unchanged,0.99562,5e-05,0.00433
ConfliBERT-v2,current,single,1024,123,test,Eritrea,2025,7,unchanged,0.99253,0.00028,0.00719
ConfliBERT-v2,current,single,1024,123,test,Eritrea,2025,10,unchanged,0.99395,0.00014,0.00591
ConfliBERT-v2,current,single,1024,123,test,Eritrea,2025,12,unchanged,0.99592,4e-05,0.00405
ConfliBERT-v2,current,single,1024,123,dev,Ethiopia,2025,1,unchanged,0.99228,0.0003,0.00742
ConfliBERT-v2,current,single,1024,123,dev,Ethiopia,2025,2,unchanged,0.99397,0.00014,0.00589
ConfliBERT-v2,current,single,1024,123,dev,Ethiopia,2025,2,unchanged,0.99395,0.00014,0.00591
ConfliBERT-v2,current,single,1024,123,test,Ethiopia,2025,7,unchanged,0.00413,0.99568,0.00019
ConfliBERT-v2,current,single,1024,123,test,Ethiopia,2025,10,unchanged,0.98406,0.00244,0.0135
ConfliBERT-v2,current,single,1024,123,test,Ethiopia,2025,12,deteriorated,0.001,0.99895,5e-05
ConfliBERT-v2,current,single,1024,123,test,Nile Waters,2025,7,unchanged,0.99606,4e-05,0.00391
ConfliBERT-v2,current,single,1024,123,test,Nile Waters,2025,10,unchanged,0.98707,0.00148,0.01145
ConfliBERT-v2,current,single,1024,123,test,Nile Waters,2025,12,unchanged,0.9899,0.00077,0.00933
ConfliBERT-v2,current,single,1024,123,dev,Somalia,2025,1,unchanged,0.98717,0.00129,0.01154
ConfliBERT-v2,current,single,1024,123,dev,Somalia,2025,2,unchanged,0.99108,0.00044,0.00847
ConfliBERT-v2,current,single,1024,123,dev,Somalia,2025,2,unchanged,0.99104,0.00048,0.00847
ConfliBERT-v2,current,single,1024,123,dev,Somalia,2025,3,unchanged,0.99309,0.00021,0.0067
ConfliBERT-v2,current,single,1024,123,test,Somalia,2025,7,deteriorated,0.24992,0.73886,0.01122
ConfliBERT-v2,current,single,1024,123,test,Somalia,2025,10,unchanged,0.98387,0.00248,0.01366
ConfliBERT-v2,current,single,1024,123,test,Somalia,2025,12,unchanged,0.97333,0.00842,0.01825
ConfliBERT-v2,current,single,1024,123,dev,Somaliland,2025,1,unchanged,0.99557,5e-05,0.00439
ConfliBERT-v2,current,single,1024,123,dev,Somaliland,2025,2,unchanged,0.99467,8e-05,0.00525
ConfliBERT-v2,current,single,1024,123,dev,Somaliland,2025,2,unchanged,0.99466,8e-05,0.00526
ConfliBERT-v2,current,single,1024,123,dev,Somaliland,2025,3,unchanged,0.98759,0.00117,0.01123
ConfliBERT-v2,current,single,1024,123,test,Somaliland,2025,7,unchanged,0.99583,5e-05,0.00412
ConfliBERT-v2,current,single,1024,123,test,Somaliland,2025,10,unchanged,0.99244,0.00026,0.0073
ConfliBERT-v2,current,single,1024,123,test,Somaliland,2025,12,unchanged,0.02458,0.97421,0.00121
ConfliBERT-v2,current,single,1024,123,dev,South Sudan,2025,1,unchanged,0.9625,0.01656,0.02093
ConfliBERT-v2,current,single,1024,123,dev,South Sudan,2025,2,unchanged,0.98144,0.00354,0.01502
ConfliBERT-v2,current,single,1024,123,dev,South Sudan,2025,2,unchanged,0.9826,0.00294,0.01446
ConfliBERT-v2,current,single,1024,123,test,South Sudan,2025,7,unchanged,0.98966,0.00071,0.00963
ConfliBERT-v2,current,single,1024,123,test,South Sudan,2025,10,unchanged,0.97024,0.01069,0.01907
ConfliBERT-v2,current,single,1024,123,test,South Sudan,2025,12,unchanged,0.98911,0.00085,0.01004
ConfliBERT-v2,current,single,1024,123,dev,Sudan,2025,2,deteriorated,0.0413,0.95673,0.00197
ConfliBERT-v2,current,single,1024,123,dev,Sudan,2025,2,deteriorated,0.0017,0.99822,8e-05
ConfliBERT-v2,current,single,1024,123,dev,Sudan,2025,3,unchanged,0.00062,0.99936,3e-05
ConfliBERT-v2,current,single,1024,123,test,Sudan,2025,7,unchanged,0.00066,0.99931,3e-05
ConfliBERT-v2,current,single,1024,123,test,Sudan,2025,12,unchanged,0.96375,0.01546,0.0208
ConfliBERT-v2,current,single,1024,123,dev,Burkina Faso,2025,1,unchanged,0.9891,0.00086,0.01004
ConfliBERT-v2,current,single,1024,123,dev,Burkina Faso,2025,2,unchanged,0.98164,0.00322,0.01514
ConfliBERT-v2,current,single,1024,123,dev,Burkina Faso,2025,2,unchanged,0.98398,0.00226,0.01376
ConfliBERT-v2,current,single,1024,123,dev,Burkina Faso,2025,3,deteriorated,0.0004,0.99957,2e-05
ConfliBERT-v2,current,single,1024,123,test,Burkina Faso,2025,7,unchanged,0.0016,0.99832,8e-05
ConfliBERT-v2,current,single,1024,123,test,Burkina Faso,2025,10,unchanged,0.99364,0.00017,0.00619
ConfliBERT-v2,current,single,1024,123,test,Burkina Faso,2025,12,unchanged,0.98761,0.00129,0.0111
ConfliBERT-v2,current,single,1024,123,dev,Guinea,2025,1,unchanged,0.99159,0.0004,0.00801
ConfliBERT-v2,current,single,1024,123,dev,Guinea,2025,2,unchanged,0.99584,5e-05,0.00411
ConfliBERT-v2,current,single,1024,123,dev,Guinea,2025,2,unchanged,0.99574,5e-05,0.00421
ConfliBERT-v2,current,single,1024,123,dev,Guinea,2025,3,unchanged,0.99555,6e-05,0.00439
ConfliBERT-v2,current,single,1024,123,test,Guinea,2025,7,unchanged,0.99583,5e-05,0.00412
ConfliBERT-v2,current,single,1024,123,test,Guinea,2025,10,unchanged,0.99601,4e-05,0.00396
ConfliBERT-v2,current,single,1024,123,test,Guinea,2025,12,unchanged,0.17473,0.81745,0.00783
ConfliBERT-v2,current,single,1024,123,dev,Nigeria,2025,1,unchanged,0.98997,0.00066,0.00937
ConfliBERT-v2,current,single,1024,123,dev,Nigeria,2025,2,unchanged,0.9897,0.00071,0.00959
ConfliBERT-v2,current,single,1024,123,dev,Nigeria,2025,2,unchanged,0.98991,0.00068,0.00941
ConfliBERT-v2,current,single,1024,123,dev,Nigeria,2025,3,unchanged,0.98508,0.00202,0.01289
ConfliBERT-v2,current,single,1024,123,test,Nigeria,2025,7,unchanged,0.98103,0.00407,0.0149
ConfliBERT-v2,current,single,1024,123,test,Nigeria,2025,10,unchanged,0.99305,0.00022,0.00673
ConfliBERT-v2,current,single,1024,123,test,Nigeria,2025,12,unchanged,0.98392,0.00248,0.0136
ConfliBERT-v2,current,single,1024,123,dev,Senegal,2025,2,unchanged,0.97557,0.00711,0.01732
ConfliBERT-v2,current,single,1024,123,dev,Senegal,2025,2,unchanged,0.97431,0.00798,0.01771
ConfliBERT-v2,current,single,1024,123,dev,Kosovo,2025,1,unchanged,0.98619,0.00168,0.01213
ConfliBERT-v2,current,single,1024,123,dev,Kosovo,2025,2,unchanged,0.99083,0.00051,0.00866
ConfliBERT-v2,current,single,1024,123,dev,Kosovo,2025,3,unchanged,0.99402,0.00014,0.00584
ConfliBERT-v2,current,single,1024,123,test,Kosovo,2025,7,unchanged,0.87768,0.09582,0.0265
ConfliBERT-v2,current,single,1024,123,test,Kosovo,2025,10,unchanged,0.929,0.04643,0.02456
ConfliBERT-v2,current,single,1024,123,test,Kosovo,2025,12,unchanged,0.00614,0.99354,0.00031
ConfliBERT-v2,current,single,1024,123,test,Kosovo,2026,3,unchanged,0.97459,0.00756,0.01785
ConfliBERT-v2,current,single,1024,123,dev,Armenia,2025,1,unchanged,0.99405,0.00012,0.00583
ConfliBERT-v2,current,single,1024,123,dev,Armenia,2025,2,unchanged,0.99611,4e-05,0.00385
ConfliBERT-v2,current,single,1024,123,dev,Armenia,2025,3,unchanged,0.97924,0.00468,0.01608
ConfliBERT-v2,current,single,1024,123,test,Armenia,2025,7,unchanged,0.99562,5e-05,0.00433
ConfliBERT-v2,current,single,1024,123,test,Armenia,2025,10,unchanged,0.99594,4e-05,0.00402
ConfliBERT-v2,current,single,1024,123,test,Armenia,2025,12,unchanged,0.99562,5e-05,0.00433
ConfliBERT-v2,current,single,1024,123,test,Armenia,2026,3,unchanged,0.98955,0.00075,0.0097
ConfliBERT-v2,current,single,1024,123,dev,Azerbaijan,2025,1,unchanged,0.99459,9e-05,0.00532
ConfliBERT-v2,current,single,1024,123,dev,Azerbaijan,2025,2,unchanged,0.99506,8e-05,0.00486
ConfliBERT-v2,current,single,1024,123,dev,Azerbaijan,2025,3,unchanged,0.9825,0.00298,0.01452
ConfliBERT-v2,current,single,1024,123,test,Azerbaijan,2025,7,unchanged,0.99551,6e-05,0.00444
ConfliBERT-v2,current,single,1024,123,test,Azerbaijan,2025,10,unchanged,0.99625,4e-05,0.00371
ConfliBERT-v2,current,single,1024,123,test,Azerbaijan,2025,12,unchanged,0.9955,5e-05,0.00445
ConfliBERT-v2,current,single,1024,123,test,Azerbaijan,2026,3,unchanged,0.8225,0.14979,0.02771
ConfliBERT-v2,current,single,1024,123,dev,Georgia,2025,1,unchanged,0.99352,0.00019,0.00629
ConfliBERT-v2,current,single,1024,123,dev,Georgia,2025,2,unchanged,0.99299,0.00024,0.00677
ConfliBERT-v2,current,single,1024,123,dev,Georgia,2025,3,unchanged,0.99551,6e-05,0.00443
ConfliBERT-v2,current,single,1024,123,test,Georgia,2025,7,unchanged,0.97824,0.00538,0.01638
ConfliBERT-v2,current,single,1024,123,test,Georgia,2025,10,unchanged,0.79833,0.17435,0.02732
ConfliBERT-v2,current,single,1024,123,test,Georgia,2025,12,unchanged,0.99319,0.00021,0.0066
ConfliBERT-v2,current,single,1024,123,test,Georgia,2026,3,unchanged,0.98391,0.00244,0.01366
ConfliBERT-v2,current,single,1024,123,dev,Belarus,2025,1,unchanged,0.9878,0.00127,0.01093
ConfliBERT-v2,current,single,1024,123,dev,Belarus,2025,2,unchanged,0.99617,4e-05,0.0038
ConfliBERT-v2,current,single,1024,123,dev,Belarus,2025,3,unchanged,0.99593,4e-05,0.00403
ConfliBERT-v2,current,single,1024,123,test,Belarus,2025,7,unchanged,0.99485,9e-05,0.00506
ConfliBERT-v2,current,single,1024,123,test,Belarus,2025,10,unchanged,0.99588,4e-05,0.00407
ConfliBERT-v2,current,single,1024,123,test,Belarus,2025,12,unchanged,0.99472,0.0001,0.00519
ConfliBERT-v2,current,single,1024,123,test,Belarus,2026,3,unchanged,0.99609,4e-05,0.00387
ConfliBERT-v2,current,single,1024,123,dev,Ukraine,2025,1,unchanged,0.99507,7e-05,0.00486
ConfliBERT-v2,current,single,1024,123,dev,Ukraine,2025,2,unchanged,0.99496,7e-05,0.00496
ConfliBERT-v2,current,single,1024,123,dev,Ukraine,2025,3,unchanged,0.98931,0.0008,0.00989
ConfliBERT-v2,current,single,1024,123,test,Ukraine,2025,12,unchanged,0.9888,0.00096,0.01024
ConfliBERT-v2,current,single,1024,123,test,Ukraine,2026,3,unchanged,0.99232,0.00029,0.00739
ConfliBERT-v2,current,single,1024,123,dev,Cyprus,2025,1,unchanged,0.99329,0.00019,0.00651
ConfliBERT-v2,current,single,1024,123,dev,Cyprus,2025,2,unchanged,0.99622,4e-05,0.00374
ConfliBERT-v2,current,single,1024,123,dev,Cyprus,2025,3,unchanged,0.99613,4e-05,0.00384
ConfliBERT-v2,current,single,1024,123,test,Cyprus,2025,7,unchanged,0.99576,5e-05,0.00419
ConfliBERT-v2,current,single,1024,123,test,Cyprus,2025,10,unchanged,0.99519,7e-05,0.00474
ConfliBERT-v2,current,single,1024,123,test,Cyprus,2025,12,unchanged,0.99579,5e-05,0.00417
ConfliBERT-v2,current,single,1024,123,test,Cyprus,2026,3,unchanged,0.96737,0.01286,0.01977
ConfliBERT-v2,current,single,1024,123,dev,Türkiye,2025,1,unchanged,0.99467,0.0001,0.00523
ConfliBERT-v2,current,single,1024,123,dev,Türkiye,2025,3,deteriorated,0.01483,0.98448,0.00069
ConfliBERT-v2,current,single,1024,123,test,Türkiye,2025,7,improved,0.98069,0.00388,0.01542
ConfliBERT-v2,current,single,1024,123,test,Türkiye,2025,10,unchanged,0.99575,5e-05,0.0042
ConfliBERT-v2,current,single,1024,123,test,Türkiye,2025,12,unchanged,0.9949,8e-05,0.00501
ConfliBERT-v2,current,single,1024,123,test,Türkiye,2026,3,unchanged,0.99247,0.00027,0.00726
ConfliBERT-v2,current,single,1024,123,dev,Kyrgyzstan,2025,1,unchanged,0.99605,4e-05,0.00391
ConfliBERT-v2,current,single,1024,123,dev,Kyrgyzstan,2025,2,unchanged,0.99561,6e-05,0.00433
ConfliBERT-v2,current,single,1024,123,dev,Kyrgyzstan,2025,3,improved,0.99493,9e-05,0.00498
ConfliBERT-v2,current,single,1024,123,test,Kyrgyzstan,2025,7,unchanged,0.99612,5e-05,0.00384
ConfliBERT-v2,current,single,1024,123,test,Kyrgyzstan,2025,10,unchanged,0.99501,7e-05,0.00492
ConfliBERT-v2,current,single,1024,123,test,Kyrgyzstan,2025,12,unchanged,0.99568,5e-05,0.00426
ConfliBERT-v2,current,single,1024,123,test,Kyrgyzstan,2026,3,unchanged,0.99049,0.00063,0.00888
ConfliBERT-v2,current,single,1024,123,dev,Tajikistan,2025,1,unchanged,0.99472,9e-05,0.00519
ConfliBERT-v2,current,single,1024,123,dev,Tajikistan,2025,2,unchanged,0.99207,0.00032,0.0076
ConfliBERT-v2,current,single,1024,123,dev,Tajikistan,2025,3,improved,0.99385,0.00015,0.006
ConfliBERT-v2,current,single,1024,123,test,Tajikistan,2025,7,unchanged,0.99425,0.00013,0.00562
ConfliBERT-v2,current,single,1024,123,test,Tajikistan,2025,10,unchanged,0.99629,3e-05,0.00368
ConfliBERT-v2,current,single,1024,123,test,Tajikistan,2025,12,unchanged,0.90354,0.07022,0.02624
ConfliBERT-v2,current,single,1024,123,test,Tajikistan,2026,3,unchanged,0.995,8e-05,0.00492
ConfliBERT-v2,current,single,1024,123,dev,Uzbekistan,2025,1,unchanged,0.99612,4e-05,0.00384
ConfliBERT-v2,current,single,1024,123,dev,Uzbekistan,2025,2,unchanged,0.99617,4e-05,0.00379
ConfliBERT-v2,current,single,1024,123,dev,Uzbekistan,2025,3,unchanged,0.99597,4e-05,0.00398
ConfliBERT-v2,current,single,1024,123,test,Uzbekistan,2025,7,unchanged,0.99605,4e-05,0.00391
ConfliBERT-v2,current,single,1024,123,test,Uzbekistan,2025,10,unchanged,0.99607,4e-05,0.00389
ConfliBERT-v2,current,single,1024,123,test,Uzbekistan,2025,12,unchanged,0.99597,5e-05,0.00398
ConfliBERT-v2,current,single,1024,123,test,Uzbekistan,2026,3,unchanged,0.99462,0.0001,0.00528
ConfliBERT-v2,current,single,1024,123,dev,Lebanon,2025,1,unchanged,0.9447,0.03109,0.02421
ConfliBERT-v2,current,single,1024,123,dev,Lebanon,2025,2,unchanged,0.99145,0.00041,0.00814
ConfliBERT-v2,current,single,1024,123,dev,Lebanon,2025,3,unchanged,0.00498,0.99477,0.00025
ConfliBERT-v2,current,single,1024,123,test,Lebanon,2025,6,unchanged,0.99378,0.00017,0.00605
ConfliBERT-v2,current,single,1024,123,test,Lebanon,2025,6,unchanged,0.99378,0.00017,0.00605
ConfliBERT-v2,current,single,1024,123,test,Lebanon,2025,7,unchanged,0.76225,0.21105,0.0267
ConfliBERT-v2,current,single,1024,123,test,Lebanon,2025,10,unchanged,0.97899,0.00475,0.01626
ConfliBERT-v2,current,single,1024,123,test,Lebanon,2025,12,unchanged,0.99394,0.00015,0.00591
ConfliBERT-v2,current,single,1024,123,dev,Syria,2025,1,unchanged,0.98116,0.00377,0.01507
ConfliBERT-v2,current,single,1024,123,dev,Syria,2025,2,unchanged,0.99485,9e-05,0.00506
ConfliBERT-v2,current,single,1024,123,dev,Syria,2025,3,deteriorated,0.00203,0.99785,0.00011
ConfliBERT-v2,current,single,1024,123,test,Syria,2025,6,deteriorated,0.00289,0.99695,0.00016
ConfliBERT-v2,current,single,1024,123,test,Syria,2025,6,deteriorated,0.00289,0.99695,0.00016
ConfliBERT-v2,current,single,1024,123,test,Syria,2025,7,deteriorated,0.00048,0.99949,3e-05
ConfliBERT-v2,current,single,1024,123,test,Syria,2025,10,improved,0.17611,0.8159,0.008
ConfliBERT-v2,current,single,1024,123,test,Syria,2025,12,deteriorated,0.00037,0.99961,2e-05
ConfliBERT-v2,current,single,1024,123,dev,Iran,2025,1,unchanged,0.9949,9e-05,0.00501
ConfliBERT-v2,current,single,1024,123,dev,Iran,2025,2,unchanged,0.94675,0.02973,0.02352
ConfliBERT-v2,current,single,1024,123,dev,Iran,2025,3,unchanged,0.93742,0.0378,0.02479
ConfliBERT-v2,current,single,1024,123,test,Iran,2025,7,unchanged,0.98835,0.00105,0.0106
ConfliBERT-v2,current,single,1024,123,test,Iran,2025,10,unchanged,0.98662,0.00153,0.01185
ConfliBERT-v2,current,single,1024,123,test,Iran,2025,12,deteriorated,0.96937,0.01129,0.01935
ConfliBERT-v2,current,single,1024,123,dev,Iraq,2025,1,unchanged,0.98588,0.00171,0.01241
ConfliBERT-v2,current,single,1024,123,dev,Iraq,2025,2,unchanged,0.99468,0.00011,0.00521
ConfliBERT-v2,current,single,1024,123,dev,Iraq,2025,3,unchanged,0.9901,0.00067,0.00923
ConfliBERT-v2,current,single,1024,123,test,Iraq,2025,6,unchanged,0.97018,0.01061,0.01921
ConfliBERT-v2,current,single,1024,123,test,Iraq,2025,6,unchanged,0.97018,0.01061,0.01921
ConfliBERT-v2,current,single,1024,123,test,Iraq,2025,7,unchanged,0.99061,0.00058,0.00881
ConfliBERT-v2,current,single,1024,123,test,Iraq,2025,10,unchanged,0.98906,0.00086,0.01008
ConfliBERT-v2,current,single,1024,123,test,Iraq,2025,12,unchanged,0.99607,4e-05,0.00389
ConfliBERT-v2,current,single,1024,123,dev,Saudi Arabia,2025,1,unchanged,0.99263,0.00026,0.00711
ConfliBERT-v2,current,single,1024,123,dev,Saudi Arabia,2025,2,unchanged,0.99446,0.00011,0.00543
ConfliBERT-v2,current,single,1024,123,dev,Saudi Arabia,2025,3,unchanged,0.99564,5e-05,0.00431
ConfliBERT-v2,current,single,1024,123,test,Saudi Arabia,2025,6,unchanged,0.9815,0.00365,0.01485
ConfliBERT-v2,current,single,1024,123,test,Saudi Arabia,2025,6,unchanged,0.9815,0.00365,0.01485
ConfliBERT-v2,current,single,1024,123,test,Saudi Arabia,2025,7,unchanged,0.99601,4e-05,0.00395
ConfliBERT-v2,current,single,1024,123,test,Saudi Arabia,2025,10,unchanged,0.98503,0.00222,0.01274
ConfliBERT-v2,current,single,1024,123,test,Saudi Arabia,2025,12,unchanged,0.00057,0.9994,3e-05
ConfliBERT-v2,current,single,1024,123,test,Yemen,2025,6,unchanged,0.9854,0.0019,0.0127
ConfliBERT-v2,current,single,1024,123,test,Yemen,2025,6,unchanged,0.9854,0.0019,0.0127
ConfliBERT-v2,current,single,1024,123,test,Yemen,2025,7,deteriorated,0.92425,0.05074,0.02502
ConfliBERT-v2,current,single,1024,123,dev,Algeria,2025,1,unchanged,0.99571,5e-05,0.00424
ConfliBERT-v2,current,single,1024,123,dev,Algeria,2025,2,unchanged,0.00696,0.99271,0.00034
ConfliBERT-v2,current,single,1024,123,dev,Algeria,2025,3,unchanged,0.99388,0.00015,0.00597
ConfliBERT-v2,current,single,1024,123,test,Algeria,2025,6,unchanged,0.99622,4e-05,0.00374
ConfliBERT-v2,current,single,1024,123,test,Algeria,2025,6,unchanged,0.99621,4e-05,0.00375
ConfliBERT-v2,current,single,1024,123,test,Algeria,2025,7,unchanged,0.99493,8e-05,0.00499
ConfliBERT-v2,current,single,1024,123,test,Algeria,2025,10,unchanged,0.9908,0.00057,0.00864
ConfliBERT-v2,current,single,1024,123,test,Algeria,2025,12,unchanged,0.99562,5e-05,0.00433
ConfliBERT-v2,current,single,1024,123,dev,Egypt,2025,1,unchanged,0.99579,5e-05,0.00416
ConfliBERT-v2,current,single,1024,123,dev,Egypt,2025,2,unchanged,0.99612,4e-05,0.00384
ConfliBERT-v2,current,single,1024,123,dev,Egypt,2025,3,unchanged,0.99495,9e-05,0.00496
ConfliBERT-v2,current,single,1024,123,test,Egypt,2025,6,unchanged,0.99238,0.00029,0.00733
ConfliBERT-v2,current,single,1024,123,test,Egypt,2025,6,unchanged,0.99238,0.00029,0.00733
ConfliBERT-v2,current,single,1024,123,test,Egypt,2025,7,unchanged,0.993,0.00024,0.00676
ConfliBERT-v2,current,single,1024,123,test,Egypt,2025,10,unchanged,0.9911,0.00044,0.00846
ConfliBERT-v2,current,single,1024,123,test,Egypt,2025,12,unchanged,0.99547,6e-05,0.00446
ConfliBERT-v2,current,single,1024,123,dev,Libya,2025,1,unchanged,0.99507,8e-05,0.00485
ConfliBERT-v2,current,single,1024,123,dev,Libya,2025,2,unchanged,0.99559,6e-05,0.00436
ConfliBERT-v2,current,single,1024,123,dev,Libya,2025,3,unchanged,0.98494,0.00222,0.01284
ConfliBERT-v2,current,single,1024,123,test,Libya,2025,6,unchanged,0.98498,0.00202,0.01299
ConfliBERT-v2,current,single,1024,123,test,Libya,2025,6,unchanged,0.98498,0.00202,0.01299
ConfliBERT-v2,current,single,1024,123,test,Libya,2025,7,unchanged,0.99467,0.0001,0.00522
ConfliBERT-v2,current,single,1024,123,test,Libya,2025,10,unchanged,0.98849,0.00094,0.01056
ConfliBERT-v2,current,single,1024,123,test,Libya,2025,12,unchanged,0.97101,0.01005,0.01893
ConfliBERT-v2,current,single,1024,123,dev,Tunisia,2025,1,unchanged,0.98178,0.00349,0.01473
ConfliBERT-v2,current,single,1024,123,dev,Tunisia,2025,2,unchanged,0.99457,0.0001,0.00532
ConfliBERT-v2,current,single,1024,123,dev,Tunisia,2025,3,unchanged,0.99448,0.00011,0.00541
ConfliBERT-v2,current,single,1024,123,test,Tunisia,2025,6,unchanged,0.99474,0.0001,0.00516
ConfliBERT-v2,current,single,1024,123,test,Tunisia,2025,6,unchanged,0.99474,0.0001,0.00516
ConfliBERT-v2,current,single,1024,123,test,Tunisia,2025,7,unchanged,0.98841,0.00107,0.01052
ConfliBERT-v2,current,single,1024,123,test,Tunisia,2025,10,unchanged,0.9815,0.0036,0.0149
ConfliBERT-v2,current,single,1024,123,test,Tunisia,2025,12,unchanged,0.99598,4e-05,0.00397
ConfliBERT-v2,current,single,1024,123,dev,Western Sahara,2025,1,unchanged,0.79408,0.17896,0.02696
ConfliBERT-v2,current,single,1024,123,dev,Western Sahara,2025,2,unchanged,0.99252,0.00029,0.00719
ConfliBERT-v2,current,single,1024,123,dev,Western Sahara,2025,3,unchanged,0.99574,5e-05,0.00421
ConfliBERT-v2,current,single,1024,123,test,Western Sahara,2025,6,unchanged,0.99548,7e-05,0.00445
ConfliBERT-v2,current,single,1024,123,test,Western Sahara,2025,6,unchanged,0.99549,7e-05,0.00444
ConfliBERT-v2,current,single,1024,123,test,Western Sahara,2025,7,unchanged,0.99236,0.00031,0.00733
ConfliBERT-v2,current,single,1024,123,test,Western Sahara,2025,10,unchanged,0.99231,0.0003,0.00739
ConfliBERT-v2,current,single,1024,123,test,Western Sahara,2025,12,unchanged,0.9963,3e-05,0.00367
ConfliBERT-v2,current,single,1024,123,dev,Central African Republic,2025,1,unchanged,0.99546,6e-05,0.00448
ConfliBERT-v2,current,single,1024,123,dev,Central African Republic,2025,2,unchanged,0.99282,0.00024,0.00694
ConfliBERT-v2,current,single,1024,123,dev,Central African Republic,2025,2,unchanged,0.99311,0.00021,0.00668
ConfliBERT-v2,current,single,1024,123,dev,Central African Republic,2025,3,unchanged,0.99558,5e-05,0.00437
ConfliBERT-v2,current,single,1024,123,test,Central African Republic,2025,7,unchanged,0.99492,9e-05,0.00499
ConfliBERT-v2,current,single,1024,123,test,Central African Republic,2025,10,unchanged,0.99563,5e-05,0.00431
ConfliBERT-v2,current,single,1024,123,dev,Mali,2025,1,unchanged,0.98968,0.00069,0.00963
ConfliBERT-v2,current,single,1024,123,dev,Mali,2025,2,unchanged,0.9909,0.00048,0.00862
ConfliBERT-v2,current,single,1024,123,dev,Mali,2025,2,unchanged,0.99165,0.00037,0.00798
ConfliBERT-v2,current,single,1024,123,dev,Mali,2025,3,unchanged,0.99468,0.0001,0.00522
ConfliBERT-v2,current,single,1024,123,test,Mali,2025,7,deteriorated,0.00203,0.99785,0.00011
ConfliBERT-v2,current,single,1024,123,test,Mali,2025,12,unchanged,0.95981,0.01814,0.02205
ConfliBERT-v2,current,single,1024,123,dev,Niger,2025,1,unchanged,0.99551,7e-05,0.00442
ConfliBERT-v2,current,single,1024,123,dev,Niger,2025,2,unchanged,0.99034,0.00052,0.00914
ConfliBERT-v2,current,single,1024,123,dev,Niger,2025,2,unchanged,0.98916,0.00071,0.01012
ConfliBERT-v2,current,single,1024,123,dev,Niger,2025,3,deteriorated,0.98852,0.00096,0.01052
ConfliBERT-v2,current,single,1024,123,test,Niger,2025,7,unchanged,0.98949,0.00069,0.00981
ConfliBERT-v2,current,single,1024,123,test,Niger,2025,10,unchanged,0.99381,0.00015,0.00604
ConfliBERT-v2,current,single,1024,123,test,Niger,2025,12,unchanged,0.99518,8e-05,0.00474
ConfliBERT-v2,current,single,1024,123,dev,Benin,2025,1,deteriorated,0.01032,0.98916,0.00051
ConfliBERT-v2,current,single,1024,123,dev,Benin,2025,2,unchanged,0.98823,0.00109,0.01068
ConfliBERT-v2,current,single,1024,123,dev,Benin,2025,2,unchanged,0.9884,0.00104,0.01056
ConfliBERT-v2,current,single,1024,123,dev,Benin,2025,3,unchanged,0.99645,3e-05,0.00352
ConfliBERT-v2,current,single,1024,123,test,Benin,2025,7,unchanged,0.99474,0.0001,0.00516
ConfliBERT-v2,current,single,1024,123,test,Benin,2025,10,unchanged,0.98317,0.00308,0.01375
ConfliBERT-v2,current,single,1024,123,test,Benin,2025,12,deteriorated,0.00696,0.99269,0.00035
ConfliBERT-v2,current,single,1024,123,dev,Moldova,2025,1,deteriorated,0.07283,0.92394,0.00323
ConfliBERT-v2,current,single,1024,123,dev,Moldova,2025,2,unchanged,0.98276,0.00328,0.01396
ConfliBERT-v2,current,single,1024,123,test,Moldova,2026,3,unchanged,0.98876,0.00101,0.01024
ConfliBERT-v2,current,single,1024,123,test,Israel/Palestine,2025,12,unchanged,0.99454,0.0001,0.00536
ConfliBERT-v2,current,single,1024,123,dev,Colombia,2025,2,unchanged,0.95928,0.01885,0.02187
ConfliBERT-v2,current,single,1024,123,dev,Colombia,2025,3,unchanged,0.99472,9e-05,0.00518
ConfliBERT-v2,current,single,1024,123,test,Colombia,2025,7,unchanged,0.97728,0.0059,0.01682
ConfliBERT-v2,current,single,1024,123,test,Colombia,2025,10,deteriorated,0.9942,0.00013,0.00567
ConfliBERT-v2,current,single,1024,123,test,Colombia,2025,12,unchanged,0.00769,0.99194,0.00037
ConfliBERT-v2,current,single,1024,123,dev,Ecuador,2025,1,deteriorated,0.04193,0.95608,0.002
ConfliBERT-v2,current,single,1024,123,dev,Ecuador,2025,2,unchanged,0.99232,0.00031,0.00737
ConfliBERT-v2,current,single,1024,123,dev,Ecuador,2025,3,unchanged,0.99518,7e-05,0.00475
ConfliBERT-v2,current,single,1024,123,test,Ecuador,2025,7,unchanged,0.99574,5e-05,0.00421
ConfliBERT-v2,current,single,1024,123,test,Ecuador,2025,10,unchanged,0.01867,0.98049,0.00084
ConfliBERT-v2,current,single,1024,123,test,Ecuador,2025,12,unchanged,0.98924,0.0008,0.00997
ConfliBERT-v2,current,single,1024,123,dev,Venezuela,2025,1,unchanged,0.97719,0.006,0.01681
ConfliBERT-v2,current,single,1024,123,dev,Venezuela,2025,2,unchanged,0.99076,0.0005,0.00874
ConfliBERT-v2,current,single,1024,123,dev,Venezuela,2025,3,unchanged,0.99179,0.0004,0.00781
ConfliBERT-v2,current,single,1024,123,test,Venezuela,2025,7,unchanged,0.99376,0.00016,0.00608
ConfliBERT-v2,current,single,1024,123,dev,El Salvador,2025,1,unchanged,0.98636,0.0016,0.01203
ConfliBERT-v2,current,single,1024,123,dev,El Salvador,2025,2,unchanged,0.99597,4e-05,0.00399
ConfliBERT-v2,current,single,1024,123,dev,El Salvador,2025,3,unchanged,0.99591,4e-05,0.00405
ConfliBERT-v2,current,single,1024,123,test,El Salvador,2025,7,deteriorated,0.99556,5e-05,0.00439
ConfliBERT-v2,current,single,1024,123,test,El Salvador,2025,10,unchanged,0.99612,4e-05,0.00384
ConfliBERT-v2,current,single,1024,123,test,El Salvador,2025,12,unchanged,0.99628,3e-05,0.00369
ConfliBERT-v2,current,single,1024,123,test,Honduras,2025,12,deteriorated,0.91447,0.05938,0.02615
ConfliBERT-v2,current,single,1024,123,dev,Mexico,2025,1,unchanged,0.9933,0.0002,0.0065
ConfliBERT-v2,current,single,1024,123,dev,Mexico,2025,2,unchanged,0.99561,6e-05,0.00433
ConfliBERT-v2,current,single,1024,123,dev,Mexico,2025,3,unchanged,0.99269,0.00026,0.00705
ConfliBERT-v2,current,single,1024,123,test,Mexico,2025,7,unchanged,0.99416,0.00013,0.00571
ConfliBERT-v2,current,single,1024,123,test,Mexico,2025,10,unchanged,0.96425,0.01511,0.02065
ConfliBERT-v2,current,single,1024,123,test,Mexico,2025,12,unchanged,0.99142,0.00041,0.00817
ConfliBERT-v2,current,single,1024,123,dev,Nicaragua,2025,1,unchanged,0.99301,0.00022,0.00677
ConfliBERT-v2,current,single,1024,123,dev,Nicaragua,2025,2,deteriorated,0.96617,0.01346,0.02037
ConfliBERT-v2,current,single,1024,123,dev,Nicaragua,2025,3,unchanged,0.99607,4e-05,0.00389
ConfliBERT-v2,current,single,1024,123,test,Nicaragua,2025,7,unchanged,0.99458,0.00011,0.00531
ConfliBERT-v2,current,single,1024,123,test,Nicaragua,2025,10,unchanged,0.99633,3e-05,0.00364
ConfliBERT-v2,current,single,1024,123,test,Nicaragua,2025,12,unchanged,0.99634,4e-05,0.00363
ConfliBERT-v2,current,single,1024,123,dev,Haiti,2025,1,unchanged,0.99497,7e-05,0.00496
ConfliBERT-v2,current,single,1024,123,dev,Haiti,2025,2,unchanged,0.99398,0.00015,0.00588
ConfliBERT-v2,current,single,1024,123,dev,Haiti,2025,3,deteriorated,0.00062,0.99935,3e-05
ConfliBERT-v2,current,single,1024,123,test,Haiti,2025,7,unchanged,0.99292,0.00024,0.00685
ConfliBERT-v2,current,single,1024,123,test,Haiti,2025,10,unchanged,0.98976,0.00076,0.00948
ConfliBERT-v2,current,single,1024,123,test,Haiti,2025,12,unchanged,0.98744,0.00129,0.01127
ConfliBERT-v2,current,single,1024,123,dev,China/Japan,2025,1,unchanged,0.99572,6e-05,0.00423
ConfliBERT-v2,current,single,1024,123,dev,China/Japan,2025,2,unchanged,0.99636,4e-05,0.0036
ConfliBERT-v2,current,single,1024,123,dev,China/Japan,2025,3,unchanged,0.99574,6e-05,0.00421
ConfliBERT-v2,current,single,1024,123,test,China/Japan,2025,6,unchanged,0.99364,0.00018,0.00618
ConfliBERT-v2,current,single,1024,123,test,China/Japan,2025,6,unchanged,0.99364,0.00018,0.00618
ConfliBERT-v2,current,single,1024,123,test,China/Japan,2025,7,unchanged,0.9946,0.00012,0.00529
ConfliBERT-v2,current,single,1024,123,test,China/Japan,2025,7,unchanged,0.9946,0.00012,0.00529
ConfliBERT-v2,current,single,1024,123,test,China/Japan,2025,10,unchanged,0.99598,5e-05,0.00397
ConfliBERT-v2,current,single,1024,123,test,China/Japan,2025,12,unchanged,0.99078,0.00055,0.00867
ConfliBERT-v2,current,single,1024,123,dev,Korean Peninsula,2025,1,unchanged,0.99469,0.0001,0.00521
ConfliBERT-v2,current,single,1024,123,dev,Korean Peninsula,2025,2,unchanged,0.98279,0.00308,0.01413
ConfliBERT-v2,current,single,1024,123,dev,Korean Peninsula,2025,3,unchanged,0.99067,0.00056,0.00877
ConfliBERT-v2,current,single,1024,123,test,Korean Peninsula,2025,6,unchanged,0.9935,0.00018,0.00631
ConfliBERT-v2,current,single,1024,123,test,Korean Peninsula,2025,6,unchanged,0.9935,0.00018,0.00631
ConfliBERT-v2,current,single,1024,123,test,Korean Peninsula,2025,7,unchanged,0.99297,0.00024,0.0068
ConfliBERT-v2,current,single,1024,123,test,Korean Peninsula,2025,7,unchanged,0.99297,0.00024,0.0068
ConfliBERT-v2,current,single,1024,123,test,Korean Peninsula,2025,10,unchanged,0.99319,0.00021,0.0066
ConfliBERT-v2,current,single,1024,123,test,Korean Peninsula,2025,12,unchanged,0.99443,0.00011,0.00546
ConfliBERT-v2,current,single,1024,123,dev,Taiwan Strait,2025,1,unchanged,0.97111,0.01054,0.01835
ConfliBERT-v2,current,single,1024,123,dev,Taiwan Strait,2025,2,unchanged,0.96606,0.01389,0.02005
ConfliBERT-v2,current,single,1024,123,dev,Taiwan Strait,2025,3,unchanged,0.98498,0.00222,0.01279
ConfliBERT-v2,current,single,1024,123,test,Taiwan Strait,2025,6,unchanged,0.99345,0.0002,0.00635
ConfliBERT-v2,current,single,1024,123,test,Taiwan Strait,2025,6,unchanged,0.99346,0.0002,0.00634
ConfliBERT-v2,current,single,1024,123,test,Taiwan Strait,2025,7,unchanged,0.99411,0.00015,0.00574
ConfliBERT-v2,current,single,1024,123,test,Taiwan Strait,2025,7,unchanged,0.99411,0.00015,0.00574
ConfliBERT-v2,current,single,1024,123,test,Taiwan Strait,2025,10,unchanged,0.99335,0.0002,0.00645
ConfliBERT-v2,current,single,1024,123,test,Taiwan Strait,2025,12,deteriorated,0.95074,0.02655,0.02271
ConfliBERT-v2,current,single,1024,123,dev,Afghanistan,2025,1,unchanged,0.99551,6e-05,0.00442
ConfliBERT-v2,current,single,1024,123,dev,Afghanistan,2025,2,unchanged,0.98565,0.00184,0.0125
ConfliBERT-v2,current,single,1024,123,dev,Afghanistan,2025,3,unchanged,0.99485,9e-05,0.00506
ConfliBERT-v2,current,single,1024,123,test,Afghanistan,2025,7,unchanged,0.99107,0.00048,0.00844
ConfliBERT-v2,current,single,1024,123,test,Afghanistan,2025,7,unchanged,0.99107,0.00048,0.00844
ConfliBERT-v2,current,single,1024,123,test,Afghanistan,2025,12,unchanged,0.98329,0.00285,0.01386
ConfliBERT-v2,current,single,1024,123,dev,Bangladesh,2025,1,unchanged,0.99373,0.00016,0.00611
ConfliBERT-v2,current,single,1024,123,dev,Bangladesh,2025,2,unchanged,0.99059,0.00055,0.00886
ConfliBERT-v2,current,single,1024,123,dev,Bangladesh,2025,3,unchanged,0.98075,0.00395,0.0153
ConfliBERT-v2,current,single,1024,123,test,Bangladesh,2025,6,unchanged,0.99522,7e-05,0.00471
ConfliBERT-v2,current,single,1024,123,test,Bangladesh,2025,6,unchanged,0.99522,7e-05,0.00471
ConfliBERT-v2,current,single,1024,123,test,Bangladesh,2025,7,unchanged,0.99393,0.00013,0.00594
ConfliBERT-v2,current,single,1024,123,test,Bangladesh,2025,7,unchanged,0.99393,0.00013,0.00594
ConfliBERT-v2,current,single,1024,123,test,Bangladesh,2025,10,unchanged,0.98808,0.00116,0.01076
ConfliBERT-v2,current,single,1024,123,test,Bangladesh,2025,12,deteriorated,0.92202,0.05263,0.02535
ConfliBERT-v2,current,single,1024,123,dev,India,2025,1,unchanged,0.98993,0.00066,0.00941
ConfliBERT-v2,current,single,1024,123,dev,India,2025,2,unchanged,0.99305,0.00021,0.00674
ConfliBERT-v2,current,single,1024,123,dev,India,2025,3,unchanged,0.99148,0.00043,0.00809
ConfliBERT-v2,current,single,1024,123,test,India,2025,6,unchanged,0.96814,0.01145,0.02041
ConfliBERT-v2,current,single,1024,123,test,India,2025,6,unchanged,0.96814,0.01145,0.02041
ConfliBERT-v2,current,single,1024,123,test,India,2025,7,unchanged,0.99595,4e-05,0.004
ConfliBERT-v2,current,single,1024,123,test,India,2025,7,unchanged,0.99595,4e-05,0.004
ConfliBERT-v2,current,single,1024,123,test,India,2025,10,improved,0.98318,0.00285,0.01397
ConfliBERT-v2,current,single,1024,123,test,India,2025,12,unchanged,0.99345,0.00019,0.00636
ConfliBERT-v2,current,single,1024,123,dev,Pakistan,2025,1,unchanged,0.9915,0.00041,0.00809
ConfliBERT-v2,current,single,1024,123,dev,Pakistan,2025,2,unchanged,0.82999,0.14227,0.02774
ConfliBERT-v2,current,single,1024,123,dev,Pakistan,2025,3,unchanged,0.00066,0.99931,3e-05
ConfliBERT-v2,current,single,1024,123,test,Pakistan,2025,6,unchanged,0.99378,0.00015,0.00607
ConfliBERT-v2,current,single,1024,123,test,Pakistan,2025,6,unchanged,0.99378,0.00015,0.00607
ConfliBERT-v2,current,single,1024,123,test,Pakistan,2025,7,unchanged,0.99202,0.00035,0.00763
ConfliBERT-v2,current,single,1024,123,test,Pakistan,2025,7,unchanged,0.99202,0.00035,0.00763
ConfliBERT-v2,current,single,1024,123,test,Pakistan,2025,12,unchanged,0.98985,0.0007,0.00944
ConfliBERT-v2,current,single,1024,123,dev,Sri Lanka,2025,1,unchanged,0.99496,9e-05,0.00495
ConfliBERT-v2,current,single,1024,123,dev,Sri Lanka,2025,2,unchanged,0.99441,0.00012,0.00547
ConfliBERT-v2,current,single,1024,123,dev,Sri Lanka,2025,3,unchanged,0.99271,0.00024,0.00705
ConfliBERT-v2,current,single,1024,123,test,Sri Lanka,2025,6,unchanged,0.99575,5e-05,0.00421
ConfliBERT-v2,current,single,1024,123,test,Sri Lanka,2025,6,unchanged,0.99575,5e-05,0.00421
ConfliBERT-v2,current,single,1024,123,test,Sri Lanka,2025,7,unchanged,0.99585,5e-05,0.0041
ConfliBERT-v2,current,single,1024,123,test,Sri Lanka,2025,7,unchanged,0.99585,5e-05,0.0041
ConfliBERT-v2,current,single,1024,123,test,Sri Lanka,2025,10,unchanged,0.99546,6e-05,0.00448
ConfliBERT-v2,current,single,1024,123,test,Sri Lanka,2025,12,unchanged,0.77321,0.20033,0.02646
ConfliBERT-v2,current,single,1024,123,dev,Myanmar,2025,1,unchanged,0.98305,0.00303,0.01391
ConfliBERT-v2,current,single,1024,123,dev,Myanmar,2025,2,unchanged,0.06296,0.93425,0.00279
ConfliBERT-v2,current,single,1024,123,dev,Myanmar,2025,3,unchanged,0.99352,0.00019,0.00629
ConfliBERT-v2,current,single,1024,123,test,Myanmar,2025,6,unchanged,0.98996,0.0007,0.00933
ConfliBERT-v2,current,single,1024,123,test,Myanmar,2025,6,unchanged,0.98996,0.0007,0.00933
ConfliBERT-v2,current,single,1024,123,test,Myanmar,2025,7,unchanged,0.97964,0.00447,0.0159
ConfliBERT-v2,current,single,1024,123,test,Myanmar,2025,7,unchanged,0.97964,0.00447,0.0159
ConfliBERT-v2,current,single,1024,123,test,Myanmar,2025,10,unchanged,0.98935,0.0008,0.00985
ConfliBERT-v2,current,single,1024,123,test,Myanmar,2025,12,unchanged,0.00243,0.99743,0.00014
ConfliBERT-v2,current,single,1024,123,dev,Philippines,2025,1,unchanged,0.99236,0.00031,0.00733
ConfliBERT-v2,current,single,1024,123,dev,Philippines,2025,2,unchanged,0.99464,9e-05,0.00527
ConfliBERT-v2,current,single,1024,123,dev,Philippines,2025,3,unchanged,0.9956,6e-05,0.00435
ConfliBERT-v2,current,single,1024,123,test,Philippines,2025,6,unchanged,0.99599,4e-05,0.00396
ConfliBERT-v2,current,single,1024,123,test,Philippines,2025,6,unchanged,0.99599,4e-05,0.00396
ConfliBERT-v2,current,single,1024,123,test,Philippines,2025,7,unchanged,0.9961,4e-05,0.00386
ConfliBERT-v2,current,single,1024,123,test,Philippines,2025,7,unchanged,0.9961,4e-05,0.00386
ConfliBERT-v2,current,single,1024,123,test,Philippines,2025,10,unchanged,0.99527,7e-05,0.00466
ConfliBERT-v2,current,single,1024,123,test,Philippines,2025,12,unchanged,0.99452,0.00012,0.00536
ConfliBERT-v2,current,single,1024,123,dev,South China Sea,2025,1,unchanged,0.97803,0.00573,0.01625
ConfliBERT-v2,current,single,1024,123,dev,South China Sea,2025,2,unchanged,0.9886,0.00101,0.0104
ConfliBERT-v2,current,single,1024,123,dev,South China Sea,2025,3,unchanged,0.995,9e-05,0.00491
ConfliBERT-v2,current,single,1024,123,test,South China Sea,2025,6,unchanged,0.9949,0.0001,0.00501
ConfliBERT-v2,current,single,1024,123,test,South China Sea,2025,6,unchanged,0.9949,0.0001,0.00501
ConfliBERT-v2,current,single,1024,123,test,South China Sea,2025,7,unchanged,0.9943,0.00013,0.00556
ConfliBERT-v2,current,single,1024,123,test,South China Sea,2025,7,unchanged,0.9943,0.00013,0.00556
ConfliBERT-v2,current,single,1024,123,test,South China Sea,2025,10,unchanged,0.99234,0.00033,0.00733
ConfliBERT-v2,current,single,1024,123,test,South China Sea,2025,12,unchanged,0.99412,0.00015,0.00573
ConfliBERT-v2,current,single,1024,123,dev,Thailand,2025,1,unchanged,0.99545,7e-05,0.00449
ConfliBERT-v2,current,single,1024,123,dev,Thailand,2025,2,unchanged,0.97072,0.01021,0.01907
ConfliBERT-v2,current,single,1024,123,dev,Thailand,2025,3,unchanged,0.98167,0.00349,0.01485
ConfliBERT-v2,current,single,1024,123,test,Thailand,2025,6,deteriorated,0.60142,0.37489,0.02369
ConfliBERT-v2,current,single,1024,123,test,Thailand,2025,6,deteriorated,0.60142,0.37489,0.02369
ConfliBERT-v2,current,single,1024,123,test,Thailand,2025,7,unchanged,0.88916,0.08335,0.02749
ConfliBERT-v2,current,single,1024,123,test,Thailand,2025,7,unchanged,0.88916,0.08335,0.02749
ConfliBERT-v2,current,single,1024,123,test,Thailand,2025,10,improved,0.99525,7e-05,0.00468
ConfliBERT-v2,current,single,1024,123,test,Thailand,2025,12,unchanged,0.02713,0.9716,0.00127
ConfliBERT-v2,current,single,1024,123,test,Guatemala,2025,10,unchanged,0.99604,4e-05,0.00392
ConfliBERT-v2,current,single,1024,123,dev,Bolivia,2025,1,unchanged,0.99588,5e-05,0.00408
ConfliBERT-v2,current,single,1024,123,dev,Bolivia,2025,2,unchanged,0.99577,5e-05,0.00418
ConfliBERT-v2,current,single,1024,123,test,Bolivia,2025,10,improved,0.99502,7e-05,0.00491
ConfliBERT-v2,current,single,1024,123,test,Bolivia,2025,12,unchanged,0.99051,0.00065,0.00884
ConfliBERT-v2,current,single,1024,123,dev,Peru,2025,3,unchanged,0.99433,0.00011,0.00556
ConfliBERT-v2,current,single,1024,123,test,Peru,2025,10,deteriorated,0.85936,0.11428,0.02636
ConfliBERT-v2,current,single,1024,123,test,Madagascar,2025,10,deteriorated,0.00047,0.9995,2e-05
ConfliBERT-v2,current,single,1024,123,dev,Guinea-Bissau,2025,2,deteriorated,0.00049,0.99949,2e-05
ConfliBERT-v2,current,single,1024,123,dev,Guinea-Bissau,2025,2,deteriorated,0.00077,0.9992,4e-05
ConfliBERT-v2,current,single,1024,123,dev,Guinea-Bissau,2025,3,unchanged,0.99169,0.00037,0.00794
ConfliBERT-v2,current,single,1024,123,test,Guinea-Bissau,2025,12,unchanged,0.00076,0.9992,3e-05
ConfliBERT-v2,current,single,1024,123,dev,Guyana,2025,3,unchanged,0.99579,5e-05,0.00415
ConfliBERT-v2,current,single,1024,123,dev,Jordan,2025,2,unchanged,0.98594,0.00184,0.01222
ConfliBERT-v2,current,single,1024,123,test,Kazakhstan,2026,3,unchanged,0.9957,5e-05,0.00425
ConfliBERT-v2,current,single,1024,123,dev,Togo,2025,2,unchanged,0.99625,3e-05,0.00372
ConfliBERT-v2,current,single,1024,123,dev,Togo,2025,2,unchanged,0.99632,3e-05,0.00365
ConfliBERT-v2,current,single,1024,123,dev,Togo,2025,3,unchanged,0.99528,7e-05,0.00465
ConfliBERT-v2,current,single,1024,123,test,Togo,2025,7,unchanged,0.90489,0.06923,0.02587
ConfliBERT-v2,current,single,1024,123,test,Togo,2025,10,unchanged,0.99409,0.00016,0.00575
ConfliBERT-v2,current,single,1024,123,test,Papua New Guinea,2025,10,unchanged,0.99627,4e-05,0.0037
ConfliBERT-v2,current,single,1024,123,test,Cambodia,2025,7,unchanged,0.81476,0.15822,0.02702
ConfliBERT-v2,current,single,1024,123,test,Cambodia,2025,7,unchanged,0.81476,0.15822,0.02702
ConfliBERT-v2,current,single,1024,123,test,Brazil,2025,10,unchanged,0.00534,0.9944,0.00026
ConfliBERT-v2,current,single,1024,123,test,Angola,2025,7,deteriorated,0.0197,0.97938,0.00092
ConfliBERT-v2,current,single,1024,123,dev,Indonesia,2025,1,unchanged,0.99529,7e-05,0.00464
ConfliBERT-v2,current,single,1024,123,dev,Indonesia,2025,2,unchanged,0.99451,0.00011,0.00538
ConfliBERT-v2,current,single,1024,123,dev,Indonesia,2025,3,unchanged,0.96528,0.01421,0.02051
ConfliBERT-v2,current,single,1024,123,test,Indonesia,2025,6,unchanged,0.99592,5e-05,0.00403
ConfliBERT-v2,current,single,1024,123,test,Indonesia,2025,6,unchanged,0.99592,5e-05,0.00403
ConfliBERT-v2,current,single,1024,123,test,Indonesia,2025,7,unchanged,0.99556,6e-05,0.00438
ConfliBERT-v2,current,single,1024,123,test,Indonesia,2025,7,unchanged,0.99556,6e-05,0.00438
ConfliBERT-v2,current,single,1024,123,test,Indonesia,2025,10,unchanged,0.86353,0.10957,0.0269
ConfliBERT-v2,current,single,1024,123,test,Indonesia,2025,12,unchanged,0.99494,9e-05,0.00497
ConfliBERT-v2,current,single,1024,123,test,Ghana,2025,7,unchanged,0.99451,0.00012,0.00537
ConfliBERT-v2,current,single,1024,123,dev,South Africa,2025,1,unchanged,0.99369,0.00018,0.00613
ConfliBERT-v2,current,single,1024,123,dev,South Africa,2025,2,unchanged,0.99403,0.00014,0.00583
ConfliBERT-v2,current,single,1024,123,dev,South Africa,2025,2,unchanged,0.99417,0.00014,0.0057
ConfliBERT-v2,current,single,1024,123,dev,South Africa,2025,3,unchanged,0.99476,9e-05,0.00515
ConfliBERT-v2,current,single,1024,123,test,South Africa,2025,7,unchanged,0.99561,5e-05,0.00434
ConfliBERT-v2,current,single,1024,123,test,South Africa,2025,10,unchanged,0.99623,3e-05,0.00374
ConfliBERT-v2,current,single,1024,123,test,South Africa,2025,12,unchanged,0.99597,4e-05,0.00399
ConfliBERT-v2,current,single,1024,123,test,Qatar,2025,6,unchanged,0.00042,0.99956,2e-05
ConfliBERT-v2,current,single,1024,123,test,Qatar,2025,6,unchanged,0.00042,0.99956,2e-05
ConfliBERT-v2,current,single,1024,123,test,Morocco,2025,10,deteriorated,0.59211,0.38529,0.0226
ConfliBERT-v2,current,single,1024,123,dev,Comoros Islands,2025,1,unchanged,0.99294,0.00024,0.00682
ConfliBERT-v2,current,single,1024,123,dev,Russia/U.S.,2025,1,unchanged,0.99492,9e-05,0.005
ConfliBERT-v2,current,single,1024,123,dev,Russia/U.S.,2025,2,unchanged,0.99045,0.0006,0.00895
ConfliBERT-v2,current,single,1024,123,dev,Amazon,2025,1,unchanged,0.97674,0.00658,0.01668
ConfliBERT-v2,current,single,1024,123,dev,Amazon,2025,2,unchanged,0.99393,0.00016,0.00591
ConfliBERT-v2,current,single,1024,123,dev,Amazon,2025,3,unchanged,0.99513,7e-05,0.0048
ConfliBERT-v2,current,single,1024,123,test,Amazon,2025,7,deteriorated,0.00362,0.99619,0.00019
ConfliBERT-v2,current,single,1024,123,test,Amazon,2025,10,unchanged,0.98912,0.00087,0.01
ConfliBERT-v2,current,single,1024,123,test,Amazon,2025,12,unchanged,0.99559,5e-05,0.00435
ConfliBERT-v2,current,single,1024,123,test,China-U.S.,2025,6,unchanged,0.9952,7e-05,0.00473
ConfliBERT-v2,current,single,1024,123,test,China-U.S.,2025,6,unchanged,0.9952,7e-05,0.00473
ConfliBERT-v2,current,single,1024,123,test,China-U.S.,2025,10,improved,0.99499,8e-05,0.00493
ConfliBERT-v2,current,single,1024,123,test,China-U.S.,2025,12,unchanged,0.99501,8e-05,0.00491
ConfliBERT-v2,current,single,1024,123,dev,Cook Islands,2025,2,unchanged,0.98984,0.00068,0.00948
ConfliBERT-v2,current,single,1024,123,dev,Tasman Sea,2025,2,unchanged,0.98782,0.00129,0.01089
ConfliBERT-v2,current,single,1024,123,test,New Caledonia,2025,7,improved,0.97794,0.00582,0.01625
ConfliBERT-v2,current,single,1024,123,test,New Caledonia,2025,7,improved,0.97794,0.00582,0.01625
ConfliBERT-v2,current,single,1024,124,dev,Cameroon,2025,1,unchanged,0.9964,0.0002,0.0034
ConfliBERT-v2,current,single,1024,124,dev,Cameroon,2025,2,unchanged,0.99642,0.00019,0.00339
ConfliBERT-v2,current,single,1024,124,dev,Cameroon,2025,2,unchanged,0.99653,0.00018,0.00329
ConfliBERT-v2,current,single,1024,124,dev,Cameroon,2025,3,unchanged,0.97214,0.00596,0.0219
ConfliBERT-v2,current,single,1024,124,test,Cameroon,2025,7,unchanged,0.96996,0.00595,0.02409
ConfliBERT-v2,current,single,1024,124,test,Cameroon,2025,12,unchanged,0.99661,0.00017,0.00322
ConfliBERT-v2,current,single,1024,124,dev,Chad,2025,1,unchanged,0.00203,0.99755,0.00042
ConfliBERT-v2,current,single,1024,124,dev,Chad,2025,2,unchanged,0.9763,0.00466,0.01903
ConfliBERT-v2,current,single,1024,124,dev,Chad,2025,2,unchanged,0.98219,0.00289,0.01491
ConfliBERT-v2,current,single,1024,124,dev,Chad,2025,3,unchanged,0.95217,0.01369,0.03414
ConfliBERT-v2,current,single,1024,124,test,Chad,2025,7,unchanged,0.99102,0.00089,0.00809
ConfliBERT-v2,current,single,1024,124,test,Chad,2025,10,deteriorated,0.88801,0.0525,0.05949
ConfliBERT-v2,current,single,1024,124,test,Chad,2025,12,unchanged,0.62771,0.30817,0.06412
ConfliBERT-v2,current,single,1024,124,dev,Gabon,2025,1,unchanged,0.99588,0.00023,0.0039
ConfliBERT-v2,current,single,1024,124,dev,Gabon,2025,3,unchanged,0.99722,0.0001,0.00268
ConfliBERT-v2,current,single,1024,124,dev,Kenya,2025,1,unchanged,0.98922,0.00123,0.00955
ConfliBERT-v2,current,single,1024,124,dev,Kenya,2025,2,unchanged,0.99449,0.00042,0.0051
ConfliBERT-v2,current,single,1024,124,dev,Kenya,2025,2,unchanged,0.9945,0.0004,0.0051
ConfliBERT-v2,current,single,1024,124,dev,Kenya,2025,3,unchanged,0.99434,0.00038,0.00528
ConfliBERT-v2,current,single,1024,124,test,Kenya,2025,7,deteriorated,0.00385,0.99541,0.00074
ConfliBERT-v2,current,single,1024,124,test,Kenya,2025,10,unchanged,0.56685,0.37102,0.06213
ConfliBERT-v2,current,single,1024,124,test,Kenya,2025,12,unchanged,0.98123,0.00284,0.01592
ConfliBERT-v2,current,single,1024,124,dev,Mozambique,2025,1,improved,0.95431,0.01404,0.03165
ConfliBERT-v2,current,single,1024,124,dev,Mozambique,2025,2,unchanged,0.96025,0.01075,0.029
ConfliBERT-v2,current,single,1024,124,dev,Mozambique,2025,2,unchanged,0.95679,0.01233,0.03088
ConfliBERT-v2,current,single,1024,124,dev,Mozambique,2025,3,improved,0.95576,0.01166,0.03258
ConfliBERT-v2,current,single,1024,124,test,Mozambique,2025,7,unchanged,0.99422,0.00044,0.00534
ConfliBERT-v2,current,single,1024,124,test,Mozambique,2025,10,unchanged,0.99488,0.00034,0.00477
ConfliBERT-v2,current,single,1024,124,test,Mozambique,2025,12,unchanged,0.98394,0.0024,0.01366
ConfliBERT-v2,current,single,1024,124,dev,Tanzania,2025,1,unchanged,0.99816,6e-05,0.00178
ConfliBERT-v2,current,single,1024,124,dev,Tanzania,2025,2,unchanged,0.99845,4e-05,0.00151
ConfliBERT-v2,current,single,1024,124,dev,Tanzania,2025,2,unchanged,0.99834,5e-05,0.00162
ConfliBERT-v2,current,single,1024,124,dev,Tanzania,2025,3,unchanged,0.99779,8e-05,0.00213
ConfliBERT-v2,current,single,1024,124,test,Tanzania,2025,7,unchanged,0.99608,0.00021,0.00371
ConfliBERT-v2,current,single,1024,124,test,Tanzania,2025,12,unchanged,0.89495,0.05417,0.05089
ConfliBERT-v2,current,single,1024,124,dev,Zimbabwe,2025,1,unchanged,0.99505,0.0003,0.00464
ConfliBERT-v2,current,single,1024,124,dev,Zimbabwe,2025,2,unchanged,0.99565,0.00026,0.00408
ConfliBERT-v2,current,single,1024,124,dev,Zimbabwe,2025,2,unchanged,0.99556,0.00028,0.00417
ConfliBERT-v2,current,single,1024,124,dev,Zimbabwe,2025,3,deteriorated,0.00207,0.99749,0.00044
ConfliBERT-v2,current,single,1024,124,test,Zimbabwe,2025,7,unchanged,0.99714,0.00012,0.00274
ConfliBERT-v2,current,single,1024,124,test,Zimbabwe,2025,10,unchanged,0.9936,0.00049,0.00591
ConfliBERT-v2,current,single,1024,124,test,Zimbabwe,2025,12,unchanged,0.99702,0.00013,0.00286
ConfliBERT-v2,current,single,1024,124,test,Burundi,2025,7,unchanged,0.99032,0.00098,0.0087
ConfliBERT-v2,current,single,1024,124,test,Burundi,2025,10,unchanged,0.99602,0.00021,0.00376
ConfliBERT-v2,current,single,1024,124,test,DR Congo,2025,10,unchanged,0.99249,0.00066,0.00685
ConfliBERT-v2,current,single,1024,124,test,DR Congo,2025,12,deteriorated,0.0031,0.99632,0.00058
ConfliBERT-v2,current,single,1024,124,dev,Rwanda,2025,2,unchanged,0.9748,0.00473,0.02047
ConfliBERT-v2,current,single,1024,124,dev,Rwanda,2025,2,unchanged,0.97449,0.0048,0.0207
ConfliBERT-v2,current,single,1024,124,dev,Rwanda,2025,3,unchanged,0.98341,0.00229,0.0143
ConfliBERT-v2,current,single,1024,124,test,Rwanda,2025,7,unchanged,0.99773,7e-05,0.0022
ConfliBERT-v2,current,single,1024,124,test,Rwanda,2025,10,unchanged,0.99479,0.00033,0.00488
ConfliBERT-v2,current,single,1024,124,test,Rwanda,2025,12,unchanged,0.09782,0.89342,0.00876
ConfliBERT-v2,current,single,1024,124,dev,Uganda,2025,1,unchanged,0.98445,0.00226,0.0133
ConfliBERT-v2,current,single,1024,124,dev,Uganda,2025,2,unchanged,0.99554,0.00028,0.00418
ConfliBERT-v2,current,single,1024,124,dev,Uganda,2025,2,unchanged,0.99509,0.00033,0.00457
ConfliBERT-v2,current,single,1024,124,dev,Uganda,2025,3,unchanged,0.35266,0.61652,0.03082
ConfliBERT-v2,current,single,1024,124,test,Uganda,2025,7,unchanged,0.0132,0.98493,0.00187
ConfliBERT-v2,current,single,1024,124,test,Uganda,2025,10,unchanged,0.99041,0.00102,0.00857
ConfliBERT-v2,current,single,1024,124,dev,Eritrea,2025,1,unchanged,0.99863,3e-05,0.00134
ConfliBERT-v2,current,single,1024,124,dev,Eritrea,2025,2,unchanged,0.99758,0.0001,0.00232
ConfliBERT-v2,current,single,1024,124,dev,Eritrea,2025,2,unchanged,0.99758,0.0001,0.00232
ConfliBERT-v2,current,single,1024,124,test,Eritrea,2025,7,unchanged,0.99364,0.0005,0.00586
ConfliBERT-v2,current,single,1024,124,test,Eritrea,2025,10,unchanged,0.99575,0.00026,0.00399
ConfliBERT-v2,current,single,1024,124,test,Eritrea,2025,12,unchanged,0.99712,0.00012,0.00276
ConfliBERT-v2,current,single,1024,124,dev,Ethiopia,2025,1,unchanged,0.997,0.00014,0.00287
ConfliBERT-v2,current,single,1024,124,dev,Ethiopia,2025,2,unchanged,0.99692,0.00014,0.00293
ConfliBERT-v2,current,single,1024,124,dev,Ethiopia,2025,2,unchanged,0.99704,0.00013,0.00282
ConfliBERT-v2,current,single,1024,124,test,Ethiopia,2025,7,unchanged,0.40391,0.57183,0.02426
ConfliBERT-v2,current,single,1024,124,test,Ethiopia,2025,10,unchanged,0.99298,0.00058,0.00643
ConfliBERT-v2,current,single,1024,124,test,Ethiopia,2025,12,deteriorated,0.0024,0.99715,0.00046
ConfliBERT-v2,current,single,1024,124,test,Nile Waters,2025,7,unchanged,0.99728,0.00011,0.00261
ConfliBERT-v2,current,single,1024,124,test,Nile Waters,2025,10,unchanged,0.98789,0.00156,0.01055
ConfliBERT-v2,current,single,1024,124,test,Nile Waters,2025,12,unchanged,0.98974,0.00114,0.00912
ConfliBERT-v2,current,single,1024,124,dev,Somalia,2025,1,unchanged,0.98903,0.00123,0.00973
ConfliBERT-v2,current,single,1024,124,dev,Somalia,2025,2,unchanged,0.99529,0.00031,0.0044
ConfliBERT-v2,current,single,1024,124,dev,Somalia,2025,2,unchanged,0.99496,0.00034,0.0047
ConfliBERT-v2,current,single,1024,124,dev,Somalia,2025,3,unchanged,0.99653,0.00018,0.0033
ConfliBERT-v2,current,single,1024,124,test,Somalia,2025,7,deteriorated,0.96544,0.00822,0.02634
ConfliBERT-v2,current,single,1024,124,test,Somalia,2025,10,unchanged,0.99277,0.00059,0.00664
ConfliBERT-v2,current,single,1024,124,test,Somalia,2025,12,unchanged,0.95735,0.01115,0.0315
ConfliBERT-v2,current,single,1024,124,dev,Somaliland,2025,1,unchanged,0.99734,0.0001,0.00256
ConfliBERT-v2,current,single,1024,124,dev,Somaliland,2025,2,unchanged,0.9949,0.00034,0.00475
ConfliBERT-v2,current,single,1024,124,dev,Somaliland,2025,2,unchanged,0.99456,0.00038,0.00506
ConfliBERT-v2,current,single,1024,124,dev,Somaliland,2025,3,unchanged,0.99244,0.00068,0.00687
ConfliBERT-v2,current,single,1024,124,test,Somaliland,2025,7,unchanged,0.99813,5e-05,0.00182
ConfliBERT-v2,current,single,1024,124,test,Somaliland,2025,10,unchanged,0.99257,0.00064,0.00679
ConfliBERT-v2,current,single,1024,124,test,Somaliland,2025,12,unchanged,0.004,0.99524,0.00075
ConfliBERT-v2,current,single,1024,124,dev,South Sudan,2025,1,unchanged,0.91594,0.03551,0.04854
ConfliBERT-v2,current,single,1024,124,dev,South Sudan,2025,2,unchanged,0.99002,0.00107,0.00891
ConfliBERT-v2,current,single,1024,124,dev,South Sudan,2025,2,unchanged,0.99032,0.00101,0.00867
ConfliBERT-v2,current,single,1024,124,test,South Sudan,2025,7,unchanged,0.98951,0.00123,0.00926
ConfliBERT-v2,current,single,1024,124,test,South Sudan,2025,10,unchanged,0.98065,0.00312,0.01623
ConfliBERT-v2,current,single,1024,124,test,South Sudan,2025,12,unchanged,0.99132,0.00084,0.00784
ConfliBERT-v2,current,single,1024,124,dev,Sudan,2025,2,deteriorated,0.85069,0.08623,0.06308
ConfliBERT-v2,current,single,1024,124,dev,Sudan,2025,2,deteriorated,0.02236,0.97321,0.00444
ConfliBERT-v2,current,single,1024,124,dev,Sudan,2025,3,unchanged,0.00298,0.9965,0.00052
ConfliBERT-v2,current,single,1024,124,test,Sudan,2025,7,unchanged,0.001,0.99882,0.00018
ConfliBERT-v2,current,single,1024,124,test,Sudan,2025,12,unchanged,0.93832,0.02172,0.03996
ConfliBERT-v2,current,single,1024,124,dev,Burkina Faso,2025,1,unchanged,0.99674,0.00017,0.0031
ConfliBERT-v2,current,single,1024,124,dev,Burkina Faso,2025,2,unchanged,0.98695,0.00173,0.01131
ConfliBERT-v2,current,single,1024,124,dev,Burkina Faso,2025,2,unchanged,0.98925,0.00127,0.00947
ConfliBERT-v2,current,single,1024,124,dev,Burkina Faso,2025,3,deteriorated,0.00054,0.99936,9e-05
ConfliBERT-v2,current,single,1024,124,test,Burkina Faso,2025,7,unchanged,0.00145,0.99826,0.00028
ConfliBERT-v2,current,single,1024,124,test,Burkina Faso,2025,10,unchanged,0.99611,0.00021,0.00368
ConfliBERT-v2,current,single,1024,124,test,Burkina Faso,2025,12,unchanged,0.99374,0.00049,0.00577
ConfliBERT-v2,current,single,1024,124,dev,Guinea,2025,1,unchanged,0.98585,0.00193,0.01222
ConfliBERT-v2,current,single,1024,124,dev,Guinea,2025,2,unchanged,0.99638,0.00018,0.00344
ConfliBERT-v2,current,single,1024,124,dev,Guinea,2025,2,unchanged,0.99636,0.00018,0.00346
ConfliBERT-v2,current,single,1024,124,dev,Guinea,2025,3,unchanged,0.99642,0.00018,0.0034
ConfliBERT-v2,current,single,1024,124,test,Guinea,2025,7,unchanged,0.99705,0.00012,0.00282
ConfliBERT-v2,current,single,1024,124,test,Guinea,2025,10,unchanged,0.99687,0.00014,0.00299
ConfliBERT-v2,current,single,1024,124,test,Guinea,2025,12,unchanged,0.87215,0.06318,0.06468
ConfliBERT-v2,current,single,1024,124,dev,Nigeria,2025,1,unchanged,0.99628,0.00021,0.00351
ConfliBERT-v2,current,single,1024,124,dev,Nigeria,2025,2,unchanged,0.99588,0.00026,0.00387
ConfliBERT-v2,current,single,1024,124,dev,Nigeria,2025,2,unchanged,0.99614,0.00023,0.00363
ConfliBERT-v2,current,single,1024,124,dev,Nigeria,2025,3,unchanged,0.99252,0.00066,0.00682
ConfliBERT-v2,current,single,1024,124,test,Nigeria,2025,7,unchanged,0.98458,0.00233,0.01309
ConfliBERT-v2,current,single,1024,124,test,Nigeria,2025,10,unchanged,0.99602,0.00023,0.00375
ConfliBERT-v2,current,single,1024,124,test,Nigeria,2025,12,unchanged,0.99119,0.00088,0.00793
ConfliBERT-v2,current,single,1024,124,dev,Senegal,2025,2,unchanged,0.58117,0.34551,0.07331
ConfliBERT-v2,current,single,1024,124,dev,Senegal,2025,2,unchanged,0.56532,0.3611,0.07358
ConfliBERT-v2,current,single,1024,124,dev,Kosovo,2025,1,unchanged,0.98986,0.00106,0.00908
ConfliBERT-v2,current,single,1024,124,dev,Kosovo,2025,2,unchanged,0.98285,0.00251,0.01464
ConfliBERT-v2,current,single,1024,124,dev,Kosovo,2025,3,unchanged,0.99735,0.00011,0.00254
ConfliBERT-v2,current,single,1024,124,test,Kosovo,2025,7,unchanged,0.97287,0.00597,0.02116
ConfliBERT-v2,current,single,1024,124,test,Kosovo,2025,10,unchanged,0.06754,0.91786,0.01461
ConfliBERT-v2,current,single,1024,124,test,Kosovo,2025,12,unchanged,0.00039,0.99953,8e-05
ConfliBERT-v2,current,single,1024,124,test,Kosovo,2026,3,unchanged,0.98104,0.00298,0.01598
ConfliBERT-v2,current,single,1024,124,dev,Armenia,2025,1,unchanged,0.99387,0.00047,0.00566
ConfliBERT-v2,current,single,1024,124,dev,Armenia,2025,2,unchanged,0.9974,0.00011,0.00249
ConfliBERT-v2,current,single,1024,124,dev,Armenia,2025,3,unchanged,0.9815,0.00276,0.01574
ConfliBERT-v2,current,single,1024,124,test,Armenia,2025,7,unchanged,0.99573,0.00025,0.00402
ConfliBERT-v2,current,single,1024,124,test,Armenia,2025,10,unchanged,0.99688,0.00014,0.00298
ConfliBERT-v2,current,single,1024,124,test,Armenia,2025,12,unchanged,0.99605,0.00023,0.00372
ConfliBERT-v2,current,single,1024,124,test,Armenia,2026,3,unchanged,0.99264,0.00067,0.00669
ConfliBERT-v2,current,single,1024,124,dev,Azerbaijan,2025,1,unchanged,0.9946,0.00038,0.00502
ConfliBERT-v2,current,single,1024,124,dev,Azerbaijan,2025,2,unchanged,0.99781,8e-05,0.00211
ConfliBERT-v2,current,single,1024,124,dev,Azerbaijan,2025,3,unchanged,0.98401,0.00222,0.01376
ConfliBERT-v2,current,single,1024,124,test,Azerbaijan,2025,7,unchanged,0.99562,0.00026,0.00412
ConfliBERT-v2,current,single,1024,124,test,Azerbaijan,2025,10,unchanged,0.99735,0.00011,0.00254
ConfliBERT-v2,current,single,1024,124,test,Azerbaijan,2025,12,unchanged,0.99652,0.00018,0.0033
ConfliBERT-v2,current,single,1024,124,test,Azerbaijan,2026,3,unchanged,0.96934,0.00695,0.0237
ConfliBERT-v2,current,single,1024,124,dev,Georgia,2025,1,unchanged,0.99498,0.00034,0.00468
ConfliBERT-v2,current,single,1024,124,dev,Georgia,2025,2,unchanged,0.98973,0.00116,0.00912
ConfliBERT-v2,current,single,1024,124,dev,Georgia,2025,3,unchanged,0.99575,0.00024,0.00401
ConfliBERT-v2,current,single,1024,124,test,Georgia,2025,7,unchanged,0.97371,0.00535,0.02093
ConfliBERT-v2,current,single,1024,124,test,Georgia,2025,10,unchanged,0.76206,0.17238,0.06556
ConfliBERT-v2,current,single,1024,124,test,Georgia,2025,12,unchanged,0.9951,0.00032,0.00457
ConfliBERT-v2,current,single,1024,124,test,Georgia,2026,3,unchanged,0.99207,0.00073,0.0072
ConfliBERT-v2,current,single,1024,124,dev,Belarus,2025,1,unchanged,0.99308,0.00058,0.00634
ConfliBERT-v2,current,single,1024,124,dev,Belarus,2025,2,unchanged,0.9982,5e-05,0.00175
ConfliBERT-v2,current,single,1024,124,dev,Belarus,2025,3,unchanged,0.99688,0.00014,0.00298
ConfliBERT-v2,current,single,1024,124,test,Belarus,2025,7,unchanged,0.9961,0.00023,0.00368
ConfliBERT-v2,current,single,1024,124,test,Belarus,2025,10,unchanged,0.99759,0.0001,0.00231
ConfliBERT-v2,current,single,1024,124,test,Belarus,2025,12,unchanged,0.99706,0.00013,0.00281
ConfliBERT-v2,current,single,1024,124,test,Belarus,2026,3,unchanged,0.99535,0.00029,0.00436
ConfliBERT-v2,current,single,1024,124,dev,Ukraine,2025,1,unchanged,0.997,0.00014,0.00286
ConfliBERT-v2,current,single,1024,124,dev,Ukraine,2025,2,unchanged,0.99614,0.00021,0.00365
ConfliBERT-v2,current,single,1024,124,dev,Ukraine,2025,3,unchanged,0.98701,0.00163,0.01136
ConfliBERT-v2,current,single,1024,124,test,Ukraine,2025,12,unchanged,0.98355,0.00236,0.01408
ConfliBERT-v2,current,single,1024,124,test,Ukraine,2026,3,unchanged,0.9935,0.00052,0.00598
ConfliBERT-v2,current,single,1024,124,dev,Cyprus,2025,1,unchanged,0.99376,0.00047,0.00577
ConfliBERT-v2,current,single,1024,124,dev,Cyprus,2025,2,unchanged,0.99821,5e-05,0.00174
ConfliBERT-v2,current,single,1024,124,dev,Cyprus,2025,3,unchanged,0.99689,0.00014,0.00297
ConfliBERT-v2,current,single,1024,124,test,Cyprus,2025,7,unchanged,0.99739,0.0001,0.0025
ConfliBERT-v2,current,single,1024,124,test,Cyprus,2025,10,unchanged,0.99701,0.00013,0.00286
ConfliBERT-v2,current,single,1024,124,test,Cyprus,2025,12,unchanged,0.9977,8e-05,0.00222
ConfliBERT-v2,current,single,1024,124,test,Cyprus,2026,3,unchanged,0.96711,0.00811,0.02479
ConfliBERT-v2,current,single,1024,124,dev,Türkiye,2025,1,unchanged,0.99473,0.00034,0.00492
ConfliBERT-v2,current,single,1024,124,dev,Türkiye,2025,3,deteriorated,0.85568,0.0979,0.04642
ConfliBERT-v2,current,single,1024,124,test,Türkiye,2025,7,improved,0.97411,0.00495,0.02094
ConfliBERT-v2,current,single,1024,124,test,Türkiye,2025,10,unchanged,0.99748,0.0001,0.00242
ConfliBERT-v2,current,single,1024,124,test,Türkiye,2025,12,unchanged,0.99581,0.00023,0.00396
ConfliBERT-v2,current,single,1024,124,test,Türkiye,2026,3,unchanged,0.99403,0.00046,0.00551
ConfliBERT-v2,current,single,1024,124,dev,Kyrgyzstan,2025,1,unchanged,0.99772,8e-05,0.0022
ConfliBERT-v2,current,single,1024,124,dev,Kyrgyzstan,2025,2,unchanged,0.99817,5e-05,0.00178
ConfliBERT-v2,current,single,1024,124,dev,Kyrgyzstan,2025,3,improved,0.99697,0.00013,0.0029
ConfliBERT-v2,current,single,1024,124,test,Kyrgyzstan,2025,7,unchanged,0.99772,8e-05,0.0022
ConfliBERT-v2,current,single,1024,124,test,Kyrgyzstan,2025,10,unchanged,0.99624,0.0002,0.00357
ConfliBERT-v2,current,single,1024,124,test,Kyrgyzstan,2025,12,unchanged,0.99651,0.00016,0.00332
ConfliBERT-v2,current,single,1024,124,test,Kyrgyzstan,2026,3,unchanged,0.98819,0.00137,0.01043
ConfliBERT-v2,current,single,1024,124,dev,Tajikistan,2025,1,unchanged,0.99581,0.00023,0.00396
ConfliBERT-v2,current,single,1024,124,dev,Tajikistan,2025,2,unchanged,0.99256,0.00062,0.00682
ConfliBERT-v2,current,single,1024,124,dev,Tajikistan,2025,3,improved,0.99618,0.0002,0.00362
ConfliBERT-v2,current,single,1024,124,test,Tajikistan,2025,7,unchanged,0.99143,0.00085,0.00772
ConfliBERT-v2,current,single,1024,124,test,Tajikistan,2025,10,unchanged,0.99819,5e-05,0.00175
ConfliBERT-v2,current,single,1024,124,test,Tajikistan,2025,12,unchanged,0.95543,0.01251,0.03206
ConfliBERT-v2,current,single,1024,124,test,Tajikistan,2026,3,unchanged,0.99642,0.00018,0.0034
ConfliBERT-v2,current,single,1024,124,dev,Uzbekistan,2025,1,unchanged,0.99762,8e-05,0.0023
ConfliBERT-v2,current,single,1024,124,dev,Uzbekistan,2025,2,unchanged,0.99838,4e-05,0.00158
ConfliBERT-v2,current,single,1024,124,dev,Uzbekistan,2025,3,unchanged,0.9975,9e-05,0.00241
ConfliBERT-v2,current,single,1024,124,test,Uzbekistan,2025,7,unchanged,0.99818,5e-05,0.00177
ConfliBERT-v2,current,single,1024,124,test,Uzbekistan,2025,10,unchanged,0.99656,0.00016,0.00327
ConfliBERT-v2,current,single,1024,124,test,Uzbekistan,2025,12,unchanged,0.99868,3e-05,0.00129
ConfliBERT-v2,current,single,1024,124,test,Uzbekistan,2026,3,unchanged,0.99675,0.00015,0.0031
ConfliBERT-v2,current,single,1024,124,dev,Lebanon,2025,1,unchanged,0.96647,0.00798,0.02556
ConfliBERT-v2,current,single,1024,124,dev,Lebanon,2025,2,unchanged,0.98974,0.00104,0.00922
ConfliBERT-v2,current,single,1024,124,dev,Lebanon,2025,3,unchanged,0.78498,0.15948,0.05555
ConfliBERT-v2,current,single,1024,124,test,Lebanon,2025,6,unchanged,0.99633,0.0002,0.00347
ConfliBERT-v2,current,single,1024,124,test,Lebanon,2025,6,unchanged,0.99633,0.0002,0.00347
ConfliBERT-v2,current,single,1024,124,test,Lebanon,2025,7,unchanged,0.91494,0.03806,0.047
ConfliBERT-v2,current,single,1024,124,test,Lebanon,2025,10,unchanged,0.98415,0.0024,0.01345
ConfliBERT-v2,current,single,1024,124,test,Lebanon,2025,12,unchanged,0.99569,0.00026,0.00405
ConfliBERT-v2,current,single,1024,124,dev,Syria,2025,1,unchanged,0.99039,0.00104,0.00857
ConfliBERT-v2,current,single,1024,124,dev,Syria,2025,2,unchanged,0.99743,0.0001,0.00247
ConfliBERT-v2,current,single,1024,124,dev,Syria,2025,3,deteriorated,0.0044,0.99475,0.00085
ConfliBERT-v2,current,single,1024,124,test,Syria,2025,6,deteriorated,0.00083,0.99901,0.00016
ConfliBERT-v2,current,single,1024,124,test,Syria,2025,6,deteriorated,0.00083,0.99901,0.00016
ConfliBERT-v2,current,single,1024,124,test,Syria,2025,7,deteriorated,0.00042,0.9995,8e-05
ConfliBERT-v2,current,single,1024,124,test,Syria,2025,10,improved,0.28101,0.68489,0.0341
ConfliBERT-v2,current,single,1024,124,test,Syria,2025,12,deteriorated,8e-05,0.9999,2e-05
ConfliBERT-v2,current,single,1024,124,dev,Iran,2025,1,unchanged,0.99619,0.0002,0.00361
ConfliBERT-v2,current,single,1024,124,dev,Iran,2025,2,unchanged,0.82155,0.11206,0.06639
ConfliBERT-v2,current,single,1024,124,dev,Iran,2025,3,unchanged,0.6856,0.27258,0.04182
ConfliBERT-v2,current,single,1024,124,test,Iran,2025,7,unchanged,0.98518,0.00202,0.0128
ConfliBERT-v2,current,single,1024,124,test,Iran,2025,10,unchanged,0.99053,0.00093,0.00854
ConfliBERT-v2,current,single,1024,124,test,Iran,2025,12,deteriorated,0.93917,0.02297,0.03787
ConfliBERT-v2,current,single,1024,124,dev,Iraq,2025,1,unchanged,0.98699,0.00166,0.01136
ConfliBERT-v2,current,single,1024,124,dev,Iraq,2025,2,unchanged,0.99562,0.00026,0.00412
ConfliBERT-v2,current,single,1024,124,dev,Iraq,2025,3,unchanged,0.98617,0.00185,0.01199
ConfliBERT-v2,current,single,1024,124,test,Iraq,2025,6,unchanged,0.82879,0.10829,0.06292
ConfliBERT-v2,current,single,1024,124,test,Iraq,2025,6,unchanged,0.82879,0.10829,0.06292
ConfliBERT-v2,current,single,1024,124,test,Iraq,2025,7,unchanged,0.98658,0.00171,0.01171
ConfliBERT-v2,current,single,1024,124,test,Iraq,2025,10,unchanged,0.98752,0.00156,0.01093
ConfliBERT-v2,current,single,1024,124,test,Iraq,2025,12,unchanged,0.99742,0.0001,0.00248
ConfliBERT-v2,current,single,1024,124,dev,Saudi Arabia,2025,1,unchanged,0.99197,0.00072,0.00731
ConfliBERT-v2,current,single,1024,124,dev,Saudi Arabia,2025,2,unchanged,0.99575,0.00024,0.00401
ConfliBERT-v2,current,single,1024,124,dev,Saudi Arabia,2025,3,unchanged,0.99712,0.00012,0.00276
ConfliBERT-v2,current,single,1024,124,test,Saudi Arabia,2025,6,unchanged,0.98773,0.00151,0.01076
ConfliBERT-v2,current,single,1024,124,test,Saudi Arabia,2025,6,unchanged,0.98773,0.00151,0.01076
ConfliBERT-v2,current,single,1024,124,test,Saudi Arabia,2025,7,unchanged,0.99722,0.00011,0.00267
ConfliBERT-v2,current,single,1024,124,test,Saudi Arabia,2025,10,unchanged,0.98993,0.00102,0.00905
ConfliBERT-v2,current,single,1024,124,test,Saudi Arabia,2025,12,unchanged,0.0019,0.99783,0.00028
ConfliBERT-v2,current,single,1024,124,test,Yemen,2025,6,unchanged,0.96549,0.01015,0.02436
ConfliBERT-v2,current,single,1024,124,test,Yemen,2025,6,unchanged,0.96549,0.01015,0.02436
ConfliBERT-v2,current,single,1024,124,test,Yemen,2025,7,deteriorated,0.00128,0.99849,0.00023
ConfliBERT-v2,current,single,1024,124,dev,Algeria,2025,1,unchanged,0.99801,7e-05,0.00193
ConfliBERT-v2,current,single,1024,124,dev,Algeria,2025,2,unchanged,0.01468,0.98214,0.00318
ConfliBERT-v2,current,single,1024,124,dev,Algeria,2025,3,unchanged,0.99475,0.00034,0.0049
ConfliBERT-v2,current,single,1024,124,test,Algeria,2025,6,unchanged,0.99812,6e-05,0.00182
ConfliBERT-v2,current,single,1024,124,test,Algeria,2025,6,unchanged,0.99812,6e-05,0.00182
ConfliBERT-v2,current,single,1024,124,test,Algeria,2025,7,unchanged,0.9955,0.00027,0.00423
ConfliBERT-v2,current,single,1024,124,test,Algeria,2025,10,unchanged,0.9843,0.0024,0.01329
ConfliBERT-v2,current,single,1024,124,test,Algeria,2025,12,unchanged,0.99722,0.00011,0.00267
ConfliBERT-v2,current,single,1024,124,dev,Egypt,2025,1,unchanged,0.99779,8e-05,0.00213
ConfliBERT-v2,current,single,1024,124,dev,Egypt,2025,2,unchanged,0.99762,8e-05,0.0023
ConfliBERT-v2,current,single,1024,124,dev,Egypt,2025,3,unchanged,0.99459,0.00036,0.00506
ConfliBERT-v2,current,single,1024,124,test,Egypt,2025,6,unchanged,0.99263,0.00065,0.00671
ConfliBERT-v2,current,single,1024,124,test,Egypt,2025,6,unchanged,0.99263,0.00065,0.00671
ConfliBERT-v2,current,single,1024,124,test,Egypt,2025,7,unchanged,0.99103,0.00095,0.00802
ConfliBERT-v2,current,single,1024,124,test,Egypt,2025,10,unchanged,0.99154,0.0008,0.00766
ConfliBERT-v2,current,single,1024,124,test,Egypt,2025,12,unchanged,0.99724,0.00011,0.00265
ConfliBERT-v2,current,single,1024,124,dev,Libya,2025,1,unchanged,0.99716,0.00012,0.00273
ConfliBERT-v2,current,single,1024,124,dev,Libya,2025,2,unchanged,0.99676,0.00015,0.00309
ConfliBERT-v2,current,single,1024,124,dev,Libya,2025,3,unchanged,0.98414,0.00236,0.0135
ConfliBERT-v2,current,single,1024,124,test,Libya,2025,6,unchanged,0.98901,0.00118,0.00981
ConfliBERT-v2,current,single,1024,124,test,Libya,2025,6,unchanged,0.98901,0.00118,0.00981
ConfliBERT-v2,current,single,1024,124,test,Libya,2025,7,unchanged,0.99761,9e-05,0.0023
ConfliBERT-v2,current,single,1024,124,test,Libya,2025,10,unchanged,0.9908,0.00086,0.00834
ConfliBERT-v2,current,single,1024,124,test,Libya,2025,12,unchanged,0.98669,0.00151,0.01181
ConfliBERT-v2,current,single,1024,124,dev,Tunisia,2025,1,unchanged,0.98736,0.00163,0.01101
ConfliBERT-v2,current,single,1024,124,dev,Tunisia,2025,2,unchanged,0.98966,0.00112,0.00922
ConfliBERT-v2,current,single,1024,124,dev,Tunisia,2025,3,unchanged,0.99461,0.00039,0.005
ConfliBERT-v2,current,single,1024,124,test,Tunisia,2025,6,unchanged,0.99605,0.00023,0.00372
ConfliBERT-v2,current,single,1024,124,test,Tunisia,2025,6,unchanged,0.99605,0.00023,0.00372
ConfliBERT-v2,current,single,1024,124,test,Tunisia,2025,7,unchanged,0.97672,0.00432,0.01897
ConfliBERT-v2,current,single,1024,124,test,Tunisia,2025,10,unchanged,0.96994,0.00707,0.02299
ConfliBERT-v2,current,single,1024,124,test,Tunisia,2025,12,unchanged,0.99798,7e-05,0.00195
ConfliBERT-v2,current,single,1024,124,dev,Western Sahara,2025,1,unchanged,0.9874,0.00163,0.01097
ConfliBERT-v2,current,single,1024,124,dev,Western Sahara,2025,2,unchanged,0.99501,0.00031,0.00468
ConfliBERT-v2,current,single,1024,124,dev,Western Sahara,2025,3,unchanged,0.99744,9e-05,0.00246
ConfliBERT-v2,current,single,1024,124,test,Western Sahara,2025,6,unchanged,0.99752,0.0001,0.00239
ConfliBERT-v2,current,single,1024,124,test,Western Sahara,2025,6,unchanged,0.99752,0.0001,0.00239
ConfliBERT-v2,current,single,1024,124,test,Western Sahara,2025,7,unchanged,0.9933,0.00053,0.00617
ConfliBERT-v2,current,single,1024,124,test,Western Sahara,2025,10,unchanged,0.99449,0.00036,0.00516
ConfliBERT-v2,current,single,1024,124,test,Western Sahara,2025,12,unchanged,0.99735,0.0001,0.00255
ConfliBERT-v2,current,single,1024,124,dev,Central African Republic,2025,1,unchanged,0.99764,9e-05,0.00227
ConfliBERT-v2,current,single,1024,124,dev,Central African Republic,2025,2,unchanged,0.9961,0.00023,0.00368
ConfliBERT-v2,current,single,1024,124,dev,Central African Republic,2025,2,unchanged,0.9963,0.0002,0.0035
ConfliBERT-v2,current,single,1024,124,dev,Central African Republic,2025,3,unchanged,0.99749,0.0001,0.00241
ConfliBERT-v2,current,single,1024,124,test,Central African Republic,2025,7,unchanged,0.99452,0.00037,0.00512
ConfliBERT-v2,current,single,1024,124,test,Central African Republic,2025,10,unchanged,0.99743,0.0001,0.00247
ConfliBERT-v2,current,single,1024,124,dev,Mali,2025,1,unchanged,0.99492,0.00034,0.00474
ConfliBERT-v2,current,single,1024,124,dev,Mali,2025,2,unchanged,0.99547,0.00028,0.00425
ConfliBERT-v2,current,single,1024,124,dev,Mali,2025,2,unchanged,0.99579,0.00025,0.00396
ConfliBERT-v2,current,single,1024,124,dev,Mali,2025,3,unchanged,0.99745,0.0001,0.00244
ConfliBERT-v2,current,single,1024,124,test,Mali,2025,7,deteriorated,0.00199,0.99762,0.00039
ConfliBERT-v2,current,single,1024,124,test,Mali,2025,12,unchanged,0.97968,0.00353,0.01679
ConfliBERT-v2,current,single,1024,124,dev,Niger,2025,1,unchanged,0.99786,8e-05,0.00206
ConfliBERT-v2,current,single,1024,124,dev,Niger,2025,2,unchanged,0.99463,0.00035,0.00502
ConfliBERT-v2,current,single,1024,124,dev,Niger,2025,2,unchanged,0.99393,0.00043,0.00564
ConfliBERT-v2,current,single,1024,124,dev,Niger,2025,3,deteriorated,0.99201,0.0007,0.00728
ConfliBERT-v2,current,single,1024,124,test,Niger,2025,7,unchanged,0.99539,0.00029,0.00431
ConfliBERT-v2,current,single,1024,124,test,Niger,2025,10,unchanged,0.99327,0.00054,0.00619
ConfliBERT-v2,current,single,1024,124,test,Niger,2025,12,unchanged,0.99829,5e-05,0.00165
ConfliBERT-v2,current,single,1024,124,dev,Benin,2025,1,deteriorated,0.00187,0.99774,0.00039
ConfliBERT-v2,current,single,1024,124,dev,Benin,2025,2,unchanged,0.99523,0.00034,0.00443
ConfliBERT-v2,current,single,1024,124,dev,Benin,2025,2,unchanged,0.99453,0.00044,0.00504
ConfliBERT-v2,current,single,1024,124,dev,Benin,2025,3,unchanged,0.99846,4e-05,0.0015
ConfliBERT-v2,current,single,1024,124,test,Benin,2025,7,unchanged,0.99685,0.00014,0.003
ConfliBERT-v2,current,single,1024,124,test,Benin,2025,10,unchanged,0.99185,0.00079,0.00737
ConfliBERT-v2,current,single,1024,124,test,Benin,2025,12,deteriorated,0.00247,0.99701,0.00052
ConfliBERT-v2,current,single,1024,124,dev,Moldova,2025,1,deteriorated,0.81696,0.11955,0.06349
ConfliBERT-v2,current,single,1024,124,dev,Moldova,2025,2,unchanged,0.99323,0.00056,0.00621
ConfliBERT-v2,current,single,1024,124,test,Moldova,2026,3,unchanged,0.99219,0.00069,0.00712
ConfliBERT-v2,current,single,1024,124,test,Israel/Palestine,2025,12,unchanged,0.99445,0.0004,0.00516
ConfliBERT-v2,current,single,1024,124,dev,Colombia,2025,2,unchanged,0.97119,0.00615,0.02266
ConfliBERT-v2,current,single,1024,124,dev,Colombia,2025,3,unchanged,0.99522,0.0003,0.00448
ConfliBERT-v2,current,single,1024,124,test,Colombia,2025,7,unchanged,0.97387,0.00536,0.02077
ConfliBERT-v2,current,single,1024,124,test,Colombia,2025,10,deteriorated,0.99147,0.00081,0.00772
ConfliBERT-v2,current,single,1024,124,test,Colombia,2025,12,unchanged,0.00475,0.99455,0.0007
ConfliBERT-v2,current,single,1024,124,dev,Ecuador,2025,1,deteriorated,0.00498,0.9941,0.00092
ConfliBERT-v2,current,single,1024,124,dev,Ecuador,2025,2,unchanged,0.9845,0.00215,0.01335
ConfliBERT-v2,current,single,1024,124,dev,Ecuador,2025,3,unchanged,0.99516,0.0003,0.00454
ConfliBERT-v2,current,single,1024,124,test,Ecuador,2025,7,unchanged,0.9975,0.0001,0.00241
ConfliBERT-v2,current,single,1024,124,test,Ecuador,2025,10,unchanged,0.97929,0.00475,0.01595
ConfliBERT-v2,current,single,1024,124,test,Ecuador,2025,12,unchanged,0.96991,0.00674,0.02335
ConfliBERT-v2,current,single,1024,124,dev,Venezuela,2025,1,unchanged,0.49575,0.43156,0.07269
ConfliBERT-v2,current,single,1024,124,dev,Venezuela,2025,2,unchanged,0.96378,0.00834,0.02788
ConfliBERT-v2,current,single,1024,124,dev,Venezuela,2025,3,unchanged,0.9838,0.00233,0.01387
ConfliBERT-v2,current,single,1024,124,test,Venezuela,2025,7,unchanged,0.99183,0.00077,0.0074
ConfliBERT-v2,current,single,1024,124,dev,El Salvador,2025,1,unchanged,0.97979,0.00302,0.01719
ConfliBERT-v2,current,single,1024,124,dev,El Salvador,2025,2,unchanged,0.99678,0.00015,0.00307
ConfliBERT-v2,current,single,1024,124,dev,El Salvador,2025,3,unchanged,0.99692,0.00015,0.00293
ConfliBERT-v2,current,single,1024,124,test,El Salvador,2025,7,deteriorated,0.99288,0.00058,0.00654
ConfliBERT-v2,current,single,1024,124,test,El Salvador,2025,10,unchanged,0.99825,5e-05,0.0017
ConfliBERT-v2,current,single,1024,124,test,El Salvador,2025,12,unchanged,0.99744,9e-05,0.00246
ConfliBERT-v2,current,single,1024,124,test,Honduras,2025,12,deteriorated,0.00757,0.99118,0.00125
ConfliBERT-v2,current,single,1024,124,dev,Mexico,2025,1,unchanged,0.99473,0.00037,0.0049
ConfliBERT-v2,current,single,1024,124,dev,Mexico,2025,2,unchanged,0.99719,0.00012,0.00269
ConfliBERT-v2,current,single,1024,124,dev,Mexico,2025,3,unchanged,0.99162,0.00081,0.00757
ConfliBERT-v2,current,single,1024,124,test,Mexico,2025,7,unchanged,0.99456,0.00038,0.00506
ConfliBERT-v2,current,single,1024,124,test,Mexico,2025,10,unchanged,0.93086,0.02661,0.04253
ConfliBERT-v2,current,single,1024,124,test,Mexico,2025,12,unchanged,0.98618,0.00179,0.01203
ConfliBERT-v2,current,single,1024,124,dev,Nicaragua,2025,1,unchanged,0.99251,0.00062,0.00687
ConfliBERT-v2,current,single,1024,124,dev,Nicaragua,2025,2,deteriorated,0.98087,0.00303,0.0161
ConfliBERT-v2,current,single,1024,124,dev,Nicaragua,2025,3,unchanged,0.99833,4e-05,0.00163
ConfliBERT-v2,current,single,1024,124,test,Nicaragua,2025,7,unchanged,0.99507,0.00032,0.00461
ConfliBERT-v2,current,single,1024,124,test,Nicaragua,2025,10,unchanged,0.99802,7e-05,0.00191
ConfliBERT-v2,current,single,1024,124,test,Nicaragua,2025,12,unchanged,0.99825,5e-05,0.00169
ConfliBERT-v2,current,single,1024,124,dev,Haiti,2025,1,unchanged,0.99449,0.00037,0.00514
ConfliBERT-v2,current,single,1024,124,dev,Haiti,2025,2,unchanged,0.99468,0.00036,0.00496
ConfliBERT-v2,current,single,1024,124,dev,Haiti,2025,3,deteriorated,0.00059,0.9993,0.00011
ConfliBERT-v2,current,single,1024,124,test,Haiti,2025,7,unchanged,0.9918,0.00077,0.00743
ConfliBERT-v2,current,single,1024,124,test,Haiti,2025,10,unchanged,0.98898,0.00121,0.00981
ConfliBERT-v2,current,single,1024,124,test,Haiti,2025,12,unchanged,0.96271,0.00922,0.02807
ConfliBERT-v2,current,single,1024,124,dev,China/Japan,2025,1,unchanged,0.99839,5e-05,0.00156
ConfliBERT-v2,current,single,1024,124,dev,China/Japan,2025,2,unchanged,0.99857,4e-05,0.00139
ConfliBERT-v2,current,single,1024,124,dev,China/Japan,2025,3,unchanged,0.99837,5e-05,0.00158
ConfliBERT-v2,current,single,1024,124,test,China/Japan,2025,6,unchanged,0.99524,0.00032,0.00443
ConfliBERT-v2,current,single,1024,124,test,China/Japan,2025,6,unchanged,0.99524,0.00032,0.00443
ConfliBERT-v2,current,single,1024,124,test,China/Japan,2025,7,unchanged,0.99769,9e-05,0.00222
ConfliBERT-v2,current,single,1024,124,test,China/Japan,2025,7,unchanged,0.99776,9e-05,0.00215
ConfliBERT-v2,current,single,1024,124,test,China/Japan,2025,10,unchanged,0.99837,5e-05,0.00158
ConfliBERT-v2,current,single,1024,124,test,China/Japan,2025,12,unchanged,0.99524,0.00031,0.00445
ConfliBERT-v2,current,single,1024,124,dev,Korean Peninsula,2025,1,unchanged,0.9945,0.0004,0.0051
ConfliBERT-v2,current,single,1024,124,dev,Korean Peninsula,2025,2,unchanged,0.98995,0.00104,0.00901
ConfliBERT-v2,current,single,1024,124,dev,Korean Peninsula,2025,3,unchanged,0.99396,0.00046,0.00557
ConfliBERT-v2,current,single,1024,124,test,Korean Peninsula,2025,6,unchanged,0.99422,0.00042,0.00536
ConfliBERT-v2,current,single,1024,124,test,Korean Peninsula,2025,6,unchanged,0.99422,0.00042,0.00536
ConfliBERT-v2,current,single,1024,124,test,Korean Peninsula,2025,7,unchanged,0.99413,0.00042,0.00545
ConfliBERT-v2,current,single,1024,124,test,Korean Peninsula,2025,7,unchanged,0.99413,0.00042,0.00545
ConfliBERT-v2,current,single,1024,124,test,Korean Peninsula,2025,10,unchanged,0.9922,0.00072,0.00709
ConfliBERT-v2,current,single,1024,124,test,Korean Peninsula,2025,12,unchanged,0.99491,0.00033,0.00475
ConfliBERT-v2,current,single,1024,124,dev,Taiwan Strait,2025,1,unchanged,0.98364,0.00244,0.01392
ConfliBERT-v2,current,single,1024,124,dev,Taiwan Strait,2025,2,unchanged,0.95846,0.01226,0.02928
ConfliBERT-v2,current,single,1024,124,dev,Taiwan Strait,2025,3,unchanged,0.99201,0.00076,0.00723
ConfliBERT-v2,current,single,1024,124,test,Taiwan Strait,2025,6,unchanged,0.9934,0.00055,0.00605
ConfliBERT-v2,current,single,1024,124,test,Taiwan Strait,2025,6,unchanged,0.99338,0.00055,0.00607
ConfliBERT-v2,current,single,1024,124,test,Taiwan Strait,2025,7,unchanged,0.99625,0.00021,0.00354
ConfliBERT-v2,current,single,1024,124,test,Taiwan Strait,2025,7,unchanged,0.99625,0.00021,0.00354
ConfliBERT-v2,current,single,1024,124,test,Taiwan Strait,2025,10,unchanged,0.99434,0.00042,0.00524
ConfliBERT-v2,current,single,1024,124,test,Taiwan Strait,2025,12,deteriorated,0.94818,0.01619,0.03563
ConfliBERT-v2,current,single,1024,124,dev,Afghanistan,2025,1,unchanged,0.99591,0.00023,0.00385
ConfliBERT-v2,current,single,1024,124,dev,Afghanistan,2025,2,unchanged,0.99126,0.00093,0.00781
ConfliBERT-v2,current,single,1024,124,dev,Afghanistan,2025,3,unchanged,0.99528,0.00032,0.0044
ConfliBERT-v2,current,single,1024,124,test,Afghanistan,2025,7,unchanged,0.98758,0.00158,0.01084
ConfliBERT-v2,current,single,1024,124,test,Afghanistan,2025,7,unchanged,0.98758,0.00158,0.01084
ConfliBERT-v2,current,single,1024,124,test,Afghanistan,2025,12,unchanged,0.98695,0.00173,0.01131
ConfliBERT-v2,current,single,1024,124,dev,Bangladesh,2025,1,unchanged,0.99579,0.00025,0.00396
ConfliBERT-v2,current,single,1024,124,dev,Bangladesh,2025,2,unchanged,0.99244,0.00072,0.00685
ConfliBERT-v2,current,single,1024,124,dev,Bangladesh,2025,3,unchanged,0.98631,0.00185,0.01185
ConfliBERT-v2,current,single,1024,124,test,Bangladesh,2025,6,unchanged,0.99713,0.00012,0.00275
ConfliBERT-v2,current,single,1024,124,test,Bangladesh,2025,6,unchanged,0.99713,0.00012,0.00275
ConfliBERT-v2,current,single,1024,124,test,Bangladesh,2025,7,unchanged,0.99537,0.00029,0.00435
ConfliBERT-v2,current,single,1024,124,test,Bangladesh,2025,7,unchanged,0.99537,0.00029,0.00435
ConfliBERT-v2,current,single,1024,124,test,Bangladesh,2025,10,unchanged,0.98837,0.00131,0.01031
ConfliBERT-v2,current,single,1024,124,test,Bangladesh,2025,12,deteriorated,0.08083,0.9072,0.01197
ConfliBERT-v2,current,single,1024,124,dev,India,2025,1,unchanged,0.99588,0.00024,0.00388
ConfliBERT-v2,current,single,1024,124,dev,India,2025,2,unchanged,0.99629,0.0002,0.00351
ConfliBERT-v2,current,single,1024,124,dev,India,2025,3,unchanged,0.99654,0.00017,0.00329
ConfliBERT-v2,current,single,1024,124,test,India,2025,6,unchanged,0.98967,0.00114,0.00919
ConfliBERT-v2,current,single,1024,124,test,India,2025,6,unchanged,0.98967,0.00114,0.00919
ConfliBERT-v2,current,single,1024,124,test,India,2025,7,unchanged,0.99823,5e-05,0.00171
ConfliBERT-v2,current,single,1024,124,test,India,2025,7,unchanged,0.99823,5e-05,0.00171
ConfliBERT-v2,current,single,1024,124,test,India,2025,10,improved,0.99254,0.00064,0.00682
ConfliBERT-v2,current,single,1024,124,test,India,2025,12,unchanged,0.99764,9e-05,0.00227
ConfliBERT-v2,current,single,1024,124,dev,Pakistan,2025,1,unchanged,0.99173,0.00076,0.00751
ConfliBERT-v2,current,single,1024,124,dev,Pakistan,2025,2,unchanged,0.94818,0.01619,0.03563
ConfliBERT-v2,current,single,1024,124,dev,Pakistan,2025,3,unchanged,0.0051,0.99412,0.00079
ConfliBERT-v2,current,single,1024,124,test,Pakistan,2025,6,unchanged,0.99385,0.00049,0.00566
ConfliBERT-v2,current,single,1024,124,test,Pakistan,2025,6,unchanged,0.99385,0.00049,0.00566
ConfliBERT-v2,current,single,1024,124,test,Pakistan,2025,7,unchanged,0.99391,0.00048,0.00562
ConfliBERT-v2,current,single,1024,124,test,Pakistan,2025,7,unchanged,0.99391,0.00048,0.00562
ConfliBERT-v2,current,single,1024,124,test,Pakistan,2025,12,unchanged,0.99248,0.00065,0.00687
ConfliBERT-v2,current,single,1024,124,dev,Sri Lanka,2025,1,unchanged,0.99624,0.0002,0.00357
ConfliBERT-v2,current,single,1024,124,dev,Sri Lanka,2025,2,unchanged,0.9933,0.00053,0.00617
ConfliBERT-v2,current,single,1024,124,dev,Sri Lanka,2025,3,unchanged,0.98601,0.00182,0.01217
ConfliBERT-v2,current,single,1024,124,test,Sri Lanka,2025,6,unchanged,0.99664,0.00016,0.0032
ConfliBERT-v2,current,single,1024,124,test,Sri Lanka,2025,6,unchanged,0.99664,0.00016,0.0032
ConfliBERT-v2,current,single,1024,124,test,Sri Lanka,2025,7,unchanged,0.99741,0.0001,0.00249
ConfliBERT-v2,current,single,1024,124,test,Sri Lanka,2025,7,unchanged,0.99741,0.0001,0.00249
ConfliBERT-v2,current,single,1024,124,test,Sri Lanka,2025,10,unchanged,0.99731,0.0001,0.00259
ConfliBERT-v2,current,single,1024,124,test,Sri Lanka,2025,12,unchanged,0.00961,0.98842,0.00197
ConfliBERT-v2,current,single,1024,124,dev,Myanmar,2025,1,unchanged,0.99522,0.00031,0.00447
ConfliBERT-v2,current,single,1024,124,dev,Myanmar,2025,2,unchanged,0.34075,0.61222,0.04703
ConfliBERT-v2,current,single,1024,124,dev,Myanmar,2025,3,unchanged,0.99627,0.0002,0.00352
ConfliBERT-v2,current,single,1024,124,test,Myanmar,2025,6,unchanged,0.99525,0.0003,0.00445
ConfliBERT-v2,current,single,1024,124,test,Myanmar,2025,6,unchanged,0.99525,0.0003,0.00445
ConfliBERT-v2,current,single,1024,124,test,Myanmar,2025,7,unchanged,0.98664,0.00173,0.01162
ConfliBERT-v2,current,single,1024,124,test,Myanmar,2025,7,unchanged,0.98664,0.00173,0.01162
ConfliBERT-v2,current,single,1024,124,test,Myanmar,2025,10,unchanged,0.99036,0.00104,0.0086
ConfliBERT-v2,current,single,1024,124,test,Myanmar,2025,12,unchanged,0.0019,0.99771,0.00039
ConfliBERT-v2,current,single,1024,124,dev,Philippines,2025,1,unchanged,0.99224,0.00069,0.00706
ConfliBERT-v2,current,single,1024,124,dev,Philippines,2025,2,unchanged,0.99601,0.00022,0.00376
ConfliBERT-v2,current,single,1024,124,dev,Philippines,2025,3,unchanged,0.99849,4e-05,0.00147
ConfliBERT-v2,current,single,1024,124,test,Philippines,2025,6,unchanged,0.99836,5e-05,0.00159
ConfliBERT-v2,current,single,1024,124,test,Philippines,2025,6,unchanged,0.99836,5e-05,0.00159
ConfliBERT-v2,current,single,1024,124,test,Philippines,2025,7,unchanged,0.99815,6e-05,0.00179
ConfliBERT-v2,current,single,1024,124,test,Philippines,2025,7,unchanged,0.99815,6e-05,0.00179
ConfliBERT-v2,current,single,1024,124,test,Philippines,2025,10,unchanged,0.99285,0.00059,0.00656
ConfliBERT-v2,current,single,1024,124,test,Philippines,2025,12,unchanged,0.98837,0.00131,0.01031
ConfliBERT-v2,current,single,1024,124,dev,South China Sea,2025,1,unchanged,0.96608,0.00798,0.02595
ConfliBERT-v2,current,single,1024,124,dev,South China Sea,2025,2,unchanged,0.99106,0.00092,0.00802
ConfliBERT-v2,current,single,1024,124,dev,South China Sea,2025,3,unchanged,0.99681,0.00016,0.00303
ConfliBERT-v2,current,single,1024,124,test,South China Sea,2025,6,unchanged,0.99778,8e-05,0.00214
ConfliBERT-v2,current,single,1024,124,test,South China Sea,2025,6,unchanged,0.99778,8e-05,0.00214
ConfliBERT-v2,current,single,1024,124,test,South China Sea,2025,7,unchanged,0.99538,0.00029,0.00433
ConfliBERT-v2,current,single,1024,124,test,South China Sea,2025,7,unchanged,0.99538,0.00029,0.00433
ConfliBERT-v2,current,single,1024,124,test,South China Sea,2025,10,unchanged,0.99586,0.00026,0.00388
ConfliBERT-v2,current,single,1024,124,test,South China Sea,2025,12,unchanged,0.99701,0.00014,0.00284
ConfliBERT-v2,current,single,1024,124,dev,Thailand,2025,1,unchanged,0.99825,5e-05,0.00169
ConfliBERT-v2,current,single,1024,124,dev,Thailand,2025,2,unchanged,0.9855,0.00199,0.0125
ConfliBERT-v2,current,single,1024,124,dev,Thailand,2025,3,unchanged,0.9955,0.00027,0.00423
ConfliBERT-v2,current,single,1024,124,test,Thailand,2025,6,deteriorated,0.85279,0.08543,0.06178
ConfliBERT-v2,current,single,1024,124,test,Thailand,2025,6,deteriorated,0.85279,0.08543,0.06178
ConfliBERT-v2,current,single,1024,124,test,Thailand,2025,7,unchanged,0.96287,0.00982,0.02731
ConfliBERT-v2,current,single,1024,124,test,Thailand,2025,7,unchanged,0.96287,0.00982,0.02731
ConfliBERT-v2,current,single,1024,124,test,Thailand,2025,10,improved,0.99753,9e-05,0.00238
ConfliBERT-v2,current,single,1024,124,test,Thailand,2025,12,unchanged,0.00911,0.98892,0.00197
ConfliBERT-v2,current,single,1024,124,test,Guatemala,2025,10,unchanged,0.99266,0.00062,0.00671
ConfliBERT-v2,current,single,1024,124,dev,Bolivia,2025,1,unchanged,0.99648,0.00018,0.00334
ConfliBERT-v2,current,single,1024,124,dev,Bolivia,2025,2,unchanged,0.99215,0.00068,0.00717
ConfliBERT-v2,current,single,1024,124,test,Bolivia,2025,10,improved,0.99255,0.00065,0.00679
ConfliBERT-v2,current,single,1024,124,test,Bolivia,2025,12,unchanged,0.96215,0.00936,0.02849
ConfliBERT-v2,current,single,1024,124,dev,Peru,2025,3,unchanged,0.98953,0.00118,0.00929
ConfliBERT-v2,current,single,1024,124,test,Peru,2025,10,deteriorated,0.91381,0.04175,0.04444
ConfliBERT-v2,current,single,1024,124,test,Madagascar,2025,10,deteriorated,0.0042,0.9953,0.0005
ConfliBERT-v2,current,single,1024,124,dev,Guinea-Bissau,2025,2,deteriorated,0.00044,0.99948,8e-05
ConfliBERT-v2,current,single,1024,124,dev,Guinea-Bissau,2025,2,deteriorated,0.00121,0.99858,0.00022
ConfliBERT-v2,current,single,1024,124,dev,Guinea-Bissau,2025,3,unchanged,0.99035,0.00098,0.00867
ConfliBERT-v2,current,single,1024,124,test,Guinea-Bissau,2025,12,unchanged,0.00322,0.99606,0.00072
ConfliBERT-v2,current,single,1024,124,dev,Guyana,2025,3,unchanged,0.99493,0.00035,0.00472
ConfliBERT-v2,current,single,1024,124,dev,Jordan,2025,2,unchanged,0.92104,0.03381,0.04515
ConfliBERT-v2,current,single,1024,124,test,Kazakhstan,2026,3,unchanged,0.99447,0.00033,0.0052
ConfliBERT-v2,current,single,1024,124,dev,Togo,2025,2,unchanged,0.99721,0.00011,0.00268
ConfliBERT-v2,current,single,1024,124,dev,Togo,2025,2,unchanged,0.99719,0.00011,0.0027
ConfliBERT-v2,current,single,1024,124,dev,Togo,2025,3,unchanged,0.99539,0.00025,0.00436
ConfliBERT-v2,current,single,1024,124,test,Togo,2025,7,unchanged,0.96008,0.01058,0.02933
ConfliBERT-v2,current,single,1024,124,test,Togo,2025,10,unchanged,0.99731,0.0001,0.00259
ConfliBERT-v2,current,single,1024,124,test,Papua New Guinea,2025,10,unchanged,0.99814,5e-05,0.00181
ConfliBERT-v2,current,single,1024,124,test,Cambodia,2025,7,unchanged,0.96597,0.00849,0.02554
ConfliBERT-v2,current,single,1024,124,test,Cambodia,2025,7,unchanged,0.96597,0.00849,0.02554
ConfliBERT-v2,current,single,1024,124,test,Brazil,2025,10,unchanged,0.00174,0.99794,0.00032
ConfliBERT-v2,current,single,1024,124,test,Angola,2025,7,deteriorated,0.00069,0.99918,0.00013
ConfliBERT-v2,current,single,1024,124,dev,Indonesia,2025,1,unchanged,0.99784,7e-05,0.00208
ConfliBERT-v2,current,single,1024,124,dev,Indonesia,2025,2,unchanged,0.99431,0.00043,0.00526
ConfliBERT-v2,current,single,1024,124,dev,Indonesia,2025,3,unchanged,0.98311,0.00259,0.0143
ConfliBERT-v2,current,single,1024,124,test,Indonesia,2025,6,unchanged,0.99773,8e-05,0.00218
ConfliBERT-v2,current,single,1024,124,test,Indonesia,2025,6,unchanged,0.99773,8e-05,0.00218
ConfliBERT-v2,current,single,1024,124,test,Indonesia,2025,7,unchanged,0.99741,0.0001,0.00249
ConfliBERT-v2,current,single,1024,124,test,Indonesia,2025,7,unchanged,0.99741,0.0001,0.00249
ConfliBERT-v2,current,single,1024,124,test,Indonesia,2025,10,unchanged,0.15075,0.82617,0.02307
ConfliBERT-v2,current,single,1024,124,test,Indonesia,2025,12,unchanged,0.99714,0.00012,0.00274
ConfliBERT-v2,current,single,1024,124,test,Ghana,2025,7,unchanged,0.99112,0.00089,0.00799
ConfliBERT-v2,current,single,1024,124,dev,South Africa,2025,1,unchanged,0.99582,0.00025,0.00393
ConfliBERT-v2,current,single,1024,124,dev,South Africa,2025,2,unchanged,0.99011,0.00109,0.0088
ConfliBERT-v2,current,single,1024,124,dev,South Africa,2025,2,unchanged,0.98999,0.00111,0.00891
ConfliBERT-v2,current,single,1024,124,dev,South Africa,2025,3,unchanged,0.99626,0.00019,0.00355
ConfliBERT-v2,current,single,1024,124,test,South Africa,2025,7,unchanged,0.99591,0.00023,0.00387
ConfliBERT-v2,current,single,1024,124,test,South Africa,2025,10,unchanged,0.99655,0.00017,0.00329
ConfliBERT-v2,current,single,1024,124,test,South Africa,2025,12,unchanged,0.99568,0.00025,0.00407
ConfliBERT-v2,current,single,1024,124,test,Qatar,2025,6,unchanged,0.00023,0.99973,4e-05
ConfliBERT-v2,current,single,1024,124,test,Qatar,2025,6,unchanged,0.00023,0.99973,4e-05
ConfliBERT-v2,current,single,1024,124,test,Morocco,2025,10,deteriorated,0.0017,0.99797,0.00033
ConfliBERT-v2,current,single,1024,124,dev,Comoros Islands,2025,1,unchanged,0.98321,0.00244,0.01436
ConfliBERT-v2,current,single,1024,124,dev,Russia/U.S.,2025,1,unchanged,0.99656,0.00016,0.00327
ConfliBERT-v2,current,single,1024,124,dev,Russia/U.S.,2025,2,unchanged,0.9922,0.00068,0.00712
ConfliBERT-v2,current,single,1024,124,dev,Amazon,2025,1,unchanged,0.96739,0.00762,0.02499
ConfliBERT-v2,current,single,1024,124,dev,Amazon,2025,2,unchanged,0.99285,0.00064,0.00651
ConfliBERT-v2,current,single,1024,124,dev,Amazon,2025,3,unchanged,0.99567,0.00026,0.00407
ConfliBERT-v2,current,single,1024,124,test,Amazon,2025,7,deteriorated,0.00263,0.99691,0.00046
ConfliBERT-v2,current,single,1024,124,test,Amazon,2025,10,unchanged,0.99122,0.00088,0.0079
ConfliBERT-v2,current,single,1024,124,test,Amazon,2025,12,unchanged,0.99651,0.00018,0.00331
ConfliBERT-v2,current,single,1024,124,test,China-U.S.,2025,6,unchanged,0.99459,0.00039,0.00502
ConfliBERT-v2,current,single,1024,124,test,China-U.S.,2025,6,unchanged,0.99459,0.00039,0.00502
ConfliBERT-v2,current,single,1024,124,test,China-U.S.,2025,10,improved,0.99298,0.00056,0.00646
ConfliBERT-v2,current,single,1024,124,test,China-U.S.,2025,12,unchanged,0.99667,0.00016,0.00317
ConfliBERT-v2,current,single,1024,124,dev,Cook Islands,2025,2,unchanged,0.97355,0.00519,0.02126
ConfliBERT-v2,current,single,1024,124,dev,Tasman Sea,2025,2,unchanged,0.98286,0.00268,0.01446
ConfliBERT-v2,current,single,1024,124,test,New Caledonia,2025,7,improved,0.96278,0.00915,0.02807
ConfliBERT-v2,current,single,1024,124,test,New Caledonia,2025,7,improved,0.96278,0.00915,0.02807
ConfliBERT-v2,current,single,1024,125,dev,Cameroon,2025,1,unchanged,1.0,0.0,0.0
ConfliBERT-v2,current,single,1024,125,dev,Cameroon,2025,2,unchanged,1.0,0.0,0.0
ConfliBERT-v2,current,single,1024,125,dev,Cameroon,2025,2,unchanged,1.0,0.0,0.0
ConfliBERT-v2,current,single,1024,125,dev,Cameroon,2025,3,unchanged,1.0,0.0,0.0
ConfliBERT-v2,current,single,1024,125,test,Cameroon,2025,7,unchanged,0.99999,0.0,1e-05
ConfliBERT-v2,current,single,1024,125,test,Cameroon,2025,12,unchanged,1.0,0.0,0.0
ConfliBERT-v2,current,single,1024,125,dev,Chad,2025,1,unchanged,0.30721,0.69231,0.00048
ConfliBERT-v2,current,single,1024,125,dev,Chad,2025,2,unchanged,1.0,0.0,0.0
ConfliBERT-v2,current,single,1024,125,dev,Chad,2025,2,unchanged,1.0,0.0,0.0
ConfliBERT-v2,current,single,1024,125,dev,Chad,2025,3,unchanged,1.0,0.0,0.0
ConfliBERT-v2,current,single,1024,125,test,Chad,2025,7,unchanged,1.0,0.0,0.0
ConfliBERT-v2,current,single,1024,125,test,Chad,2025,10,deteriorated,1.0,0.0,0.0
ConfliBERT-v2,current,single,1024,125,test,Chad,2025,12,unchanged,0.99779,0.00221,1e-05
ConfliBERT-v2,current,single,1024,125,dev,Gabon,2025,1,unchanged,1.0,0.0,0.0
ConfliBERT-v2,current,single,1024,125,dev,Gabon,2025,3,unchanged,1.0,0.0,0.0
ConfliBERT-v2,current,single,1024,125,dev,Kenya,2025,1,unchanged,1.0,0.0,0.0
ConfliBERT-v2,current,single,1024,125,dev,Kenya,2025,2,unchanged,1.0,0.0,0.0
ConfliBERT-v2,current,single,1024,125,dev,Kenya,2025,2,unchanged,1.0,0.0,0.0
ConfliBERT-v2,current,single,1024,125,dev,Kenya,2025,3,unchanged,0.99999,0.0,1e-05
ConfliBERT-v2,current,single,1024,125,test,Kenya,2025,7,deteriorated,4e-05,0.99994,2e-05
ConfliBERT-v2,current,single,1024,125,test,Kenya,2025,10,unchanged,0.06097,0.93899,4e-05
ConfliBERT-v2,current,single,1024,125,test,Kenya,2025,12,unchanged,0.99999,0.0,1e-05
ConfliBERT-v2,current,single,1024,125,dev,Mozambique,2025,1,improved,0.02759,0.0,0.97241
ConfliBERT-v2,current,single,1024,125,dev,Mozambique,2025,2,unchanged,0.9996,0.0004,0.0
ConfliBERT-v2,current,single,1024,125,dev,Mozambique,2025,2,unchanged,0.99957,0.00043,0.0
ConfliBERT-v2,current,single,1024,125,dev,Mozambique,2025,3,improved,0.0,0.0,1.0
ConfliBERT-v2,current,single,1024,125,test,Mozambique,2025,7,unchanged,1.0,0.0,0.0
ConfliBERT-v2,current,single,1024,125,test,Mozambique,2025,10,unchanged,1.0,0.0,0.0
ConfliBERT-v2,current,single,1024,125,test,Mozambique,2025,12,unchanged,1.0,0.0,0.0
ConfliBERT-v2,current,single,1024,125,dev,Tanzania,2025,1,unchanged,1.0,0.0,0.0
ConfliBERT-v2,current,single,1024,125,dev,Tanzania,2025,2,unchanged,1.0,0.0,0.0
ConfliBERT-v2,current,single,1024,125,dev,Tanzania,2025,2,unchanged,1.0,0.0,0.0
ConfliBERT-v2,current,single,1024,125,dev,Tanzania,2025,3,unchanged,1.0,0.0,0.0
ConfliBERT-v2,current,single,1024,125,test,Tanzania,2025,7,unchanged,1.0,0.0,0.0
ConfliBERT-v2,current,single,1024,125,test,Tanzania,2025,12,unchanged,0.99454,0.00543,4e-05
ConfliBERT-v2,current,single,1024,125,dev,Zimbabwe,2025,1,unchanged,1.0,0.0,0.0
ConfliBERT-v2,current,single,1024,125,dev,Zimbabwe,2025,2,unchanged,1.0,0.0,0.0
ConfliBERT-v2,current,single,1024,125,dev,Zimbabwe,2025,2,unchanged,1.0,0.0,0.0
ConfliBERT-v2,current,single,1024,125,dev,Zimbabwe,2025,3,deteriorated,0.08036,0.91964,0.0
ConfliBERT-v2,current,single,1024,125,test,Zimbabwe,2025,7,unchanged,1.0,0.0,0.0
ConfliBERT-v2,current,single,1024,125,test,Zimbabwe,2025,10,unchanged,1.0,0.0,0.0
ConfliBERT-v2,current,single,1024,125,test,Zimbabwe,2025,12,unchanged,1.0,0.0,0.0
ConfliBERT-v2,current,single,1024,125,test,Burundi,2025,7,unchanged,1.0,0.0,0.0
ConfliBERT-v2,current,single,1024,125,test,Burundi,2025,10,unchanged,1.0,0.0,0.0
ConfliBERT-v2,current,single,1024,125,test,DR Congo,2025,10,unchanged,0.99999,1e-05,0.0
ConfliBERT-v2,current,single,1024,125,test,DR Congo,2025,12,deteriorated,0.02909,0.9709,1e-05
ConfliBERT-v2,current,single,1024,125,dev,Rwanda,2025,2,unchanged,0.99997,2e-05,1e-05
ConfliBERT-v2,current,single,1024,125,dev,Rwanda,2025,2,unchanged,0.99993,5e-05,2e-05
ConfliBERT-v2,current,single,1024,125,dev,Rwanda,2025,3,unchanged,0.99999,0.0,1e-05
ConfliBERT-v2,current,single,1024,125,test,Rwanda,2025,7,unchanged,1.0,0.0,0.0
ConfliBERT-v2,current,single,1024,125,test,Rwanda,2025,10,unchanged,1.0,0.0,0.0
ConfliBERT-v2,current,single,1024,125,test,Rwanda,2025,12,unchanged,0.99589,0.00049,0.00362
ConfliBERT-v2,current,single,1024,125,dev,Uganda,2025,1,unchanged,1.0,0.0,0.0
ConfliBERT-v2,current,single,1024,125,dev,Uganda,2025,2,unchanged,0.97702,0.02298,0.0
ConfliBERT-v2,current,single,1024,125,dev,Uganda,2025,2,unchanged,0.9679,0.0321,0.0
ConfliBERT-v2,current,single,1024,125,dev,Uganda,2025,3,unchanged,0.96266,0.03733,1e-05
ConfliBERT-v2,current,single,1024,125,test,Uganda,2025,7,unchanged,0.99878,0.00121,1e-05
ConfliBERT-v2,current,single,1024,125,test,Uganda,2025,10,unchanged,0.08036,0.91964,0.0
ConfliBERT-v2,current,single,1024,125,dev,Eritrea,2025,1,unchanged,1.0,0.0,0.0
ConfliBERT-v2,current,single,1024,125,dev,Eritrea,2025,2,unchanged,0.99206,0.00794,0.0
ConfliBERT-v2,current,single,1024,125,dev,Eritrea,2025,2,unchanged,0.99206,0.00794,0.0
ConfliBERT-v2,current,single,1024,125,test,Eritrea,2025,7,unchanged,1.0,0.0,0.0
ConfliBERT-v2,current,single,1024,125,test,Eritrea,2025,10,unchanged,1.0,0.0,0.0
ConfliBERT-v2,current,single,1024,125,test,Eritrea,2025,12,unchanged,1.0,0.0,0.0
ConfliBERT-v2,current,single,1024,125,dev,Ethiopia,2025,1,unchanged,1.0,0.0,0.0
ConfliBERT-v2,current,single,1024,125,dev,Ethiopia,2025,2,unchanged,1.0,0.0,0.0
ConfliBERT-v2,current,single,1024,125,dev,Ethiopia,2025,2,unchanged,1.0,0.0,0.0
ConfliBERT-v2,current,single,1024,125,test,Ethiopia,2025,7,unchanged,0.99985,0.00015,0.0
ConfliBERT-v2,current,single,1024,125,test,Ethiopia,2025,10,unchanged,0.21998,0.77988,0.00014
ConfliBERT-v2,current,single,1024,125,test,Ethiopia,2025,12,deteriorated,4e-05,0.99996,0.0
ConfliBERT-v2,current,single,1024,125,test,Nile Waters,2025,7,unchanged,0.99996,0.0,4e-05
ConfliBERT-v2,current,single,1024,125,test,Nile Waters,2025,10,unchanged,0.99728,0.00271,1e-05
ConfliBERT-v2,current,single,1024,125,test,Nile Waters,2025,12,unchanged,1.0,0.0,0.0
ConfliBERT-v2,current,single,1024,125,dev,Somalia,2025,1,unchanged,1.0,0.0,0.0
ConfliBERT-v2,current,single,1024,125,dev,Somalia,2025,2,unchanged,0.99999,0.0,0.0
ConfliBERT-v2,current,single,1024,125,dev,Somalia,2025,2,unchanged,0.99999,0.0,1e-05
ConfliBERT-v2,current,single,1024,125,dev,Somalia,2025,3,unchanged,0.99999,0.0,1e-05
ConfliBERT-v2,current,single,1024,125,test,Somalia,2025,7,deteriorated,0.99999,0.0,1e-05
ConfliBERT-v2,current,single,1024,125,test,Somalia,2025,10,unchanged,0.99999,0.0,1e-05
ConfliBERT-v2,current,single,1024,125,test,Somalia,2025,12,unchanged,0.92414,1e-05,0.07586
ConfliBERT-v2,current,single,1024,125,dev,Somaliland,2025,1,unchanged,1.0,0.0,0.0
ConfliBERT-v2,current,single,1024,125,dev,Somaliland,2025,2,unchanged,1.0,0.0,0.0
ConfliBERT-v2,current,single,1024,125,dev,Somaliland,2025,2,unchanged,1.0,0.0,0.0
ConfliBERT-v2,current,single,1024,125,dev,Somaliland,2025,3,unchanged,0.70865,0.29083,0.00052
ConfliBERT-v2,current,single,1024,125,test,Somaliland,2025,7,unchanged,1.0,0.0,0.0
ConfliBERT-v2,current,single,1024,125,test,Somaliland,2025,10,unchanged,0.99998,0.0,2e-05
ConfliBERT-v2,current,single,1024,125,test,Somaliland,2025,12,unchanged,2e-05,0.99998,0.0
ConfliBERT-v2,current,single,1024,125,dev,South Sudan,2025,1,unchanged,0.99997,0.0,3e-05
ConfliBERT-v2,current,single,1024,125,dev,South Sudan,2025,2,unchanged,1.0,0.0,0.0
ConfliBERT-v2,current,single,1024,125,dev,South Sudan,2025,2,unchanged,1.0,0.0,0.0
ConfliBERT-v2,current,single,1024,125,test,South Sudan,2025,7,unchanged,1.0,0.0,0.0
ConfliBERT-v2,current,single,1024,125,test,South Sudan,2025,10,unchanged,1.0,0.0,0.0
ConfliBERT-v2,current,single,1024,125,test,South Sudan,2025,12,unchanged,1.0,0.0,0.0
ConfliBERT-v2,current,single,1024,125,dev,Sudan,2025,2,deteriorated,3e-05,0.99997,0.0
ConfliBERT-v2,current,single,1024,125,dev,Sudan,2025,2,deteriorated,2e-05,0.99998,0.0
ConfliBERT-v2,current,single,1024,125,dev,Sudan,2025,3,unchanged,2e-05,0.99967,0.00031
ConfliBERT-v2,current,single,1024,125,test,Sudan,2025,7,unchanged,0.0,0.99999,0.0
ConfliBERT-v2,current,single,1024,125,test,Sudan,2025,12,unchanged,0.08819,0.91177,5e-05
ConfliBERT-v2,current,single,1024,125,dev,Burkina Faso,2025,1,unchanged,1.0,0.0,0.0
ConfliBERT-v2,current,single,1024,125,dev,Burkina Faso,2025,2,unchanged,1.0,0.0,0.0
ConfliBERT-v2,current,single,1024,125,dev,Burkina Faso,2025,2,unchanged,1.0,0.0,0.0
ConfliBERT-v2,current,single,1024,125,dev,Burkina Faso,2025,3,deteriorated,1e-05,0.99999,0.0
ConfliBERT-v2,current,single,1024,125,test,Burkina Faso,2025,7,unchanged,0.03875,0.96119,5e-05
ConfliBERT-v2,current,single,1024,125,test,Burkina Faso,2025,10,unchanged,1.0,0.0,0.0
ConfliBERT-v2,current,single,1024,125,test,Burkina Faso,2025,12,unchanged,1.0,0.0,0.0
ConfliBERT-v2,current,single,1024,125,dev,Guinea,2025,1,unchanged,1.0,0.0,0.0
ConfliBERT-v2,current,single,1024,125,dev,Guinea,2025,2,unchanged,1.0,0.0,0.0
ConfliBERT-v2,current,single,1024,125,dev,Guinea,2025,2,unchanged,1.0,0.0,0.0
ConfliBERT-v2,current,single,1024,125,dev,Guinea,2025,3,unchanged,1.0,0.0,0.0
ConfliBERT-v2,current,single,1024,125,test,Guinea,2025,7,unchanged,1.0,0.0,0.0
ConfliBERT-v2,current,single,1024,125,test,Guinea,2025,10,unchanged,1.0,0.0,0.0
ConfliBERT-v2,current,single,1024,125,test,Guinea,2025,12,unchanged,0.58129,3e-05,0.41869
ConfliBERT-v2,current,single,1024,125,dev,Nigeria,2025,1,unchanged,1.0,0.0,0.0
ConfliBERT-v2,current,single,1024,125,dev,Nigeria,2025,2,unchanged,1.0,0.0,0.0
ConfliBERT-v2,current,single,1024,125,dev,Nigeria,2025,2,unchanged,1.0,0.0,0.0
ConfliBERT-v2,current,single,1024,125,dev,Nigeria,2025,3,unchanged,0.99999,1e-05,0.0
ConfliBERT-v2,current,single,1024,125,test,Nigeria,2025,7,unchanged,0.99958,0.00041,1e-05
ConfliBERT-v2,current,single,1024,125,test,Nigeria,2025,10,unchanged,1.0,0.0,0.0
ConfliBERT-v2,current,single,1024,125,test,Nigeria,2025,12,unchanged,0.99998,2e-05,0.0
ConfliBERT-v2,current,single,1024,125,dev,Senegal,2025,2,unchanged,0.00564,0.0,0.99436
ConfliBERT-v2,current,single,1024,125,dev,Senegal,2025,2,unchanged,0.01082,0.0,0.98918
ConfliBERT-v2,current,single,1024,125,dev,Kosovo,2025,1,unchanged,1.0,0.0,0.0
ConfliBERT-v2,current,single,1024,125,dev,Kosovo,2025,2,unchanged,1.0,0.0,0.0
ConfliBERT-v2,current,single,1024,125,dev,Kosovo,2025,3,unchanged,1.0,0.0,0.0
ConfliBERT-v2,current,single,1024,125,test,Kosovo,2025,7,unchanged,0.99961,0.00039,0.0
ConfliBERT-v2,current,single,1024,125,test,Kosovo,2025,10,unchanged,0.91667,4e-05,0.08329
ConfliBERT-v2,current,single,1024,125,test,Kosovo,2025,12,unchanged,0.2689,0.00016,0.73094
ConfliBERT-v2,current,single,1024,125,test,Kosovo,2026,3,unchanged,0.998,0.0019,0.00011
ConfliBERT-v2,current,single,1024,125,dev,Armenia,2025,1,unchanged,1.0,0.0,0.0
ConfliBERT-v2,current,single,1024,125,dev,Armenia,2025,2,unchanged,1.0,0.0,0.0
ConfliBERT-v2,current,single,1024,125,dev,Armenia,2025,3,unchanged,0.00639,0.0,0.99361
ConfliBERT-v2,current,single,1024,125,test,Armenia,2025,7,unchanged,0.0006,0.0,0.9994
ConfliBERT-v2,current,single,1024,125,test,Armenia,2025,10,unchanged,0.99999,0.0,1e-05
ConfliBERT-v2,current,single,1024,125,test,Armenia,2025,12,unchanged,1.0,0.0,0.0
ConfliBERT-v2,current,single,1024,125,test,Armenia,2026,3,unchanged,1.0,0.0,0.0
ConfliBERT-v2,current,single,1024,125,dev,Azerbaijan,2025,1,unchanged,1.0,0.0,0.0
ConfliBERT-v2,current,single,1024,125,dev,Azerbaijan,2025,2,unchanged,1.0,0.0,0.0
ConfliBERT-v2,current,single,1024,125,dev,Azerbaijan,2025,3,unchanged,0.00377,0.0,0.99623
ConfliBERT-v2,current,single,1024,125,test,Azerbaijan,2025,7,unchanged,0.00099,0.0,0.99901
ConfliBERT-v2,current,single,1024,125,test,Azerbaijan,2025,10,unchanged,1.0,0.0,0.0
ConfliBERT-v2,current,single,1024,125,test,Azerbaijan,2025,12,unchanged,1.0,0.0,0.0
ConfliBERT-v2,current,single,1024,125,test,Azerbaijan,2026,3,unchanged,0.99986,0.00011,4e-05
ConfliBERT-v2,current,single,1024,125,dev,Georgia,2025,1,unchanged,1.0,0.0,0.0
ConfliBERT-v2,current,single,1024,125,dev,Georgia,2025,2,unchanged,1.0,0.0,0.0
ConfliBERT-v2,current,single,1024,125,dev,Georgia,2025,3,unchanged,1.0,0.0,0.0
ConfliBERT-v2,current,single,1024,125,test,Georgia,2025,7,unchanged,1.0,0.0,0.0
ConfliBERT-v2,current,single,1024,125,test,Georgia,2025,10,unchanged,0.99828,0.00171,0.0
ConfliBERT-v2,current,single,1024,125,test,Georgia,2025,12,unchanged,1.0,0.0,0.0
ConfliBERT-v2,current,single,1024,125,test,Georgia,2026,3,unchanged,1.0,0.0,0.0
ConfliBERT-v2,current,single,1024,125,dev,Belarus,2025,1,unchanged,1.0,0.0,0.0
ConfliBERT-v2,current,single,1024,125,dev,Belarus,2025,2,unchanged,1.0,0.0,0.0
ConfliBERT-v2,current,single,1024,125,dev,Belarus,2025,3,unchanged,1.0,0.0,0.0
ConfliBERT-v2,current,single,1024,125,test,Belarus,2025,7,unchanged,1.0,0.0,0.0
ConfliBERT-v2,current,single,1024,125,test,Belarus,2025,10,unchanged,1.0,0.0,0.0
ConfliBERT-v2,current,single,1024,125,test,Belarus,2025,12,unchanged,1.0,0.0,0.0
ConfliBERT-v2,current,single,1024,125,test,Belarus,2026,3,unchanged,0.99813,0.0,0.00187
ConfliBERT-v2,current,single,1024,125,dev,Ukraine,2025,1,unchanged,1.0,0.0,0.0
ConfliBERT-v2,current,single,1024,125,dev,Ukraine,2025,2,unchanged,1.0,0.0,0.0
ConfliBERT-v2,current,single,1024,125,dev,Ukraine,2025,3,unchanged,0.99995,0.0,5e-05
ConfliBERT-v2,current,single,1024,125,test,Ukraine,2025,12,unchanged,0.99998,1e-05,1e-05
ConfliBERT-v2,current,single,1024,125,test,Ukraine,2026,3,unchanged,1.0,0.0,0.0
ConfliBERT-v2,current,single,1024,125,dev,Cyprus,2025,1,unchanged,0.99997,0.0,3e-05
ConfliBERT-v2,current,single,1024,125,dev,Cyprus,2025,2,unchanged,1.0,0.0,0.0
ConfliBERT-v2,current,single,1024,125,dev,Cyprus,2025,3,unchanged,0.96691,0.0,0.03309
ConfliBERT-v2,current,single,1024,125,test,Cyprus,2025,7,unchanged,0.99999,0.0,1e-05
ConfliBERT-v2,current,single,1024,125,test,Cyprus,2025,10,unchanged,1.0,0.0,0.0
ConfliBERT-v2,current,single,1024,125,test,Cyprus,2025,12,unchanged,1.0,0.0,0.0
ConfliBERT-v2,current,single,1024,125,test,Cyprus,2026,3,unchanged,1.0,0.0,0.0
ConfliBERT-v2,current,single,1024,125,dev,Türkiye,2025,1,unchanged,1.0,0.0,0.0
ConfliBERT-v2,current,single,1024,125,dev,Türkiye,2025,3,deteriorated,0.0,1.0,0.0
ConfliBERT-v2,current,single,1024,125,test,Türkiye,2025,7,improved,0.99918,0.0,0.00082
ConfliBERT-v2,current,single,1024,125,test,Türkiye,2025,10,unchanged,0.97241,0.0,0.02759
ConfliBERT-v2,current,single,1024,125,test,Türkiye,2025,12,unchanged,0.99982,0.0,0.00018
ConfliBERT-v2,current,single,1024,125,test,Türkiye,2026,3,unchanged,1.0,0.0,0.0
ConfliBERT-v2,current,single,1024,125,dev,Kyrgyzstan,2025,1,unchanged,0.99995,0.0,5e-05
ConfliBERT-v2,current,single,1024,125,dev,Kyrgyzstan,2025,2,unchanged,0.51562,0.0,0.48438
ConfliBERT-v2,current,single,1024,125,dev,Kyrgyzstan,2025,3,improved,1e-05,0.0,0.99999
ConfliBERT-v2,current,single,1024,125,test,Kyrgyzstan,2025,7,unchanged,1.0,0.0,0.0
ConfliBERT-v2,current,single,1024,125,test,Kyrgyzstan,2025,10,unchanged,1.0,0.0,0.0
ConfliBERT-v2,current,single,1024,125,test,Kyrgyzstan,2025,12,unchanged,1.0,0.0,0.0
ConfliBERT-v2,current,single,1024,125,test,Kyrgyzstan,2026,3,unchanged,1.0,0.0,0.0
ConfliBERT-v2,current,single,1024,125,dev,Tajikistan,2025,1,unchanged,0.99994,0.0,6e-05
ConfliBERT-v2,current,single,1024,125,dev,Tajikistan,2025,2,unchanged,0.03021,0.0,0.96979
ConfliBERT-v2,current,single,1024,125,dev,Tajikistan,2025,3,improved,0.0,0.0,1.0
ConfliBERT-v2,current,single,1024,125,test,Tajikistan,2025,7,unchanged,0.99998,0.0,2e-05
ConfliBERT-v2,current,single,1024,125,test,Tajikistan,2025,10,unchanged,0.99998,0.0,2e-05
ConfliBERT-v2,current,single,1024,125,test,Tajikistan,2025,12,unchanged,0.99937,0.00061,2e-05
ConfliBERT-v2,current,single,1024,125,test,Tajikistan,2026,3,unchanged,1.0,0.0,0.0
ConfliBERT-v2,current,single,1024,125,dev,Uzbekistan,2025,1,unchanged,0.99987,0.0,0.00013
ConfliBERT-v2,current,single,1024,125,dev,Uzbekistan,2025,2,unchanged,0.99998,0.0,2e-05
ConfliBERT-v2,current,single,1024,125,dev,Uzbekistan,2025,3,unchanged,0.99813,0.0,0.00187
ConfliBERT-v2,current,single,1024,125,test,Uzbekistan,2025,7,unchanged,1.0,0.0,0.0
ConfliBERT-v2,current,single,1024,125,test,Uzbekistan,2025,10,unchanged,1.0,0.0,0.0
ConfliBERT-v2,current,single,1024,125,test,Uzbekistan,2025,12,unchanged,1.0,0.0,0.0
ConfliBERT-v2,current,single,1024,125,test,Uzbekistan,2026,3,unchanged,1.0,0.0,0.0
ConfliBERT-v2,current,single,1024,125,dev,Lebanon,2025,1,unchanged,0.99999,0.0,1e-05
ConfliBERT-v2,current,single,1024,125,dev,Lebanon,2025,2,unchanged,0.99998,0.0,2e-05
ConfliBERT-v2,current,single,1024,125,dev,Lebanon,2025,3,unchanged,0.00067,0.99933,0.0
ConfliBERT-v2,current,single,1024,125,test,Lebanon,2025,6,unchanged,1.0,0.0,0.0
ConfliBERT-v2,current,single,1024,125,test,Lebanon,2025,6,unchanged,1.0,0.0,0.0
ConfliBERT-v2,current,single,1024,125,test,Lebanon,2025,7,unchanged,0.99995,4e-05,1e-05
ConfliBERT-v2,current,single,1024,125,test,Lebanon,2025,10,unchanged,0.99999,0.0,0.0
ConfliBERT-v2,current,single,1024,125,test,Lebanon,2025,12,unchanged,1.0,0.0,0.0
ConfliBERT-v2,current,single,1024,125,dev,Syria,2025,1,unchanged,0.99993,7e-05,0.0
ConfliBERT-v2,current,single,1024,125,dev,Syria,2025,2,unchanged,1.0,0.0,0.0
ConfliBERT-v2,current,single,1024,125,dev,Syria,2025,3,deteriorated,0.00025,0.99969,6e-05
ConfliBERT-v2,current,single,1024,125,test,Syria,2025,6,deteriorated,2e-05,0.99998,0.0
ConfliBERT-v2,current,single,1024,125,test,Syria,2025,6,deteriorated,2e-05,0.99998,0.0
ConfliBERT-v2,current,single,1024,125,test,Syria,2025,7,deteriorated,0.0,1.0,0.0
ConfliBERT-v2,current,single,1024,125,test,Syria,2025,10,improved,0.02229,0.0,0.97771
ConfliBERT-v2,current,single,1024,125,test,Syria,2025,12,deteriorated,1e-05,0.99999,0.0
ConfliBERT-v2,current,single,1024,125,dev,Iran,2025,1,unchanged,1.0,0.0,0.0
ConfliBERT-v2,current,single,1024,125,dev,Iran,2025,2,unchanged,0.99998,2e-05,0.0
ConfliBERT-v2,current,single,1024,125,dev,Iran,2025,3,unchanged,0.99954,0.00045,1e-05
ConfliBERT-v2,current,single,1024,125,test,Iran,2025,7,unchanged,0.99975,0.00024,1e-05
ConfliBERT-v2,current,single,1024,125,test,Iran,2025,10,unchanged,1.0,0.0,0.0
ConfliBERT-v2,current,single,1024,125,test,Iran,2025,12,deteriorated,0.00102,0.99898,0.0
ConfliBERT-v2,current,single,1024,125,dev,Iraq,2025,1,unchanged,1.0,0.0,0.0
ConfliBERT-v2,current,single,1024,125,dev,Iraq,2025,2,unchanged,1.0,0.0,0.0
ConfliBERT-v2,current,single,1024,125,dev,Iraq,2025,3,unchanged,1.0,0.0,0.0
ConfliBERT-v2,current,single,1024,125,test,Iraq,2025,6,unchanged,0.99813,0.00187,0.0
ConfliBERT-v2,current,single,1024,125,test,Iraq,2025,6,unchanged,0.99813,0.00187,0.0
ConfliBERT-v2,current,single,1024,125,test,Iraq,2025,7,unchanged,0.67918,0.0,0.32082
ConfliBERT-v2,current,single,1024,125,test,Iraq,2025,10,unchanged,1.0,0.0,0.0
ConfliBERT-v2,current,single,1024,125,test,Iraq,2025,12,unchanged,1.0,0.0,0.0
ConfliBERT-v2,current,single,1024,125,dev,Saudi Arabia,2025,1,unchanged,1.0,0.0,0.0
ConfliBERT-v2,current,single,1024,125,dev,Saudi Arabia,2025,2,unchanged,1.0,0.0,0.0
ConfliBERT-v2,current,single,1024,125,dev,Saudi Arabia,2025,3,unchanged,1.0,0.0,0.0
ConfliBERT-v2,current,single,1024,125,test,Saudi Arabia,2025,6,unchanged,0.99814,0.00186,0.0
ConfliBERT-v2,current,single,1024,125,test,Saudi Arabia,2025,6,unchanged,0.99814,0.00186,0.0
ConfliBERT-v2,current,single,1024,125,test,Saudi Arabia,2025,7,unchanged,1.0,0.0,0.0
ConfliBERT-v2,current,single,1024,125,test,Saudi Arabia,2025,10,unchanged,0.99999,0.0,1e-05
ConfliBERT-v2,current,single,1024,125,test,Saudi Arabia,2025,12,unchanged,0.07696,0.92302,2e-05
ConfliBERT-v2,current,single,1024,125,test,Yemen,2025,6,unchanged,0.99999,1e-05,1e-05
ConfliBERT-v2,current,single,1024,125,test,Yemen,2025,6,unchanged,0.99999,1e-05,1e-05
ConfliBERT-v2,current,single,1024,125,test,Yemen,2025,7,deteriorated,0.9988,0.00079,0.00041
ConfliBERT-v2,current,single,1024,125,dev,Algeria,2025,1,unchanged,1.0,0.0,0.0
ConfliBERT-v2,current,single,1024,125,dev,Algeria,2025,2,unchanged,0.00149,0.99851,0.0
ConfliBERT-v2,current,single,1024,125,dev,Algeria,2025,3,unchanged,0.99999,0.0,1e-05
ConfliBERT-v2,current,single,1024,125,test,Algeria,2025,6,unchanged,1.0,0.0,0.0
ConfliBERT-v2,current,single,1024,125,test,Algeria,2025,6,unchanged,1.0,0.0,0.0
ConfliBERT-v2,current,single,1024,125,test,Algeria,2025,7,unchanged,1.0,0.0,0.0
ConfliBERT-v2,current,single,1024,125,test,Algeria,2025,10,unchanged,1.0,0.0,0.0
ConfliBERT-v2,current,single,1024,125,test,Algeria,2025,12,unchanged,1.0,0.0,0.0
ConfliBERT-v2,current,single,1024,125,dev,Egypt,2025,1,unchanged,0.99998,0.0,2e-05
ConfliBERT-v2,current,single,1024,125,dev,Egypt,2025,2,unchanged,1.0,0.0,0.0
ConfliBERT-v2,current,single,1024,125,dev,Egypt,2025,3,unchanged,1.0,0.0,0.0
ConfliBERT-v2,current,single,1024,125,test,Egypt,2025,6,unchanged,1.0,0.0,0.0
ConfliBERT-v2,current,single,1024,125,test,Egypt,2025,6,unchanged,1.0,0.0,0.0
ConfliBERT-v2,current,single,1024,125,test,Egypt,2025,7,unchanged,1.0,0.0,0.0
ConfliBERT-v2,current,single,1024,125,test,Egypt,2025,10,unchanged,0.99988,0.0,0.00012
ConfliBERT-v2,current,single,1024,125,test,Egypt,2025,12,unchanged,1.0,0.0,0.0
ConfliBERT-v2,current,single,1024,125,dev,Libya,2025,1,unchanged,1.0,0.0,0.0
ConfliBERT-v2,current,single,1024,125,dev,Libya,2025,2,unchanged,1.0,0.0,0.0
ConfliBERT-v2,current,single,1024,125,dev,Libya,2025,3,unchanged,1.0,0.0,0.0
ConfliBERT-v2,current,single,1024,125,test,Libya,2025,6,unchanged,1.0,0.0,0.0
ConfliBERT-v2,current,single,1024,125,test,Libya,2025,6,unchanged,1.0,0.0,0.0
ConfliBERT-v2,current,single,1024,125,test,Libya,2025,7,unchanged,1.0,0.0,0.0
ConfliBERT-v2,current,single,1024,125,test,Libya,2025,10,unchanged,1.0,0.0,0.0
ConfliBERT-v2,current,single,1024,125,test,Libya,2025,12,unchanged,0.99997,0.0,3e-05
ConfliBERT-v2,current,single,1024,125,dev,Tunisia,2025,1,unchanged,1.0,0.0,0.0
ConfliBERT-v2,current,single,1024,125,dev,Tunisia,2025,2,unchanged,1.0,0.0,0.0
ConfliBERT-v2,current,single,1024,125,dev,Tunisia,2025,3,unchanged,1.0,0.0,0.0
ConfliBERT-v2,current,single,1024,125,test,Tunisia,2025,6,unchanged,1.0,0.0,0.0
ConfliBERT-v2,current,single,1024,125,test,Tunisia,2025,6,unchanged,1.0,0.0,0.0
ConfliBERT-v2,current,single,1024,125,test,Tunisia,2025,7,unchanged,1.0,0.0,0.0
ConfliBERT-v2,current,single,1024,125,test,Tunisia,2025,10,unchanged,0.99999,1e-05,0.0
ConfliBERT-v2,current,single,1024,125,test,Tunisia,2025,12,unchanged,1.0,0.0,0.0
ConfliBERT-v2,current,single,1024,125,dev,Western Sahara,2025,1,unchanged,1.0,0.0,0.0
ConfliBERT-v2,current,single,1024,125,dev,Western Sahara,2025,2,unchanged,1.0,0.0,0.0
ConfliBERT-v2,current,single,1024,125,dev,Western Sahara,2025,3,unchanged,0.99999,0.0,1e-05
ConfliBERT-v2,current,single,1024,125,test,Western Sahara,2025,6,unchanged,1.0,0.0,0.0
ConfliBERT-v2,current,single,1024,125,test,Western Sahara,2025,6,unchanged,1.0,0.0,0.0
ConfliBERT-v2,current,single,1024,125,test,Western Sahara,2025,7,unchanged,1.0,0.0,0.0
ConfliBERT-v2,current,single,1024,125,test,Western Sahara,2025,10,unchanged,0.99985,0.0,0.00015
ConfliBERT-v2,current,single,1024,125,test,Western Sahara,2025,12,unchanged,1.0,0.0,0.0
ConfliBERT-v2,current,single,1024,125,dev,Central African Republic,2025,1,unchanged,1.0,0.0,0.0
ConfliBERT-v2,current,single,1024,125,dev,Central African Republic,2025,2,unchanged,1.0,0.0,0.0
ConfliBERT-v2,current,single,1024,125,dev,Central African Republic,2025,2,unchanged,1.0,0.0,0.0
ConfliBERT-v2,current,single,1024,125,dev,Central African Republic,2025,3,unchanged,1.0,0.0,0.0
ConfliBERT-v2,current,single,1024,125,test,Central African Republic,2025,7,unchanged,1.0,0.0,0.0
ConfliBERT-v2,current,single,1024,125,test,Central African Republic,2025,10,unchanged,1.0,0.0,0.0
ConfliBERT-v2,current,single,1024,125,dev,Mali,2025,1,unchanged,1.0,0.0,0.0
ConfliBERT-v2,current,single,1024,125,dev,Mali,2025,2,unchanged,1.0,0.0,0.0
ConfliBERT-v2,current,single,1024,125,dev,Mali,2025,2,unchanged,1.0,0.0,0.0
ConfliBERT-v2,current,single,1024,125,dev,Mali,2025,3,unchanged,1.0,0.0,0.0
ConfliBERT-v2,current,single,1024,125,test,Mali,2025,7,deteriorated,0.99667,0.00327,6e-05
ConfliBERT-v2,current,single,1024,125,test,Mali,2025,12,unchanged,1.0,0.0,0.0
ConfliBERT-v2,current,single,1024,125,dev,Niger,2025,1,unchanged,1.0,0.0,0.0
ConfliBERT-v2,current,single,1024,125,dev,Niger,2025,2,unchanged,1.0,0.0,0.0
ConfliBERT-v2,current,single,1024,125,dev,Niger,2025,2,unchanged,1.0,0.0,0.0
ConfliBERT-v2,current,single,1024,125,dev,Niger,2025,3,deteriorated,0.99985,0.0,0.00015
ConfliBERT-v2,current,single,1024,125,test,Niger,2025,7,unchanged,1.0,0.0,0.0
ConfliBERT-v2,current,single,1024,125,test,Niger,2025,10,unchanged,1.0,0.0,0.0
ConfliBERT-v2,current,single,1024,125,test,Niger,2025,12,unchanged,1.0,0.0,0.0
ConfliBERT-v2,current,single,1024,125,dev,Benin,2025,1,deteriorated,0.01957,0.98034,9e-05
ConfliBERT-v2,current,single,1024,125,dev,Benin,2025,2,unchanged,1.0,0.0,0.0
ConfliBERT-v2,current,single,1024,125,dev,Benin,2025,2,unchanged,1.0,0.0,0.0
ConfliBERT-v2,current,single,1024,125,dev,Benin,2025,3,unchanged,1.0,0.0,0.0
ConfliBERT-v2,current,single,1024,125,test,Benin,2025,7,unchanged,1.0,0.0,0.0
ConfliBERT-v2,current,single,1024,125,test,Benin,2025,10,unchanged,1.0,0.0,0.0
ConfliBERT-v2,current,single,1024,125,test,Benin,2025,12,deteriorated,0.69588,0.30401,0.00011
ConfliBERT-v2,current,single,1024,125,dev,Moldova,2025,1,deteriorated,0.01912,0.98087,0.0
ConfliBERT-v2,current,single,1024,125,dev,Moldova,2025,2,unchanged,1.0,0.0,0.0
ConfliBERT-v2,current,single,1024,125,test,Moldova,2026,3,unchanged,1.0,0.0,0.0
ConfliBERT-v2,current,single,1024,125,test,Israel/Palestine,2025,12,unchanged,0.99997,0.0,3e-05
ConfliBERT-v2,current,single,1024,125,dev,Colombia,2025,2,unchanged,0.17106,0.82893,1e-05
ConfliBERT-v2,current,single,1024,125,dev,Colombia,2025,3,unchanged,1.0,0.0,0.0
ConfliBERT-v2,current,single,1024,125,test,Colombia,2025,7,unchanged,1.0,0.0,0.0
ConfliBERT-v2,current,single,1024,125,test,Colombia,2025,10,deteriorated,0.00027,0.99971,2e-05
ConfliBERT-v2,current,single,1024,125,test,Colombia,2025,12,unchanged,0.27513,0.72486,1e-05
ConfliBERT-v2,current,single,1024,125,dev,Ecuador,2025,1,deteriorated,0.00083,0.99915,1e-05
ConfliBERT-v2,current,single,1024,125,dev,Ecuador,2025,2,unchanged,0.99999,0.0,1e-05
ConfliBERT-v2,current,single,1024,125,dev,Ecuador,2025,3,unchanged,1.0,0.0,0.0
ConfliBERT-v2,current,single,1024,125,test,Ecuador,2025,7,unchanged,1.0,0.0,0.0
ConfliBERT-v2,current,single,1024,125,test,Ecuador,2025,10,unchanged,0.99999,0.0,0.0
ConfliBERT-v2,current,single,1024,125,test,Ecuador,2025,12,unchanged,0.99999,0.0,1e-05
ConfliBERT-v2,current,single,1024,125,dev,Venezuela,2025,1,unchanged,0.99998,0.0,2e-05
ConfliBERT-v2,current,single,1024,125,dev,Venezuela,2025,2,unchanged,1.0,0.0,0.0
ConfliBERT-v2,current,single,1024,125,dev,Venezuela,2025,3,unchanged,1.0,0.0,0.0
ConfliBERT-v2,current,single,1024,125,test,Venezuela,2025,7,unchanged,1.0,0.0,0.0
ConfliBERT-v2,current,single,1024,125,dev,El Salvador,2025,1,unchanged,0.99881,0.0,0.00119
ConfliBERT-v2,current,single,1024,125,dev,El Salvador,2025,2,unchanged,1.0,0.0,0.0
ConfliBERT-v2,current,single,1024,125,dev,El Salvador,2025,3,unchanged,1.0,0.0,0.0
ConfliBERT-v2,current,single,1024,125,test,El Salvador,2025,7,deteriorated,0.99999,0.0,1e-05
ConfliBERT-v2,current,single,1024,125,test,El Salvador,2025,10,unchanged,1.0,0.0,0.0
ConfliBERT-v2,current,single,1024,125,test,El Salvador,2025,12,unchanged,1.0,0.0,0.0
ConfliBERT-v2,current,single,1024,125,test,Honduras,2025,12,deteriorated,0.01473,0.98518,0.0001
ConfliBERT-v2,current,single,1024,125,dev,Mexico,2025,1,unchanged,1.0,0.0,0.0
ConfliBERT-v2,current,single,1024,125,dev,Mexico,2025,2,unchanged,1.0,0.0,0.0
ConfliBERT-v2,current,single,1024,125,dev,Mexico,2025,3,unchanged,1.0,0.0,0.0
ConfliBERT-v2,current,single,1024,125,test,Mexico,2025,7,unchanged,1.0,0.0,0.0
ConfliBERT-v2,current,single,1024,125,test,Mexico,2025,10,unchanged,1.0,0.0,0.0
ConfliBERT-v2,current,single,1024,125,test,Mexico,2025,12,unchanged,1.0,0.0,0.0
ConfliBERT-v2,current,single,1024,125,dev,Nicaragua,2025,1,unchanged,0.99999,0.0,1e-05
ConfliBERT-v2,current,single,1024,125,dev,Nicaragua,2025,2,deteriorated,1.0,0.0,0.0
ConfliBERT-v2,current,single,1024,125,dev,Nicaragua,2025,3,unchanged,1.0,0.0,0.0
ConfliBERT-v2,current,single,1024,125,test,Nicaragua,2025,7,unchanged,1.0,0.0,0.0
ConfliBERT-v2,current,single,1024,125,test,Nicaragua,2025,10,unchanged,1.0,0.0,0.0
ConfliBERT-v2,current,single,1024,125,test,Nicaragua,2025,12,unchanged,1.0,0.0,0.0
ConfliBERT-v2,current,single,1024,125,dev,Haiti,2025,1,unchanged,1.0,0.0,0.0
ConfliBERT-v2,current,single,1024,125,dev,Haiti,2025,2,unchanged,1.0,0.0,0.0
ConfliBERT-v2,current,single,1024,125,dev,Haiti,2025,3,deteriorated,0.99855,0.00143,2e-05
ConfliBERT-v2,current,single,1024,125,test,Haiti,2025,7,unchanged,1.0,0.0,0.0
ConfliBERT-v2,current,single,1024,125,test,Haiti,2025,10,unchanged,1.0,0.0,0.0
ConfliBERT-v2,current,single,1024,125,test,Haiti,2025,12,unchanged,0.99904,0.00094,2e-05
ConfliBERT-v2,current,single,1024,125,dev,China/Japan,2025,1,unchanged,1.0,0.0,0.0
ConfliBERT-v2,current,single,1024,125,dev,China/Japan,2025,2,unchanged,1.0,0.0,0.0
ConfliBERT-v2,current,single,1024,125,dev,China/Japan,2025,3,unchanged,1.0,0.0,0.0
ConfliBERT-v2,current,single,1024,125,test,China/Japan,2025,6,unchanged,1.0,0.0,0.0
ConfliBERT-v2,current,single,1024,125,test,China/Japan,2025,6,unchanged,1.0,0.0,0.0
ConfliBERT-v2,current,single,1024,125,test,China/Japan,2025,7,unchanged,1.0,0.0,0.0
ConfliBERT-v2,current,single,1024,125,test,China/Japan,2025,7,unchanged,1.0,0.0,0.0
ConfliBERT-v2,current,single,1024,125,test,China/Japan,2025,10,unchanged,1.0,0.0,0.0
ConfliBERT-v2,current,single,1024,125,test,China/Japan,2025,12,unchanged,1.0,0.0,0.0
ConfliBERT-v2,current,single,1024,125,dev,Korean Peninsula,2025,1,unchanged,0.99999,0.0,1e-05
ConfliBERT-v2,current,single,1024,125,dev,Korean Peninsula,2025,2,unchanged,1.0,0.0,0.0
ConfliBERT-v2,current,single,1024,125,dev,Korean Peninsula,2025,3,unchanged,1.0,0.0,0.0
ConfliBERT-v2,current,single,1024,125,test,Korean Peninsula,2025,6,unchanged,0.99992,0.0,8e-05
ConfliBERT-v2,current,single,1024,125,test,Korean Peninsula,2025,6,unchanged,0.99992,0.0,8e-05
ConfliBERT-v2,current,single,1024,125,test,Korean Peninsula,2025,7,unchanged,1.0,0.0,0.0
ConfliBERT-v2,current,single,1024,125,test,Korean Peninsula,2025,7,unchanged,1.0,0.0,0.0
ConfliBERT-v2,current,single,1024,125,test,Korean Peninsula,2025,10,unchanged,0.99999,0.0,1e-05
ConfliBERT-v2,current,single,1024,125,test,Korean Peninsula,2025,12,unchanged,1.0,0.0,0.0
ConfliBERT-v2,current,single,1024,125,dev,Taiwan Strait,2025,1,unchanged,1.0,0.0,0.0
ConfliBERT-v2,current,single,1024,125,dev,Taiwan Strait,2025,2,unchanged,1.0,0.0,0.0
ConfliBERT-v2,current,single,1024,125,dev,Taiwan Strait,2025,3,unchanged,1.0,0.0,0.0
ConfliBERT-v2,current,single,1024,125,test,Taiwan Strait,2025,6,unchanged,1.0,0.0,0.0
ConfliBERT-v2,current,single,1024,125,test,Taiwan Strait,2025,6,unchanged,1.0,0.0,0.0
ConfliBERT-v2,current,single,1024,125,test,Taiwan Strait,2025,7,unchanged,1.0,0.0,0.0
ConfliBERT-v2,current,single,1024,125,test,Taiwan Strait,2025,7,unchanged,1.0,0.0,0.0
ConfliBERT-v2,current,single,1024,125,test,Taiwan Strait,2025,10,unchanged,1.0,0.0,0.0
ConfliBERT-v2,current,single,1024,125,test,Taiwan Strait,2025,12,deteriorated,0.94748,0.05181,0.00072
ConfliBERT-v2,current,single,1024,125,dev,Afghanistan,2025,1,unchanged,1.0,0.0,0.0
ConfliBERT-v2,current,single,1024,125,dev,Afghanistan,2025,2,unchanged,1.0,0.0,0.0
ConfliBERT-v2,current,single,1024,125,dev,Afghanistan,2025,3,unchanged,1.0,0.0,0.0
ConfliBERT-v2,current,single,1024,125,test,Afghanistan,2025,7,unchanged,1.0,0.0,0.0
ConfliBERT-v2,current,single,1024,125,test,Afghanistan,2025,7,unchanged,1.0,0.0,0.0
ConfliBERT-v2,current,single,1024,125,test,Afghanistan,2025,12,unchanged,1.0,0.0,0.0
ConfliBERT-v2,current,single,1024,125,dev,Bangladesh,2025,1,unchanged,1.0,0.0,0.0
ConfliBERT-v2,current,single,1024,125,dev,Bangladesh,2025,2,unchanged,1.0,0.0,0.0
ConfliBERT-v2,current,single,1024,125,dev,Bangladesh,2025,3,unchanged,1.0,0.0,0.0
ConfliBERT-v2,current,single,1024,125,test,Bangladesh,2025,6,unchanged,1.0,0.0,0.0
ConfliBERT-v2,current,single,1024,125,test,Bangladesh,2025,6,unchanged,1.0,0.0,0.0
ConfliBERT-v2,current,single,1024,125,test,Bangladesh,2025,7,unchanged,0.99995,5e-05,1e-05
ConfliBERT-v2,current,single,1024,125,test,Bangladesh,2025,7,unchanged,0.99995,5e-05,1e-05
ConfliBERT-v2,current,single,1024,125,test,Bangladesh,2025,10,unchanged,0.99986,0.0,0.00014
ConfliBERT-v2,current,single,1024,125,test,Bangladesh,2025,12,deteriorated,0.00044,0.99955,0.0
ConfliBERT-v2,current,single,1024,125,dev,India,2025,1,unchanged,1.0,0.0,0.0
ConfliBERT-v2,current,single,1024,125,dev,India,2025,2,unchanged,1.0,0.0,0.0
ConfliBERT-v2,current,single,1024,125,dev,India,2025,3,unchanged,1.0,0.0,0.0
ConfliBERT-v2,current,single,1024,125,test,India,2025,6,unchanged,1.0,0.0,0.0
ConfliBERT-v2,current,single,1024,125,test,India,2025,6,unchanged,1.0,0.0,0.0
ConfliBERT-v2,current,single,1024,125,test,India,2025,7,unchanged,1.0,0.0,0.0
ConfliBERT-v2,current,single,1024,125,test,India,2025,7,unchanged,1.0,0.0,0.0
ConfliBERT-v2,current,single,1024,125,test,India,2025,10,improved,0.99965,0.0,0.00035
ConfliBERT-v2,current,single,1024,125,test,India,2025,12,unchanged,1.0,0.0,0.0
ConfliBERT-v2,current,single,1024,125,dev,Pakistan,2025,1,unchanged,1.0,0.0,0.0
ConfliBERT-v2,current,single,1024,125,dev,Pakistan,2025,2,unchanged,0.99999,0.0,0.0
ConfliBERT-v2,current,single,1024,125,dev,Pakistan,2025,3,unchanged,3e-05,0.99996,0.0
ConfliBERT-v2,current,single,1024,125,test,Pakistan,2025,6,unchanged,1.0,0.0,0.0
ConfliBERT-v2,current,single,1024,125,test,Pakistan,2025,6,unchanged,1.0,0.0,0.0
ConfliBERT-v2,current,single,1024,125,test,Pakistan,2025,7,unchanged,1.0,0.0,0.0
ConfliBERT-v2,current,single,1024,125,test,Pakistan,2025,7,unchanged,1.0,0.0,0.0
ConfliBERT-v2,current,single,1024,125,test,Pakistan,2025,12,unchanged,1.0,0.0,0.0
ConfliBERT-v2,current,single,1024,125,dev,Sri Lanka,2025,1,unchanged,1.0,0.0,0.0
ConfliBERT-v2,current,single,1024,125,dev,Sri Lanka,2025,2,unchanged,1.0,0.0,0.0
ConfliBERT-v2,current,single,1024,125,dev,Sri Lanka,2025,3,unchanged,0.99999,0.0,1e-05
ConfliBERT-v2,current,single,1024,125,test,Sri Lanka,2025,6,unchanged,1.0,0.0,0.0
ConfliBERT-v2,current,single,1024,125,test,Sri Lanka,2025,6,unchanged,1.0,0.0,0.0
ConfliBERT-v2,current,single,1024,125,test,Sri Lanka,2025,7,unchanged,0.99999,0.0,1e-05
ConfliBERT-v2,current,single,1024,125,test,Sri Lanka,2025,7,unchanged,0.99999,0.0,1e-05
ConfliBERT-v2,current,single,1024,125,test,Sri Lanka,2025,10,unchanged,1.0,0.0,0.0
ConfliBERT-v2,current,single,1024,125,test,Sri Lanka,2025,12,unchanged,0.79307,0.20689,4e-05
ConfliBERT-v2,current,single,1024,125,dev,Myanmar,2025,1,unchanged,0.99933,2e-05,0.00065
ConfliBERT-v2,current,single,1024,125,dev,Myanmar,2025,2,unchanged,0.055,0.94498,2e-05
ConfliBERT-v2,current,single,1024,125,dev,Myanmar,2025,3,unchanged,0.99999,0.0,1e-05
ConfliBERT-v2,current,single,1024,125,test,Myanmar,2025,6,unchanged,0.99999,0.0,1e-05
ConfliBERT-v2,current,single,1024,125,test,Myanmar,2025,6,unchanged,0.99999,0.0,1e-05
ConfliBERT-v2,current,single,1024,125,test,Myanmar,2025,7,unchanged,0.99996,2e-05,2e-05
ConfliBERT-v2,current,single,1024,125,test,Myanmar,2025,7,unchanged,0.99996,2e-05,2e-05
ConfliBERT-v2,current,single,1024,125,test,Myanmar,2025,10,unchanged,0.9993,0.00052,0.00019
ConfliBERT-v2,current,single,1024,125,test,Myanmar,2025,12,unchanged,0.0007,0.9993,0.0
ConfliBERT-v2,current,single,1024,125,dev,Philippines,2025,1,unchanged,1.0,0.0,0.0
ConfliBERT-v2,current,single,1024,125,dev,Philippines,2025,2,unchanged,1.0,0.0,0.0
ConfliBERT-v2,current,single,1024,125,dev,Philippines,2025,3,unchanged,1.0,0.0,0.0
ConfliBERT-v2,current,single,1024,125,test,Philippines,2025,6,unchanged,1.0,0.0,0.0
ConfliBERT-v2,current,single,1024,125,test,Philippines,2025,6,unchanged,1.0,0.0,0.0
ConfliBERT-v2,current,single,1024,125,test,Philippines,2025,7,unchanged,1.0,0.0,0.0
ConfliBERT-v2,current,single,1024,125,test,Philippines,2025,7,unchanged,1.0,0.0,0.0
ConfliBERT-v2,current,single,1024,125,test,Philippines,2025,10,unchanged,0.99993,0.0,7e-05
ConfliBERT-v2,current,single,1024,125,test,Philippines,2025,12,unchanged,0.99999,0.0,1e-05
ConfliBERT-v2,current,single,1024,125,dev,South China Sea,2025,1,unchanged,1.0,0.0,0.0
ConfliBERT-v2,current,single,1024,125,dev,South China Sea,2025,2,unchanged,1.0,0.0,0.0
ConfliBERT-v2,current,single,1024,125,dev,South China Sea,2025,3,unchanged,1.0,0.0,0.0
ConfliBERT-v2,current,single,1024,125,test,South China Sea,2025,6,unchanged,1.0,0.0,0.0
ConfliBERT-v2,current,single,1024,125,test,South China Sea,2025,6,unchanged,1.0,0.0,0.0
ConfliBERT-v2,current,single,1024,125,test,South China Sea,2025,7,unchanged,1.0,0.0,0.0
ConfliBERT-v2,current,single,1024,125,test,South China Sea,2025,7,unchanged,1.0,0.0,0.0
ConfliBERT-v2,current,single,1024,125,test,South China Sea,2025,10,unchanged,1.0,0.0,0.0
ConfliBERT-v2,current,single,1024,125,test,South China Sea,2025,12,unchanged,1.0,0.0,0.0
ConfliBERT-v2,current,single,1024,125,dev,Thailand,2025,1,unchanged,1.0,0.0,0.0
ConfliBERT-v2,current,single,1024,125,dev,Thailand,2025,2,unchanged,1.0,0.0,0.0
ConfliBERT-v2,current,single,1024,125,dev,Thailand,2025,3,unchanged,0.94048,0.05919,0.00033
ConfliBERT-v2,current,single,1024,125,test,Thailand,2025,6,deteriorated,1e-05,0.99999,0.0
ConfliBERT-v2,current,single,1024,125,test,Thailand,2025,6,deteriorated,1e-05,0.99999,0.0
ConfliBERT-v2,current,single,1024,125,test,Thailand,2025,7,unchanged,0.00014,0.99923,0.00063
ConfliBERT-v2,current,single,1024,125,test,Thailand,2025,7,unchanged,0.00014,0.99923,0.00063
ConfliBERT-v2,current,single,1024,125,test,Thailand,2025,10,improved,0.99931,0.0,0.00069
ConfliBERT-v2,current,single,1024,125,test,Thailand,2025,12,unchanged,0.82788,0.16049,0.01163
ConfliBERT-v2,current,single,1024,125,test,Guatemala,2025,10,unchanged,0.99997,0.0,3e-05
ConfliBERT-v2,current,single,1024,125,dev,Bolivia,2025,1,unchanged,1.0,0.0,0.0
ConfliBERT-v2,current,single,1024,125,dev,Bolivia,2025,2,unchanged,0.99997,0.0,3e-05
ConfliBERT-v2,current,single,1024,125,test,Bolivia,2025,10,improved,0.00041,0.0,0.99959
ConfliBERT-v2,current,single,1024,125,test,Bolivia,2025,12,unchanged,0.99999,0.0,1e-05
ConfliBERT-v2,current,single,1024,125,dev,Peru,2025,3,unchanged,0.99997,0.0,3e-05
ConfliBERT-v2,current,single,1024,125,test,Peru,2025,10,deteriorated,0.98606,0.01385,9e-05
ConfliBERT-v2,current,single,1024,125,test,Madagascar,2025,10,deteriorated,0.00027,0.99973,0.0
ConfliBERT-v2,current,single,1024,125,dev,Guinea-Bissau,2025,2,deteriorated,0.0,1.0,0.0
ConfliBERT-v2,current,single,1024,125,dev,Guinea-Bissau,2025,2,deteriorated,7e-05,0.99993,0.0
ConfliBERT-v2,current,single,1024,125,dev,Guinea-Bissau,2025,3,unchanged,1.0,0.0,0.0
ConfliBERT-v2,current,single,1024,125,test,Guinea-Bissau,2025,12,unchanged,0.99995,0.0,5e-05
ConfliBERT-v2,current,single,1024,125,dev,Guyana,2025,3,unchanged,1.0,0.0,0.0
ConfliBERT-v2,current,single,1024,125,dev,Jordan,2025,2,unchanged,0.99999,1e-05,0.0
ConfliBERT-v2,current,single,1024,125,test,Kazakhstan,2026,3,unchanged,0.99892,0.0,0.00108
ConfliBERT-v2,current,single,1024,125,dev,Togo,2025,2,unchanged,1.0,0.0,0.0
ConfliBERT-v2,current,single,1024,125,dev,Togo,2025,2,unchanged,0.99999,0.0,1e-05
ConfliBERT-v2,current,single,1024,125,dev,Togo,2025,3,unchanged,0.83548,0.0,0.16452
ConfliBERT-v2,current,single,1024,125,test,Togo,2025,7,unchanged,1.0,0.0,0.0
ConfliBERT-v2,current,single,1024,125,test,Togo,2025,10,unchanged,1.0,0.0,0.0
ConfliBERT-v2,current,single,1024,125,test,Papua New Guinea,2025,10,unchanged,0.98636,0.0,0.01364
ConfliBERT-v2,current,single,1024,125,test,Cambodia,2025,7,unchanged,0.01172,0.90943,0.07885
ConfliBERT-v2,current,single,1024,125,test,Cambodia,2025,7,unchanged,0.01172,0.90943,0.07885
ConfliBERT-v2,current,single,1024,125,test,Brazil,2025,10,unchanged,4e-05,0.99992,4e-05
ConfliBERT-v2,current,single,1024,125,test,Angola,2025,7,deteriorated,1e-05,0.99999,0.0
ConfliBERT-v2,current,single,1024,125,dev,Indonesia,2025,1,unchanged,1.0,0.0,0.0
ConfliBERT-v2,current,single,1024,125,dev,Indonesia,2025,2,unchanged,1.0,0.0,0.0
ConfliBERT-v2,current,single,1024,125,dev,Indonesia,2025,3,unchanged,1.0,0.0,0.0
ConfliBERT-v2,current,single,1024,125,test,Indonesia,2025,6,unchanged,1.0,0.0,0.0
ConfliBERT-v2,current,single,1024,125,test,Indonesia,2025,6,unchanged,1.0,0.0,0.0
ConfliBERT-v2,current,single,1024,125,test,Indonesia,2025,7,unchanged,0.99999,0.0,1e-05
ConfliBERT-v2,current,single,1024,125,test,Indonesia,2025,7,unchanged,0.99999,0.0,1e-05
ConfliBERT-v2,current,single,1024,125,test,Indonesia,2025,10,unchanged,1.0,0.0,0.0
ConfliBERT-v2,current,single,1024,125,test,Indonesia,2025,12,unchanged,1.0,0.0,0.0
ConfliBERT-v2,current,single,1024,125,test,Ghana,2025,7,unchanged,1.0,0.0,0.0
ConfliBERT-v2,current,single,1024,125,dev,South Africa,2025,1,unchanged,1.0,0.0,0.0
ConfliBERT-v2,current,single,1024,125,dev,South Africa,2025,2,unchanged,1.0,0.0,0.0
ConfliBERT-v2,current,single,1024,125,dev,South Africa,2025,2,unchanged,1.0,0.0,0.0
ConfliBERT-v2,current,single,1024,125,dev,South Africa,2025,3,unchanged,1.0,0.0,0.0
ConfliBERT-v2,current,single,1024,125,test,South Africa,2025,7,unchanged,1.0,0.0,0.0
ConfliBERT-v2,current,single,1024,125,test,South Africa,2025,10,unchanged,1.0,0.0,0.0
ConfliBERT-v2,current,single,1024,125,test,South Africa,2025,12,unchanged,1.0,0.0,0.0
ConfliBERT-v2,current,single,1024,125,test,Qatar,2025,6,unchanged,0.0,1.0,0.0
ConfliBERT-v2,current,single,1024,125,test,Qatar,2025,6,unchanged,0.0,1.0,0.0
ConfliBERT-v2,current,single,1024,125,test,Morocco,2025,10,deteriorated,8e-05,0.99992,0.0
ConfliBERT-v2,current,single,1024,125,dev,Comoros Islands,2025,1,unchanged,1.0,0.0,0.0
ConfliBERT-v2,current,single,1024,125,dev,Russia/U.S.,2025,1,unchanged,1.0,0.0,0.0
ConfliBERT-v2,current,single,1024,125,dev,Russia/U.S.,2025,2,unchanged,0.99996,0.0,4e-05
ConfliBERT-v2,current,single,1024,125,dev,Amazon,2025,1,unchanged,0.99999,0.0,1e-05
ConfliBERT-v2,current,single,1024,125,dev,Amazon,2025,2,unchanged,1.0,0.0,0.0
ConfliBERT-v2,current,single,1024,125,dev,Amazon,2025,3,unchanged,1.0,0.0,0.0
ConfliBERT-v2,current,single,1024,125,test,Amazon,2025,7,deteriorated,0.00949,0.9905,1e-05
ConfliBERT-v2,current,single,1024,125,test,Amazon,2025,10,unchanged,0.99994,0.0,6e-05
ConfliBERT-v2,current,single,1024,125,test,Amazon,2025,12,unchanged,1.0,0.0,0.0
ConfliBERT-v2,current,single,1024,125,test,China-U.S.,2025,6,unchanged,0.99999,0.0,1e-05
ConfliBERT-v2,current,single,1024,125,test,China-U.S.,2025,6,unchanged,0.99999,0.0,1e-05
ConfliBERT-v2,current,single,1024,125,test,China-U.S.,2025,10,improved,0.00066,0.0,0.99934
ConfliBERT-v2,current,single,1024,125,test,China-U.S.,2025,12,unchanged,1.0,0.0,0.0
ConfliBERT-v2,current,single,1024,125,dev,Cook Islands,2025,2,unchanged,0.99971,0.00022,7e-05
ConfliBERT-v2,current,single,1024,125,dev,Tasman Sea,2025,2,unchanged,0.99991,9e-05,0.0
ConfliBERT-v2,current,single,1024,125,test,New Caledonia,2025,7,improved,0.00236,0.0,0.99764
ConfliBERT-v2,current,single,1024,125,test,New Caledonia,2025,7,improved,0.00236,0.0,0.99764
